num_ratings,mean_rating,std_rating,num_items,pct_extreme,pct_zero,pct_five,rating_skewness,rating_kurtosis,median_rating,item_entropy,mean_deviation,std_deviation,abs_deviation,gini_items,pct_low,rdma,wdma,wda,length_var,mean_var,fmd,fmtd,mean_item_pop,std_item_pop,pct_popular_items,recon_error,cosine_sim_to_normal,mahal_dist,degsim_pearson,top5_corating_overlap,class
2.4237351385324755,-0.5256666677346735,-0.13676943000697114,2.4237351385324755,-0.8803747529965009,-0.3797924069366323,-0.7932897032529226,-0.027221448811611468,-0.039902349702713516,-0.8978604870465134,1.556182204933977,-0.38935604127093404,-0.5878658698343334,-0.8744639889162393,0.6725931625652282,0.006748481228262969,-0.2892543079260753,1.0010078015560282,-0.525666667734672,2.6111568726468777,-0.6836061961587242,-0.1488561683060666,0.7181582689185307,-1.1214071042169356,-0.8212190023434826,0.008776151764908995,0.9706369664861106,1.8500317465082488,0.6220277267651739,1.1252075910851242,1.5110401488110865,0
-0.25799355204173063,0.8351940209284773,0.3318319226370312,-0.25799355204173063,0.9714597258748235,-0.3797924069366323,1.1170606938231786,-0.6352055304690363,-0.13143050749385396,0.607698256476604,0.13436722277296587,0.5971136572533001,0.1543150678234557,0.09562423026907955,0.35558411344838065,-0.3651810136714586,0.2882986841900188,-0.17720885395162647,0.8351940209284793,-0.8201353953450581,-0.13937219066444645,0.055432049703827556,0.49727391186546155,-0.5134229277454586,1.117285128902885,-0.3779446864225541,0.5364271420926856,-0.1322416986269209,-0.9845011552381399,-0.14222049173868956,-0.23809321611334483,0
0.7981949783998027,-0.6453738208710653,-0.7517845527751572,0.7981949783998027,-1.0819882901355091,-0.3797924069366323,-1.0012740048327096,0.28984696507696806,0.17815374114642615,-0.8978604870465134,0.9209123153199541,-0.354509216184272,-0.452982383529221,-0.7739641916074821,0.5792160268988887,-0.09299918869862896,-0.773835846408028,0.353872139907545,-0.6453738208710628,0.0357326311003903,-0.622014782255193,0.018619235605501414,0.7175652062890633,-0.21229615396650045,-0.6140151962118711,-0.2490738588655498,0.05392428574469338,1.1588910621027508,-0.5913952471877766,0.7769522921306509,0.8739061222652865,0
-0.4312744828172947,0.10793994833331826,0.042305743565860546,-0.4312744828172947,-0.30545324603638385,-0.17599041051923178,-0.26186038621367336,-0.3029306525645034,0.20111738021568817,0.607698256476604,-0.07339132010383004,0.07361067782878662,-0.4688246150946568,-0.6700376920067197,0.2642269825551969,-0.08370330136991977,-0.1452535788139791,-0.6700048963126322,0.10793994833332066,-0.5455977858401025,-0.6371315504237496,0.21544411191753018,0.11526996707309532,-0.30579323746779585,0.14691995590929896,-0.12725065469056548,0.14349015969981302,-0.3494207671162432,-0.27937426133151855,-0.36112015023423827,-0.45678408861929776,0
-0.8768540190973166,-1.6074412356633812,1.7257186069476318,-0.8768540190973166,-0.1625240419649166,1.3923988662581548,-0.5889215543666348,0.5934579367707884,-0.8447776095331211,-0.8978604870465134,-0.9197358380434665,-1.939105850199823,1.2452991438711551,1.3923157919454097,-0.3537103810639017,1.9434352590254176,0.38868383204834134,-0.6362283341646777,-1.6074412356633814,0.16035606717264014,1.4468198737622957,-2.039340523011893,-1.4465418554109533,-0.13231698848152498,-0.43771643632559415,1.1916179470298998,-1.2402633835072894,-1.2112575908270558,-0.3081485849256603,-1.1010012064313774,-1.5103171463022125,0
-0.3982685912409968,-1.6358248778460005,1.930811222789782,-0.3982685912409968,0.34972223136813924,2.7556229225618374,-0.47292413501856373,0.3208426720815915,-0.7339678095817099,-0.8978604870465134,-0.030644373771887286,-1.6113749561073025,1.9570678486468158,1.4020260592216465,0.28447279361394456,1.531482660145296,0.3112988328880704,0.45789231677008285,-1.6358248778459994,-0.5978906638410465,1.8205588886105828,-0.8722909227904635,-2.102743267433634,0.3194077083042094,0.6823043219217402,-0.12725065469056548,-0.4220718705985617,-0.4254794805995589,-0.2915292589225032,-0.9967610509285253,-1.1162058380350883,0
0.06381389082717406,0.05607672658963246,-0.17754668225528877,0.06381389082717406,-0.26809674951770485,-0.252416159175757,-0.2002013135290988,0.24968279530520018,0.3182114276422955,-0.8978604870465134,0.43886911026850184,0.6406864963630937,0.33321105998187484,0.0039940886634285975,0.4616236403779665,-0.5383717905366044,1.3069132826175565,-0.20127783580517417,0.056076726589634605,-1.1277839044206115,-0.0012181449176491721,0.7435311736762591,0.3263027782987737,-1.3772714472339787,-0.6039531761986034,-0.12725065469056548,0.9061742678038375,-0.5528840572642243,-0.8393885374695345,-0.8263612853445726,-0.2569468406724069,0
1.903892346205783,-0.8809204542840128,0.31324160921913385,1.903892346205783,-0.7338337491957516,-0.3797924069366323,-0.6421181660595361,0.9022358661307017,-0.6670813043904108,-0.8978604870465134,1.3902068354368489,-0.6058594897039636,-0.1783948805516423,-0.38193573947458054,0.6531791438352199,1.1517690138401937,0.12540492016428895,1.2655848120518993,-0.8809204542840109,1.787544044132011,-0.4207893438158018,-0.5805456142349662,0.9865035536761446,-1.1569032993350707,-0.5333000175909955,-0.04804966816427414,0.6600016527319547,1.4327546739392787,0.8113728826364799,1.3673540375739326,1.573281097611263,0
0.6579199392005366,0.3657928313599208,-0.5959079270534916,0.6579199392005366,-0.19724822163745168,-0.3797924069366323,-0.088577130220817,1.1666783390076234,-0.6529668041154001,0.607698256476604,0.8438389507135124,0.4024737525687266,-0.5300482782605339,-0.6228224013739911,0.563725359941467,-0.7906486638359875,-0.8398550167442406,0.5510414580220303,0.3657928313599222,-0.18651210040362132,-0.5950880692408441,0.5145764206599999,0.3944736500394952,0.033434991046097304,-0.7101213797383111,-0.12725065469056548,0.44408585253825716,1.2402038113194591,-0.3438114950596494,1.3867385686842515,0.9969863087650404,0
-0.7943392901565718,-0.10220713197876076,0.7773261873804997,-0.7943392901565718,-0.2414135377186484,-0.3797924069366323,-0.13413802136705438,-0.325449060652861,-0.4507499231999748,0.607698256476604,-0.7053398175446092,-0.45209935788680367,0.7668987443886415,0.2857101291271584,-0.1493660147877476,0.3414412599287984,0.6065211310399767,-0.6265934698275325,-0.10220713197876025,0.029623872170280265,0.1542289028455002,-0.7347801864386615,0.6910322891340522,1.198569651744255,2.633635736399537,-0.12725065469056548,-1.1108389474973344,-0.44085627997726223,-0.3008297884164064,0.03379131220912005,-0.2629179609669883,0
-0.4477774286054437,-0.2946495132169278,-0.6606812981189428,-0.4477774286054437,-1.080028765688992,-0.3797924069366323,-0.9992525615843013,-0.23639606811905267,-0.03485313806663576,-0.8978604870465134,-0.0954104008040992,-0.4245690447976958,-0.8698783188069776,-1.0125569223666075,0.2534843072995359,-0.1984248496568754,-1.2157568918605695,-0.6026699198885077,-0.2946495132169256,-0.5194513468396306,-0.8108429794295245,-0.0717652981331929,0.5183541056886649,1.351157684212105,-1.017917609025323,0.49181011754557236,-0.6839217002210213,0.4044378044719665,-0.35917105840228947,0.5317030808157356,-0.013726258619818736,0
-0.2332391333595072,-1.899060269055777,1.4665233751481086,-0.2332391333595072,-0.2379705426478025,2.5786236700901495,-1.0256372865645342,0.08653862080833792,-0.7700212523553187,-0.8978604870465134,0.16106016668625944,-1.904414046295312,1.7223732960679914,1.4981144192064901,0.36610912852823924,1.8576378136643705,0.13787377541483717,0.7122527352707171,-1.8990602690557754,-0.859355053845766,1.8694254159223802,-0.9687672900082037,-3.760618460054081,-0.23184481424704442,-1.2010666881845267,-0.12725065469056548,-0.678228274181181,-0.5652315807983858,0.05870158160613085,-0.18819202877395658,-0.1888767734557239,0
0.715680249459058,0.1627030915666667,-0.37756844828895536,0.715680249459058,-0.4517531654568168,-0.29451960508834757,-0.37692292352463713,0.05002364770547617,0.2371254870568659,0.607698256476604,0.8762377308644607,0.12889298029878457,-0.6219323488152994,-0.8152131957314488,0.5703707531255177,-0.46694612069033564,-0.6247713141240243,0.3330753761307636,0.16270309156666848,-0.09499956390196956,-0.7019774122999448,0.3810713921673623,0.24191270191041472,-0.0742989338203629,-0.06386313808012058,-0.5080118828023311,0.5048235472320871,1.401592937087505,-0.6384775812495511,1.1061661558323617,0.9010780055995044,0
1.0539906381161117,-1.0788522167624592,0.3155177159527002,1.0539906381161117,-0.8604640514567566,0.3480718659826552,-0.9929608194736304,-0.4932075185487758,0.05988553624826972,-0.8978604870465134,1.0487984419962482,-1.080609039028419,0.07003299830135397,-0.1943744947420954,0.6026212531085146,0.6957283943443969,0.33210113382485534,0.7580637883454453,-1.078852216762458,0.4410024356077054,-0.07746356810594794,-0.738371611899761,-2.4368611743371362,-0.6976146366023842,-0.09883707500650815,-0.12725065469056548,-0.07262960223432711,1.1137628450310164,-0.010036803170057776,1.2752500552755284,1.0930105605715168,0
-0.5880524678047098,0.1838430248246386,-0.3852015813360656,-0.5880524678047098,-0.6854748896338091,-0.3797924069366323,-0.5922312201038638,-0.7984562226523538,0.6688258650064227,0.607698256476604,-0.3030577386600485,0.34359773116039016,-0.1264363596189895,-0.4822505529027963,0.14075252992532072,-0.504182353079626,-0.6928915772026509,-0.6886201813715693,0.1838430248246403,-0.2972066153356191,-0.4007827684649324,0.6436292214705928,0.3559180467836466,0.42257783865738024,0.3714443271623915,-0.5017442082655142,-0.2191306959935532,-0.3765165799149973,-0.2621168317760969,-0.42574438155068517,-0.6228582189508216,0
-0.21673618757135824,-0.057303909689854396,-0.7590039885972311,-0.21673618757135824,-0.9648250576041771,-0.3797924069366323,-0.8804085439382957,-0.19922601746512572,0.23252824304580683,0.607698256476604,0.17849905706078564,0.11968691135606803,-0.22065648620287862,-0.5807485512936379,0.37284736569576954,-0.49835046609336103,-0.8775930328729441,-0.2502520330207766,-0.05730390968985293,-0.8855014928462379,-0.4971823970149269,0.5444614593246557,0.41647513455785284,1.0088131388902801,-0.7130781031900374,0.35424105704865055,-0.49581178083460364,0.4846950780391381,-0.8801240519238148,0.778725021154615,0.5466370930756569,0
-0.08471262126616656,-1.1096836546016726,2.5166216254370397,-0.08471262126616656,0.9446740177436326,3.638838508336054,-0.12638411383629805,-0.1898817134452095,-0.772170556741598,-0.8978604870465134,0.3087921997764689,-1.2589532433405288,2.5609539221004387,1.6263011584398608,0.41992012111963456,1.06664872755885,0.12099003543625345,1.222027953652277,-1.1096836546016713,-1.0946730048500135,2.206637154794766,-0.15616096356371575,-2.3309007821980514,0.5901165975466904,-0.39517662761692424,0.29998846981043,-0.20372126716171013,0.22197957712841798,0.8714953423941116,0.043064423970287195,-0.19511218154321794,0
0.5836566831538663,-0.7413229505661447,0.34826244632407466,0.5836566831538663,-0.665951813337716,0.25994480154848143,-0.7656398948741895,-0.3644209662923432,0.20269543702530768,-0.8978604870465134,0.8007161148343129,-0.46083449860160136,0.3554394239772553,-0.22705177125420692,0.5545682550478778,0.46642147476001117,-0.4247134545262171,0.6555342886067678,-0.7413229505661431,-0.3041710759057451,-0.1222982101789406,-0.049897419402819096,-1.0948799258046482,-0.4177437171026031,-0.9151982947915595,0.008776151764908995,0.575919609025781,0.6151182883900997,-0.18535913592003286,-0.21701815290665455,0.3194397212884061,0
0.5011419542131215,1.4890112803999254,-0.7866541926698566,0.5011419542131215,1.2673780252289342,-0.3797924069366323,1.4223296836401085,-1.163623551580967,1.3329549893439838,0.607698256476604,0.7507115978425063,1.8040738907664233,-0.33405963765478347,0.8454155964487239,0.5434861041072845,-0.9515127267021496,0.3640269916849914,1.3443725517447058,1.489011280399929,-0.4349032709081049,0.5007824233268453,1.7667914633970858,0.025259885415534096,0.16467451367335098,-0.09422014146036278,-0.2696636961908962,1.3333163071468495,1.0276851901048532,0.9442068516865185,1.059952722175904,0.903143956890106,0
0.4598845897427491,-0.4933832799955732,0.6363441023780247,0.4598845897427491,-0.25372886624128993,-0.3797924069366323,-0.14684250062898613,0.7260910479309005,-0.7384943279435876,-0.8978604870465134,0.7248218460267032,-0.3164795620749759,0.1163707030226389,-0.19094676220370688,0.5375454318482615,0.8001976775695093,0.3288995337681302,0.31696879159734725,-0.4933832799955717,-0.5002693684092847,-0.3011081729360599,-0.5435961453234351,0.9457692788283132,-0.7884314339188506,0.4570156883090184,-0.12725065469056548,0.7418983064822924,0.44046862608699583,-0.6871220026138058,0.35528514703341935,0.5650142485231624,0
1.3427921894087185,-1.0481683481983737,-1.3978560478563296,1.3427921894087185,-1.2020091624846783,-0.3797924069366323,-1.125087403797719,0.8906321817207756,-0.18868366234154207,-0.8978604870465134,1.1771710215994513,-1.0294249079819429,-1.0845197283532302,-0.7820818766623919,0.623509788327855,0.24696469075130562,-0.6851190311613984,0.7369398027609873,-1.0481683481983717,0.8985651181159644,-0.6860705528774351,-0.7958170636416325,-1.2802991889019373,-0.4567670366031211,-0.7122852108970323,-0.030952312342722263,0.24558340695271905,1.5580307828293773,0.00722743112622742,1.1234483654132248,1.2578792005794175,0
-0.3075023894061775,0.49988650949508817,-1.5953850955026077,-0.3075023894061775,-0.994112138380726,-0.3797924069366323,-0.9106210640252854,0.35507836868148446,-0.41001758941866334,0.607698256476604,0.07893625728406307,0.30816254050666086,-1.1819940403748268,-1.0618907545573757,0.3328866896239888,-1.0757072777335956,-0.6473689128033581,-0.691019807961198,0.49988650949509017,-0.7416960783436422,-0.9040994456509324,0.8623958656912651,0.08558650349646331,0.09446184063483323,0.9074167149863989,0.1365230656535262,-0.21548709953790388,0.10598005327756,-0.2410421022432366,0.5797908806963951,0.2285256593818364,0
-0.6870701425336035,-0.3091524173102386,-1.2674617854299814,-0.6870701425336035,-1.1153854024413647,-0.3797924069366323,-1.0357264288925383,1.1353453858868052,-0.2845245022618846,-0.8978604870465134,-0.4778163876618818,0.17845922810553227,-1.3144033429875948,-1.3260638315527922,0.027732435984927042,-0.6923240984626097,0.6111522801345007,-1.1286244387607454,-0.3091524173102378,-0.1403279813327873,-0.9797087527940943,0.7369471312369831,0.5157735414209597,-2.1293721269078856,-1.518144126395417,-0.5668735219307194,-0.6478794836093807,-1.5579519231844394,0.526198517523754,-1.2808637953227942,-1.1703787330221382,0
-1.190409989072147,0.032502534887956645,-0.7551220909101992,-1.190409989072147,-1.2020091624846783,-0.3797924069366323,-1.125087403797719,-1.4219752442280025,0.29729859758323135,0.607698256476604,-2.8262018940435865,-0.00440884351235251,-0.38220205788023903,-0.5674508693769047,-5.789270524009687,-0.24903729743053238,-0.33405366664546243,-1.2925262064281065,0.03250253488795745,0.6571384081816072,-0.6782616979090035,0.5459629009630654,-1.2802991889019373,-2.042080591999596,-2.807104144364265,-0.12725065469056548,-1.7986851886284656,-2.4893469052284556,0.7667198561983755,-2.872038595858454,-2.719389555317365,0
-0.3570112267706244,-1.585249336016012,2.098297224885165,-0.3570112267706244,0.33337711644818085,1.6769249881013546,-0.16343214174471932,0.8168331421803743,-0.918579450080221,-0.8978604870465134,0.020534390344368065,-1.1679799034808853,2.351136318287754,1.9355385707712078,0.3076904668464519,2.0186170522081457,0.7966381553779253,0.5498780027058467,-1.5852493360160096,-0.6632567613422263,1.9108150025236,-1.4596623114890994,-0.7227607692856481,0.14994387378131643,-0.21356277222915362,-0.4055440293655245,-0.410838316388897,-0.6263791616057723,-0.1642028333809762,-0.6383499620601378,0.41039368454914554,1
-1.0418834769788061,0.7578622795548945,-0.9072994491590288,-1.0418834769788061,-0.28246463279411976,-0.3797924069366323,-0.17648628557349308,-0.060534720286896354,0.34037997220961547,0.607698256476604,-1.541576955057023,0.45323259414825584,-1.4105685681283204,-1.4023783935625342,-1.2339630357919633,-0.8213472837941915,-1.435439513500935,-1.1519662610416783,0.7578622795548939,0.42182045717735966,-0.9465477448742076,0.7838952730716969,0.1075751936203013,2.322534435817691,0.9646461608047151,2.2061322560456422,-1.2606859368854728,-0.9034225503433663,0.4987507909812711,-0.9488920654457879,-1.3607086618396143,0
-0.6128068864869333,-0.1851053885121248,-0.3097341596902626,-0.6128068864869333,-0.6656081868318525,-0.3797924069366323,-0.5717367515002539,0.22904553355904922,0.18999814206474946,-0.8978604870465134,-0.34419120313379753,-0.4184844654895226,-0.41247705150646835,-0.7139646996008395,0.11575770145773322,-0.39741396056185146,-0.3718556586292649,-0.740321226984477,-0.1851053885121242,-0.2579869568349111,-0.5973372024804051,-0.39672717831314613,0.588174724819114,0.8202921146301452,0.09666211838799868,0.6505436488881682,-0.7230947994974047,-0.1609619135737198,-0.17740395481321028,0.1855653915264713,-0.3852618501253859,0
-0.522040684652114,-0.7197525710980924,0.6883246253021295,-0.522040684652114,-0.3289584573290357,-0.3797924069366323,-0.22444926346123492,0.7845806487853754,-0.6013886427651594,-0.8978604870465134,-0.2004023922306594,-0.6048488680887866,0.2798677824909984,-0.038516509885295876,0.19916740993945214,0.7076706573022261,-0.15070634327189408,-0.44091327296036,-0.7197525710980909,-0.4017923713375068,-0.14677681790809702,-0.8949564153225706,1.0609516977667028,-0.12471212464059209,0.18135228986807864,-0.4680818663711362,-0.25223953845852637,-0.4009853613699637,-0.6302725462614102,-0.8165721283830346,-1.1377614884129876,1
-0.8438481275210187,0.2965334819467223,-0.19208440150532197,-0.8438481275210187,-0.12614206274672493,-0.3797924069366323,-0.015224095475374764,0.2950563153675902,-0.1360209454236125,0.607698256476604,-0.8288575987574143,0.14567326396518973,-0.49255786566983545,-0.6881534690735983,-0.2621641049721849,-0.5466384903396352,0.13277190937865943,-1.011988043313342,0.2965334819467223,0.10806318917169627,-0.6455420346634464,0.14186825022589059,0.4659245926399205,-0.9519217946945451,1.179533655049938,1.0861084588922643,-0.48800589313342707,-1.2457785856662742,0.26923431194566155,-1.5612576482222151,-1.565587328528931,0
-0.7860878172624973,0.14830558184355544,-0.23943685714943488,-0.7860878172624973,-0.5728471158542963,-0.3797924069366323,-0.476044533433775,-0.4732428704885501,0.3124180042519896,0.607698256476604,-0.6860489162337158,-0.3641949514863193,7.59393619017606e-06,-0.5762915689310395,-0.13287506593037388,-0.37956413642575293,-1.0843264884840325,-0.7340312966813596,0.14830558184355733,0.0165506526700443,-0.37877580634613867,-0.33603027752081877,0.4125509707127471,1.9724865920017087,0.49504606074220536,-0.6594257045075973,-0.8983473279564715,-0.05379129475363745,-0.12846674574342185,-0.17837594941186335,-0.6081268737051924,0
0.22884334870866366,-0.08274906898690086,0.5394306774879003,0.22884334870866366,-0.5046878941360048,0.41277091246436975,-0.6455168384732493,-1.5837406796488476,0.8579019607874923,0.607698256476604,0.5672417062203091,-0.1695338013791372,0.47157522810908997,-0.19554975522193718,0.4981785770118123,0.02651936267048863,-0.34651197306415343,0.33358438783159394,-0.08274906898690046,-0.8663195144158921,-0.07470298801113606,0.3797196572294872,-1.406113869425532,0.12241548102938478,-0.20591824934629252,-0.12725065469056548,0.6813334171503422,0.7108474680827679,-0.6758955950972569,0.44891006578223797,0.37725913061887645,0
-0.48903479307581604,1.5838364404175684,-0.5254880968475208,-0.48903479307581604,1.6901066970259493,-0.3797924069366323,1.8584161131978303,-1.739580373546992,1.528434988094573,0.607698256476604,-0.1524866572261098,1.5187162933854788,-0.700766223861804,0.42083468535505864,0.22460614801012613,-0.7912616931131867,-0.19136223541842906,-0.20727690227924575,1.5838364404175715,-0.45408524933845074,0.019635351294375953,1.3965051952378769,0.101592976454257,0.39512462046593133,0.09702719260643267,-0.45342245941713205,0.546759426688622,-0.0801314645769732,-0.9077916532139035,-0.16952965852539326,-0.38056710373654096,0
0.8146979241879517,-0.6700271620384683,-0.23637060528952175,0.8146979241879517,-0.9162542887162975,-0.3797924069366323,-0.8303029925567245,0.5760281010631404,-0.34760616681677914,-0.8978604870465134,0.9296316199024466,-0.4670707025654309,-0.534914201322292,-0.7769882949573197,0.5809005053306341,0.4261314115819296,-0.7413247438287544,0.33656574207931433,-0.6700271620384659,0.06187907010086223,-0.6450830131475566,-0.23438323869204555,0.7901987356803661,-0.21861278436572984,-0.6685222430722374,-0.006398153337694191,0.7482823331073515,1.1989702455237883,-0.6056523859512962,0.6700730301905341,0.8303610703182775,0
-0.6870701425336035,0.8934730144274087,-0.051750511108521316,-0.6870701425336035,0.6170897984249049,-0.3797924069366323,0.7514930692110758,-0.735025582723787,0.1061620609632537,0.607698256476604,-0.4778163876618818,1.1746914645002429,-0.16522867202868993,0.33706964101807285,0.027732435984927042,-0.40478671400937033,-0.10716364771974123,-0.5634033029673121,0.8934730144274131,-0.1403279813327873,0.00010077885558513535,1.168584516598182,0.2990061429337133,-0.36297101762726,0.49061591676625493,-0.5668735219307194,0.29708268004210237,-0.851985760206819,-0.43025326256559365,-1.3417587344344077,-1.2691200323337275,1
1.4170554454553888,-0.19450820001706629,-0.6741865140585858,1.4170554454553888,-1.0359802890683274,-0.3797924069366323,-0.9538122018961226,-0.04283754307319461,-0.3332928242752747,-0.1450811152849547,1.207874662790392,0.04370179684113723,-0.6476289552078814,-0.8439201478974621,0.6281516850432627,-0.15718507739685866,-0.5398574903333869,0.5387524612448413,-0.1945082000170654,1.0162240936180886,-0.7241363303892426,0.5107281125658557,0.47448451313767437,-0.5679206346045249,-0.8246342797718086,-0.12725065469056548,0.8223436434306077,1.3658902346403328,-0.1931938838381814,1.1071343814806913,1.3632056316121064,0
1.425306918349463,-0.5564895777815967,-0.9404954098347351,1.425306918349463,-1.0916638189218113,-0.3797924069366323,-1.011255269610812,0.8960428308095592,-0.32802123945711104,-0.8978604870465134,1.2112333932719304,-0.366247830782878,-1.0486802172644216,-1.1257134198796948,0.6286515816126146,-0.11931370052143629,-0.7280980291529191,0.3253311266824167,-0.5564895777815948,1.0292973131183245,-0.8901010457635758,0.00837377335568504,0.6637151067118523,-0.559742159772204,-0.6806242617074817,-0.22058597112001418,0.46373389801330456,1.524354386077285,-0.34658693560371406,1.294884740535269,1.2578735674470642,0
-1.0253805311906572,1.9184378710219954,-0.9673583138082344,-1.0253805311906572,2.4269076421869897,-0.3797924069366323,2.618499152051458,-0.9837615425534618,-0.24724394295231722,2.1132569999997215,-1.460806120176158,2.3409368694988753,-0.7502782139433899,1.4581454397375821,-1.089350099658068,-1.0757072777335956,3.9731226605455383,-1.083104249515063,1.9184378710219967,0.39567401817688774,0.9597216256722967,2.2707530617406477,0.05971745629194828,-2.310581333760995,-1.0816295281565143,-0.12725065469056548,-0.8156981832662838,-2.0847033465115414,0.4619919341015414,-1.924683797120351,-1.6390295262999528,0
-0.3487597538765499,0.7525869359573168,-1.0366177312687554,-0.3487597538765499,-0.33262160714087763,-0.3797924069366323,-0.22822816474936003,0.19553796206078752,0.08122729348398501,0.607698256476604,0.030487951879522614,0.7689449919196192,-1.2835036139748175,-0.8875276890378399,0.31208071778496205,-0.8953429183947454,-0.28158537305941067,-0.7293411174379946,0.752586935957319,-0.6763299808424623,-0.7630586202978307,1.2125400982160877,0.09739269631639627,-0.995709624665333,-0.0865006080609359,0.42427621511980806,0.6542297812412249,-0.49930026315442455,-0.14874040082342455,-1.402155390387585,-1.0713663392160426,0
0.11332272819162094,0.5437500657676656,-1.255956709038545,0.11332272819162094,-0.8059402837324198,-0.3797924069366323,-0.716503187213188,-0.23093329699782672,0.3542867353100149,0.607698256476604,0.47899293033280466,0.7151724270719121,-0.7983440401355146,-0.5282082366394789,0.4735150053070496,-0.8765096921183996,-0.4640867725977714,-0.1237989833430742,0.5437500657676665,-1.0493445874191956,-0.5985302840218857,1.3152338941574808,0.10541387645063337,-0.2587806461492118,-0.3354992828154135,0.23821895783438077,0.6218912367089369,0.35288609528223863,-1.0782295349558413,0.6631551931579881,0.43382845399459286,0
0.1298256739797699,-2.9086585250353654,2.2707424955835074,0.1298256739797699,0.7903373185115316,4.836568215651595,-0.6479636270718435,1.575959023249873,-0.9139902387192922,-2.403419230569631,0.49204586898417557,-2.735451543949255,1.9816662763542905,2.869694780012365,0.4772900417924718,3.0970078609390095,1.0067744301527939,2.2414329585008734,-2.908658525035364,-1.0231981484187238,3.1801861065392925,-2.225756651548219,-2.511781322654736,0.5066597012937486,-0.2805978479702421,-0.12725065469056548,-0.5145040621184318,0.30082762135866264,2.5107819766530057,-0.05228843871811441,-0.14941715074800282,0
-0.4725318472876671,-0.17594294963212154,-0.8815768965062541,-0.4725318472876671,-0.9503443438325255,-0.3797924069366323,-0.8654702556521414,0.5307382205014454,0.15493075669137685,-0.8978604870465134,-0.12929626256851112,0.12597752325144435,-0.8195407739547526,-0.9436154305643809,0.23652218847480713,-0.5884070788181057,0.5281799817919576,-0.8853168457638552,-0.17594294963211948,-0.4802316883389227,-0.7961713078089186,0.5701804576249145,0.48991118304571485,-1.2783983168521704,-0.6544872735959499,0.19205437519965363,0.11384693738268782,-0.8445792381368633,0.10436091867260602,-1.588034661863439,-1.1606012582536094,0
-0.7943392901565718,0.6386960357881837,0.9419473041540826,-0.7943392901565718,1.0393806286360578,-0.3797924069366323,1.1871278218738317,-0.6050896327635298,-0.49822621927915706,0.607698256476604,-0.7053398175446092,0.22160947340584145,1.4400065627763876,1.0030877165660301,-0.1493660147877476,0.3414412599287984,-0.2054654676469674,-0.45323862771617973,0.6386960357881842,0.029623872170280265,0.7128373398098719,-1.0825152251425008,0.7051132282628806,0.976508745951332,-0.3290063665325126,-0.12725065469056548,-0.7009085614890221,-0.6885395634297282,-0.5427247350453238,-0.12917506801079767,-0.5549876585049874,0
-0.08471262126616656,-0.9635900722250919,0.45789617158946355,-0.08471262126616656,-0.8652745459782766,0.050775191128298355,-0.9079779929365405,-0.10108055064404867,-0.3434938177438399,-0.8978604870465134,0.3087921997764689,-0.6341889917272321,0.94051991211791,0.288223018818362,0.41992012111963456,0.9269298576484729,-0.19253229486102766,0.43876802001031534,-0.9635900722250907,-1.0946730048500135,0.3488539473394834,-0.2795938541347512,-1.1094042089644973,0.5893427538209716,-0.38322534078184217,0.29998846981043,-0.680395953926953,0.29636108274650064,-0.4233304584342828,0.7082803840192344,0.4894617385442562,0
0.7981949783998027,-1.1679824079925458,-0.3204618438694939,0.7981949783998027,-1.1299966390751768,-0.3797924069366323,-1.0507993644187132,0.20174698384183606,-0.2662517386894308,-0.8978604870465134,0.9209123153199541,-1.2830605107694157,-0.3855504663567274,-0.16613883106854146,0.5792160268988887,0.7569105099262072,-0.17481257116785223,0.983083318091075,-1.1679824079925436,0.0357326311003903,-0.21688321612738076,-1.1770361135999172,0.996639663500681,-0.18074259835513512,-0.288092547409888,-0.2490738588655498,0.12669697807610453,1.1609268610274384,0.322437992738302,0.16485842148428337,0.4751089867355436,0
-0.8273451817328697,0.14130649658799696,-0.9542779825913126,-0.8273451817328697,-0.742236897639399,-0.3797924069366323,-0.650786844685606,1.170466148299129,-0.34876889794973487,0.607698256476604,-0.7861106502456601,0.6190046863268469,-0.8788015576053333,-0.7973562677448056,-0.22167248285469532,-0.8213472837941915,-0.8684934686111262,-0.9551968806921312,0.14130649658799757,0.08191675017122435,-0.683413887088189,1.1383004736365057,0.3648105317601988,0.023385200264634476,0.2384412701806757,-0.12725065469056548,-1.246316885682987,-1.0090873230766197,0.1520356705922904,1.954903738603965,1.2722929779886252,0
0.27010071317903606,1.352657270181784,-0.8752663457029042,0.27010071317903606,1.0272650081435135,-0.3797924069366323,1.174629361194526,0.19120852842786376,-0.6456716425575235,0.607698256476604,0.5971040491182281,1.3496181528643918,-1.1120442108824247,-0.08063839296919738,0.5060823470948078,-1.039959386693463,-0.1342503591273113,0.26770373055269897,1.352657270181786,-0.8009534169147121,-0.3028249185730374,1.4761988775594044,0.06301798990080011,-0.5148039659829701,-0.48637573480456425,-0.2912181024720272,2.56733143146996,0.4498589390658678,-0.7784091309406654,-0.2879733787497402,0.031293265720687045,0
1.681102578065772,0.609937792299783,-0.03470580758911045,1.681102578065772,0.3258295715376963,-0.3797924069366323,0.4510293417911283,-0.21508763103159886,-0.14967847130245307,0.607698256476604,1.3105299830620105,0.7417641007539131,-0.3788877891705282,-0.2962352036546032,0.6427554050468,-0.4998248195449448,0.6608785198654706,1.1235341895416109,0.6099377922997852,1.4345671176256394,-0.37950321120709424,0.7142963862441715,0.4082662602305192,-1.303052225923322,-0.0800769952692911,-0.4680818663711362,1.8406446069161215,1.1032850787079405,0.5876071345729655,1.2430006580337176,1.4035768829056827,0
-0.12596998573653895,0.7965128352926215,-0.7542547807038944,-0.12596998573653895,-0.11130853420208159,-0.3797924069366323,7.815613977519351e-05,-0.4504756330304209,0.6122290002229941,0.607698256476604,0.2697232361993307,0.7341151295899375,-0.4749073987137843,-0.4054476064726708,0.40639099889470953,-0.78607108025515,-0.4688664868309408,-0.2087312214244752,0.7965128352926236,-1.0293069073488335,-0.436148351473131,0.9386710595948691,0.12979485737989374,0.4050342660668212,0.09855779556304207,-0.34866655132976754,0.1431897348091829,0.46710687353994795,-0.9950522528668275,0.8220090063179674,0.42748977181395353,0
-0.20023324178320928,-1.7355618427377046,2.2521328532764366,-0.20023324178320928,-0.12800988757265885,-0.3797924069366323,-0.017150941496767682,1.5067694826017444,-1.2047569206949496,-2.403419230569631,0.1956633077633512,-1.732884060020045,2.443842444222087,2.519234216927687,0.37937503295181196,2.4893070123233647,3.583428538682932,0.9546877367804696,-1.7355618427377038,-0.9116479318467099,2.4471609479585057,-3.0045886145893683,1.848229468448685,-0.2796152327488055,0.9262775539876938,-0.12725065469056548,-0.5201593223076045,-0.27206746555552264,0.4495309409889525,-0.258582346666077,-0.2825782970218238,0
-1.0748893685551042,0.37539986873050885,0.6631887293933096,-1.0748893685551042,0.1564088927400103,-0.3797924069366323,0.27625515721534194,-0.97966602658554,0.2673082395015058,0.607698256476604,-1.7236504558887236,-0.33292624861958586,0.16089266421094683,-0.5446032212371671,-1.602068691405516,-0.1738854810393449,-0.954482449423653,-1.1420405328754872,0.3753998687305086,0.4741133351783035,-0.31169341122295185,-0.7697780164159526,0.5157735414209597,1.961051107088385,-0.47099102066160387,2.6303836943613157,-1.579006919355525,-1.0937434337263972,0.46900073139518905,-0.47352312793207807,-1.1664608894703634,0
0.15458009266199335,0.8431238635771483,-0.20183942844944153,0.15458009266199335,0.2660356129862132,-0.3797924069366323,0.38934596038481695,-1.3682768082410444,1.2130340206978345,0.607698256476604,0.5113367681152549,0.8198410167087058,0.08465109668386508,0.07041217851783042,0.4827870247449317,-0.6889610881181275,0.28663008642285887,0.3753597052783105,0.8431238635771509,-0.9839784899180158,-0.07357016372596742,0.8474434982412842,0.2133074039968949,0.28232289545954015,0.1670065291659956,0.05014102858177622,0.3232387666644456,0.8415489332830883,-0.5934735855400511,1.172782768963139,0.718584233313274,0
-0.8190937088387953,-2.1914778143267113,1.1480995662843974,-0.8190937088387953,-0.6381375169197132,1.54286793662375,-1.125087403797719,0.4605752955297848,-0.9272720653820149,-0.8978604870465134,-0.7653498801585239,-1.898513160112962,1.6563977330161441,1.594485823460047,-0.20257266110115943,2.1685824562859737,1.7881037837160971,-0.7743886529614773,-2.1914778143267095,0.06884353067098815,1.776938851076435,-1.221018559516117,-3.9782791307878407,-1.9494292317728268,-3.389190397196297,-2.988946677291576,-1.3866340072039696,-1.8671858059340127,0.008602407024383751,-1.3223961608026709,-1.5462487851597821,0
-0.8520996004150931,0.7445393454691751,-0.6699405492735448,-0.8520996004150931,0.2617555990635576,-0.3797924069366323,0.3849307027632936,1.3012949933832973,-1.029128410116059,0.607698256476604,-0.8508766805475935,0.9364986315954893,-0.7158214249703484,-0.4226837828678015,-0.28364945548350684,-1.0757072777335956,-0.29559768442843765,-0.9362543738255172,0.7445393454691763,0.12113640867193223,-0.44711237653181424,1.0259447899418601,0.2847781669712299,0.42946242869289797,1.571716278331248,-0.7463114269267033,-1.0082167196360268,-0.9858363044039037,0.1240748897048535,1.1548312708597845,0.6217934060790421,0
-0.8603510733091676,-0.9890457721846473,0.4563957811631165,-0.8603510733091676,-0.8284441972978889,-0.3797924069366323,-0.7397181995191272,0.3746635413806443,-0.49341659029754853,-0.8978604870465134,-0.8733497958925129,-0.7562289072063922,-0.03692889024488521,-0.27444278799946714,-0.306030028932801,0.7154110129230412,-0.8552085161386448,-0.8229629124121416,-0.9890457721846467,0.1342096281721682,-0.3059005649723344,-0.6653759399838803,1.0126181817631552,1.624976737168418,-0.00664660888255392,-0.12725065469056548,-1.7146331018450096,-0.5481653692598042,-0.019533565472719578,2.7864567004797602,2.1315343718127022,0
-0.24974207914765614,-0.2302917332618685,-0.42154889000034884,-0.24974207914765614,-1.0060406561571822,-0.3797924069366323,-0.9229265097499331,-0.5924001169556008,0.20597971518003844,-0.1450811152849547,0.14333770468729545,-0.23773909723043357,-0.48078898113045454,-0.7393335633139256,0.35914996555193773,-0.2083813967598899,-0.5537480187508155,-0.5466786327971732,-0.23029173326186594,-0.8332086148452941,-0.6502288486309677,0.12384133481595876,0.5042266097824136,-0.3467692353351182,0.09065965829718882,0.3700276705482993,-0.030610721851509162,-0.08739795466285745,-0.46158298991657576,0.1417470294299197,-0.12637670056729206,0
0.4516331168486746,-0.42759280073894684,0.8515840665765417,0.4516331168486746,-0.07590028192160306,-0.3797924069366323,0.03660526996963011,0.6479566075385319,-0.8319261116636115,-0.8978604870465134,0.7195692705293142,-0.04317933529077119,0.4033365074911441,0.058618993214826366,0.5363228587166928,0.9051058151664979,0.19119129728524842,0.6492080003250196,-0.42759280073894484,-0.5133425879095207,-0.11983407394664787,-0.28850606313355964,0.9821183697991336,-0.36987205877546336,0.23594230621313836,0.019290301056153626,0.4187544342793137,0.6758795683961463,-0.18923338555344782,0.420105561238594,0.6853342001697607,0
0.17933451134421677,1.343986303119099,-1.2065341478944878,0.17933451134421677,0.6185833115291,-0.3797924069366323,0.7530337756749582,0.36892291430705604,-0.16268992680620595,0.607698256476604,0.5302921562286327,1.6017817782657648,-0.5500625507335111,0.485247870793253,0.48809445656109257,-1.037699462547248,0.49622183271868947,0.4753805044914672,1.3439863031191015,-0.944758831417308,0.17515202573223798,1.7869386949039903,-0.06210223872567773,-0.3130894867814893,-0.04125350333030507,0.2214157572585262,0.5264368586816176,0.36272860666452195,-0.4398963800089082,0.9013936303650567,0.5469398739396509,0
-1.1821585161780723,1.185018573636535,0.6499879939070728,-1.1821585161780723,2.1185683058423384,-0.3797924069366323,2.300416634234208,-0.6312345395422191,-0.7245327036528734,2.1132569999997215,-2.697829277383539,1.5558218111811977,0.21767418874140723,0.7468630394045757,-5.0581717913327715,-0.3408895174642061,0.7135151783853274,-1.2234460470297068,1.1850185736365364,0.6440651886813713,0.4599020932208281,0.42753974356113084,0.8254412535455969,-0.4413597670799339,0.8868351540959968,-3.497692636865091,-1.6785779943428034,-2.1497600839345714,0.5788971221419086,-2.18972632060838,-2.1184931171300776,0
0.17933451134421677,0.2601154202834439,-0.8879080378263798,0.17933451134421677,-0.7554487443303552,-0.3797924069366323,-0.6644161710968737,0.31679988755090227,-0.2557345056168602,0.607698256476604,0.5302921562286327,0.2777255374542718,-0.9964307192559156,-1.0744771327323588,0.48809445656109257,-0.6576213106837705,-0.7658251036942147,-0.30864294670173975,0.26011542028344603,-0.944758831417308,-0.8394378774402361,0.6984126172426047,0.2891967930465355,-0.3958196073897309,0.16247602797404037,0.2214157572585262,0.7127708551458813,0.4666528076883856,-0.75708673231725,-0.6010872007435576,-0.2311933331220002,0
1.1612597857390798,0.03572085457419246,0.4639155996973929,1.1612597857390798,-0.01884094510126347,-0.3797924069366323,0.09546761862730886,0.16143056638267084,-0.5831510055630761,0.607698256476604,1.0982617077436059,0.17679370574075481,-0.08096736936390146,-0.2755691169548047,0.6109624088104322,0.23342197435043627,0.14556133018205322,1.0839039928341079,0.035720854574193994,0.6109542891107732,-0.4040171875270111,0.06877105894093996,0.6865519903203339,-0.7435700499200331,0.0613039651191121,-0.6448953277207835,1.1333833418153072,1.3513593224149505,0.4769877078878213,0.9953063082350686,0.9484399741436235,0
3.3644030484569662,-1.1697812418974933,-0.25675196810683787,3.3644030484569662,-1.0846030305688303,-0.30700597964470355,-1.0259924655546526,0.4878018328327078,-0.3320883135661617,-0.8978604870465134,1.8042644699712258,-0.9638565997919729,-0.6460019936650422,-0.5954316151972797,0.6966196615955466,1.0500155287599957,1.0018303975758145,1.8578926419252315,-1.1697812418974918,4.101503895673779,-0.5295382200691809,-0.7629831781289358,0.0389703861933175,-1.775182351620208,-0.6041782037989795,-0.12725065469056548,1.221181074019119,1.4867318035991801,1.868494286499756,0.2080988500556612,1.6636891164614207,0
-0.17547882310098584,1.1626240912736212,0.1798129617091569,-0.17547882310098584,1.672444920784663,-0.3797924069366323,1.8401962443917506,-0.5813344254604181,-0.32989727973276267,0.607698256476604,0.22091325690795918,0.925709092474344,0.08144756770551488,0.29983037072870744,0.38879281242808844,-0.6213543114601563,-0.10158087288649616,0.19996881636363645,1.1626240912736228,-0.9508675903474177,-0.016216598941375743,-0.098827391901522,0.5467403126334233,-0.04514018388886048,1.254730944431927,0.1043064280542462,0.654052856877942,0.32121849813299236,-0.7908114404406512,0.5232063023775511,0.2646739391211631,0
-0.5798009949106353,-0.4734801162699558,2.2270990063126117,-0.5798009949106353,0.9118218600356908,1.3599807332119087,0.5291803999347726,-0.23333048976053022,-0.7098834068447483,0.607698256476604,-0.289684473410982,-0.6234875159074351,1.48072873990251,0.8662784187323332,0.14867771943943014,0.9405609669080219,1.9164139625928176,-0.29657209779633514,-0.47348011626995395,-0.31027983483585503,0.7965178761789148,-1.0806159422192614,-0.3658022823738117,0.6664817613091558,0.21216532790826606,0.6126024633477454,-0.5923729542412766,-0.2088344437217389,-0.785443138007868,0.3701661761388955,-0.4119591420588316,0
0.2040889300264402,-1.0489801578668736,-0.5873397942740541,0.2040889300264402,-1.134471993637349,-0.3797924069366323,-1.0554161352275782,0.33250321603423005,-0.09312871408837724,-0.8978604870465134,0.5489235046391929,-1.21571979631198,-0.40821618705934437,-0.26299870489038785,0.4932219754343433,0.5682917791402929,0.11379083200012007,0.14317765374242566,-1.0489801578668716,-0.9055391729166,-0.27344700428006724,-1.093516484040089,0.9277200750359055,-1.139131205540202,-0.4723405966831535,-0.2986290605638448,0.729090302715747,-0.14008566131752145,-0.8952051507402455,-1.229064108621313,-0.44575112947750967,1
-0.1507244044187624,-0.09416476380761285,1.067617463335981,-0.1507244044187624,0.002319680505568036,-0.3797924069366323,0.11729689656311414,-0.25647799647045505,-0.6180996229045155,0.607698256476604,0.24559145959982506,-0.4880820214120464,1.0691458458731546,0.410811081614948,0.39778890028602426,0.4542491037228199,0.45893719245655595,0.15244893829326353,-0.09416476380761203,-0.9900872488481257,0.41603206329390574,-1.0229351380895575,0.7860816191073252,-0.3166068757914368,0.9624109560493299,0.3254952832134764,0.2988568520561328,-0.062580584887625,-0.8754920788215718,0.47652096487267803,0.24243621030080878,0
-0.934614329355838,1.7008299476219146,0.3911404494519186,-0.934614329355838,2.7826837995077414,-0.3797924069366323,2.9855174418405928,-2.6080448776363094,1.8824344121009973,2.1132569999997215,-1.0996574937763623,0.9701128779119462,0.3603053478635503,0.5705136242145087,-0.559102667167118,-0.5669872898547874,0.7114053442120153,-0.8872074606526534,1.700829947621915,0.25186860367429187,0.17230227535336723,-1.0640467149952337,0.6634612195111713,-0.3236473334513999,1.4389348473066645,0.6505436488881682,-0.5539401618224143,-1.2710891174610275,0.06249023972927616,-0.6062908012467866,-0.8014754573225352,0
0.35261544211978085,-0.04003343957873689,-0.7364762644656073,0.35261544211978085,-0.9567972879005294,-0.2752785626200167,-0.903747142878733,-0.6055108749675229,0.8360837463281259,0.607698256476604,0.6544808398781854,-0.07374416171290117,-0.5927197612854487,-0.8864929756267826,0.5206739226326405,-0.46524329227902583,-1.1002322531591802,0.10212949586832389,-0.04003343957873408,-0.6702212219123524,-0.7065469868076418,0.37566380941312916,-0.2773980757710094,1.0894653870604984,-1.8760976891647747,0.028308206025181252,-0.03130219488513396,1.5806675204263063,-0.8789536108710723,1.4697084276156467,1.0951952770692355,0
-1.0996437872373275,0.37991167575475304,0.7786639940303375,-1.0996437872373275,0.685476977406468,-0.3797924069366323,0.822041207294113,-0.13377276204773234,-0.4516813210286054,0.607698256476604,-1.8834346834156461,0.6612436218241798,-0.23998238659529655,-0.09467547300254288,-1.979861337956267,-0.03149256577183159,-0.5258836546374204,-1.131424003115312,0.3799116757547528,0.5133329936790114,-0.3802616493147621,0.44634935313658,0.7444512365283839,0.27600392593314876,0.4896702246089122,1.4692744947605232,-1.5607268776310677,-1.640543431118862,0.42456054898856127,-1.0130401577571304,-1.5289388735793938,0
0.855955288658324,-0.2032393821287982,-1.331477298502832,0.855955288658324,-1.038574490215458,-0.3797924069366323,-0.9564883769258351,1.7887437387668956,-0.22604656049633579,-0.8978604870465134,0.9511295014041731,0.05240999617629285,-1.03616272022597,-1.1860698491245516,0.5849965515171953,-0.8948732195423005,-0.6922984612569286,-0.026359600612699742,-0.20323938212879497,0.12724516760204205,-0.8925645415430516,0.5367120408492944,0.47871290760042046,-0.6342402037589602,-0.379552379215179,-0.12725065469056548,0.6672804244775848,0.9184326695074799,-0.6971241867221343,0.5689948830862063,0.9089531246295277,0
-0.10121556705431552,0.15374123506800239,0.7461521288732891,-0.10121556705431552,0.2922506982624792,-0.3797924069366323,0.4163894133166481,-0.13047816910074775,-0.4991111548914806,0.607698256476604,0.29333226143431224,0.07771050503071761,0.5553380676266287,0.17029053797233462,0.4146244361344505,0.10524983698506617,0.5469395215732981,-0.24992481121309992,0.15374123506800308,-1.0685265658495418,-0.005440640771948317,-0.3467813982472758,0.7351952345835595,-1.3316819181212638,-1.1103028580579906,-0.9939357358211578,1.3682828927880095,-0.4138283691544098,-0.8038709668963063,-0.7565750031839285,-0.3394879554772235,1
-0.22498766046543273,-1.5894018541873163,2.2125057513762516,-0.22498766046543273,0.42374556600822916,1.9027899529382535,-0.13854224084452407,0.7757851610247934,-0.9517221884858763,-0.8978604870465134,0.169814490030673,-2.20633826870442,2.4509708539511044,2.475164405984656,0.3695052000606732,1.992891689151375,0.8283361307558591,1.4553371025257145,-1.5894018541873147,-0.8724282733460019,2.9572147365359904,-2.596992719848994,-0.8447226267925569,0.7484512145787057,-0.08519594304262842,-0.36992247740713147,-0.14395708237597554,0.010791004154972623,1.299910847964625,-0.25370885855457664,0.018583510848376544,1
-1.0006261125084337,1.4013265691787908,-0.588768613106023,-1.0006261125084337,1.497298973058574,-0.3797924069366323,1.6595158787314601,0.12573765183145522,-1.022282492558656,0.607698256476604,-1.349872398250264,1.707901024604717,-0.7194023738277738,0.611920333948172,-0.9074176961347789,-1.0757072777335956,-0.7219091426419845,-0.8245263054932633,1.401326569178794,0.35645435967617983,0.18984519934948874,1.6134028443561659,0.20610582929632196,2.0829942788640197,-0.8485955085738877,0.8512647594891343,-1.4181375002736578,-0.9849471564350393,0.021719678883560127,2.0417086612123008,1.531047626647199,0
-0.026952311007645207,-0.08774166439575737,0.3962466274220028,-0.026952311007645207,-0.15903583686250128,-0.3797924069366323,-0.04915727641587892,0.36922154312180755,-0.6414956642602322,0.607698256476604,0.3612377233705274,0.018170967042185265,0.4616066039278306,0.18030653416845435,0.4373354610037997,0.34461161459918416,-0.25346568665406605,0.3625980547789219,-0.08774166439575543,-1.1861855413516653,-0.07748048890365855,-0.08674398809530559,0.7141622870747925,0.27795115474067855,0.1079157848308044,-1.145169374139246,0.14339318610914248,0.546859382652793,-0.5761968134203149,0.5772529569527008,0.2935653361062498,0
-1.0501349498728807,0.07022124161063745,1.0885356138519706,-1.0501349498728807,0.7106434592716834,-0.3797924069366323,0.8480029221086709,0.49624736328265656,-1.0203437034110905,0.607698256476604,-1.5843239046586846,-0.022031964431458464,1.090538291979138,0.7580110925350966,-1.3149462800269485,0.7760334781452662,0.5789943411646088,-1.0663432213662933,0.07022124161063693,0.4348936766775956,0.3444946400366764,-1.0819530551184622,1.0112418808203791,-0.2314371733424954,-0.03239099346416244,-1.3406097682733953,-1.2862348804189832,-1.628079647602108,0.3313612376229645,-1.7243834669579896,-1.8297112911756668,0
0.2535977673908871,1.2434172998920519,-0.3805943872779494,0.2535977673908871,1.0516286602815264,-0.3797924069366323,1.1997628777518181,-1.1238152572982272,0.8397805624681165,0.607698256476604,0.5852571136524041,0.9378883842108376,-0.4758267914307516,-0.1763260265816672,0.5029726670621514,-0.7865986507423605,0.345640021769781,0.0759153932755627,1.2434172998920547,-0.827099855915184,-0.3222602585588268,0.7194974268639824,0.16970629120447883,-0.8446079941056194,0.27499181808431045,0.03850878705572279,1.2756383983862503,0.27436948436523373,-0.9976434339026828,0.9303012982162102,0.6418412546970205,0
-1.1821585161780723,0.975470202954976,-0.37848845018807437,-1.1821585161780723,0.7903373185115316,-0.3797924069366323,0.930215019021437,0.9117107833282997,-1.2752307796688105,0.607698256476604,-2.697829277383539,0.4539955461194656,-0.14896394041198324,-0.46308401920981124,-5.0581717913327715,-1.0757072777335956,-0.7044997306222439,-1.2600948894894894,0.975470202954977,0.6440651886813713,-0.4605352283952063,-0.1933866696029532,0.2990061429337133,0.9607017595301371,0.6728322931205133,-3.497692636865091,-1.7195807886309404,-1.9285233837337907,0.6236224579210298,-1.8077225106548909,-1.8913079504629255,0
-0.3817656454528478,0.2282128056188472,-0.642116230307639,-0.3817656454528478,-0.5253631878067202,-0.3797924069366323,-0.4270601658591377,0.5031904292951991,-0.03472171636472307,0.607698256476604,-0.009883604774659847,0.4587201811454043,-0.7969073954386011,-0.807799303275531,0.2940227044907096,-0.7013661545774915,-0.5852947581815914,-0.714906999921592,0.22821280561885035,-0.6240371028415184,-0.7051683048784703,0.7997025087556194,0.3774113721737809,-1.069306100779518,-2.2969333427683263,-0.6995898592107676,-0.12113283949591112,-0.7496729732549712,-0.15538275373621271,-0.6623116788956236,-0.5238969927636026,0
-0.9593687480380614,2.2851475197147253,-1.0543825411796781,-0.9593687480380614,3.4467992931731453,-0.3797924069366323,3.670618249446979,-3.6691302992822075,4.2346724182019235,2.1132569999997215,-1.1868966405131247,1.56221113570695,-0.9216779736869971,0.5239045529802483,-0.6715793952712589,-0.8920028376662483,-0.6972187993590421,-0.7526465817402967,2.2851475197147253,0.2910882621749998,-0.04254628072711444,0.35231904988696344,0.16739736528074242,2.385147432428613,-0.1428030640308114,-0.12725065469056548,-0.9249955592972542,-0.388271456116698,-0.05682979949890382,0.3786185843255356,-0.07094573935465426,0
1.3510436623027928,-1.7937513032671564,0.15334363526668712,1.3510436623027928,-1.0317770264501922,-0.05732089361796059,-1.0470379447033207,0.7757413409827871,-0.5177033984041697,-0.8978604870465134,1.1806255639163423,-1.731732127093623,-0.13028577281722462,0.5132883929264257,0.6240386120042926,2.105402519888319,0.11128453439120387,2.3053502849337084,-1.7937513032671555,0.9116383376162004,0.28225286145217365,-1.7056750173402624,-1.615632447923622,-0.41468682866607587,-0.755052071867347,-0.12725065469056548,0.3618386527293947,1.323710567785397,2.4027332548333087,0.6093924977807513,1.0920031687356542,0
-1.1821585161780723,-1.9582069865868617,1.5303126408689176,-1.1821585161780723,-1.2020091624846783,-0.3797924069366323,-1.125087403797719,0.8704971177087987,-1.6190807140946333,-0.8978604870465134,-2.697829277383539,-1.5412049612533916,0.9394906294078749,0.6949204504756207,-5.0581717913327715,1.8635637633439626,2.295094861117654,-1.2929988601503062,-1.9582069865868608,0.6440651886813713,0.6870617901959944,-1.4657540973790455,-1.2802991889019373,-1.6155099860262492,1.8249326325305468,-3.497692636865091,-1.9023823279655883,-2.245788614535518,0.7327942437099476,-2.3682227480912292,-2.587870819195326,1
-0.538543630440263,0.9537927852982627,-0.5563360911175437,-0.538543630440263,0.17202289337477686,-0.3797924069366323,0.29236254297411274,-1.3860232437991613,1.7109924332307196,0.607698256476604,-0.22517408209838416,1.383308680725755,-0.435385826043714,0.28549976670536287,0.18557084303961235,-0.7716447562428137,0.6372104355164677,-0.4430947516782042,0.953792785298265,-0.37564593233703486,0.0253046106314897,1.7914146542772333,0.10257513151136849,0.080983759474561,0.30132224170857336,-1.1732498905378304,-0.24790083892744386,-0.41643779699416894,-0.628293562301453,0.37799028736167,0.2934864722533025,0
0.9714759091753669,0.6541627012432506,-0.5414702503221532,0.9714759091753669,0.015535909235227744,-0.3797924069366323,0.1309307434806541,0.18146287028392225,-0.1254084434194055,0.607698256476604,1.0091610835781102,0.43336385234857383,-0.7017190629397179,-0.7610932236431033,0.595658408035403,-0.7817801736258397,-0.36504172246158495,0.38219500526088895,0.6541627012432527,0.3102702406053458,-0.6676065792372733,0.4914751050944731,0.2671751827571809,-0.8785967579134377,0.13902497082958384,0.09744547745439977,0.12047802979608918,0.9391580630834058,-0.49356295896826313,2.053206918664044,1.5274762207351569,0
0.6001596289420152,0.9587063333004511,0.12521038444433774,0.6001596289420152,1.0825481357243092,-0.3797924069366323,1.2316593743682467,-0.5232304889359399,-0.22293837992515544,0.607698256476604,0.8104474945566656,0.8839353107067964,-0.3954304609514013,-0.0938711148457571,0.5566664756259632,-0.48785306951808394,-0.21580852950737128,0.7607906367427506,0.9587063333004511,-0.2780246369052732,-0.3122803431843403,0.5330779366358833,0.4391363522332795,-0.3212993460784912,0.08991852567581907,-0.8013390511254713,0.47092058466925296,0.9940608397798797,-0.02116210204348252,1.4818055702461461,1.092345381526122,0
-0.7035730883217525,-0.09416476380761285,-0.6630469394354583,-0.7035730883217525,-1.0235900746342714,-0.3797924069366323,-0.9410304704109289,-1.0956324379664475,1.2309673512753267,0.607698256476604,-0.5098748005253362,0.12750981595211539,-0.4809904258112841,-0.7910428022806346,0.004959730489469959,-0.6808798244545206,-0.5798561985140143,-0.9916639332587601,-0.09416476380761345,-0.11418154233231535,-0.639323368917428,0.6244056538123246,0.42049116845953266,-1.5850772661063284,-3.313746251075165,0.3254952832134764,-0.7258016390743595,-1.4044638287939948,0.2953654610418572,-0.4626362445855127,-0.6003733364484628,0
-0.7695848714743484,0.751715163074666,-0.4941608679630339,-0.7695848714743484,0.11496563003824015,-0.3797924069366323,0.2335023333200282,-0.32296366151261646,0.5298732403758905,0.607698256476604,-0.6484621753501468,0.6949715392328284,-0.7280094130061017,-0.5527722350745339,-0.10157021386213304,-0.8515255881598836,-0.5644894078155376,-0.8412146176847715,0.7517151630746663,-0.00959578633042763,-0.5821851896525401,0.8562530958512339,0.2303406937234678,-0.012025633030533535,0.5313742547084641,0.38688456292927587,-0.48631088441383596,-0.7547111283754141,-0.023088234287494857,-0.9449378131231675,-1.1618358530943915,0
-0.42302300992322023,0.13520198388535487,-1.318686462440594,-0.42302300992322023,-1.024473337445412,-0.3797924069366323,-0.9419416433484873,0.7940317529299602,-0.476309255062704,0.607698256476604,-0.06254638064706915,0.17897892844951524,-0.8999088100514624,-0.9300970792240288,0.26943877550101253,-0.9447496570915263,-1.0447120440888669,-0.6097233677428706,0.13520198388535729,-0.5586710053403385,-0.8217450540796072,0.6824452765227158,0.2882625692477566,0.5137844481265449,-1.5764731760292454,-0.42758706894374116,-0.4258388167193567,-0.05557892599567049,-0.37217473775322363,-0.3255744687231914,-0.27951105645540913,0
-1.1821585161780723,-2.7964004693131015,2.0678733923430945,-1.1821585161780723,-0.537893668819275,-0.3797924069366323,-0.4399865961913337,3.063447476018559,-0.303516074828928,-3.9089779740927484,-2.697829277383539,-3.373510490660948,2.368489506423036,4.129294912086661,-5.0581717913327715,3.3331992838827413,9.345235521372215,-1.227809004465395,-2.7964004693131006,0.6440651886813713,4.3562557130287765,-4.676607040065107,2.273137807728277,-2.356221735933456,0.9956503884573209,-3.497692636865091,-1.9367661404839727,-2.3114591034227034,0.6789997787540026,-2.0634417698154044,-2.899475398236374,0
0.04731094503902511,-0.09879676066567881,-0.6558541690447651,0.04731094503902511,-1.0506917082318017,-0.3797924069366323,-0.9689884856089224,-0.5823204063466592,0.09341382787389808,0.607698256476604,0.4251594029727327,-0.03444490630316796,-0.651378205344008,-0.9159474936223789,0.4574591539260064,-0.280429828328117,-0.15524902573626045,-0.49399592176123563,-0.09879676066567797,-1.1539303434210835,-0.7336495193108399,0.42469252098327565,0.415232076445428,-0.881006037333662,0.7025174393350235,-0.5112250577231049,0.44091066781046434,0.05768961173188404,-0.46740319586862755,0.18017579741236348,0.019980058244318324,0
0.5423993186834939,-1.82747956267543,2.8488125473841515,0.5423993186834939,1.1559054801622126,3.453180920179616,0.14769161950772175,0.9469153345493749,-1.0842552658034634,-2.403419230569631,0.7760006046934257,-2.0045343978831895,3.038461658578344,2.9902541715041293,0.5491542684645152,2.321982182594591,3.7359846137608947,2.66667587656597,-1.8274795626754288,-0.36953717340692493,3.4253776343254567,-2.2846461465186216,-1.1020383921091181,-0.8541503080164765,0.5640770011774305,0.1510427199843936,1.4946981518785722,-0.20296971366027963,3.1160114048452012,-1.0233146489762097,-0.19956399909932343,1
1.3675466080909418,-0.5486976630401436,-0.14155278629454135,1.3675466080909418,-0.5817503523632167,-0.31570372881795294,-0.5046187478523134,1.1661917977168974,-0.24954759724350584,-0.8978604870465134,1.1875019727634073,-0.4357551995571368,-0.31796335228519534,-0.5820738725969964,0.6250862815519556,0.31767356956968085,-0.3785889744227583,1.0627072912923885,-0.5486976630401417,0.9377847766166727,-0.5375201797686014,-0.4127936050318589,0.6659154624510869,-0.78416740024635,-0.3331910690800676,0.0635290801495019,0.6427847441982145,1.2685736071495424,0.45801495568797707,1.0047886811564652,1.1454212239873514,0
1.4005524996672398,-0.6996152198224621,-0.37095975406702725,1.4005524996672398,-0.9792623509447292,-0.3797924069366323,-0.8953020397558257,0.6277320759683456,-0.35387453292056187,-0.8978604870465134,1.2011259899566478,-0.2843261485117347,-0.20191757670117264,-0.51723074260295,0.6271425770616553,0.4235947983440098,-0.021123562631408566,0.7535190410166033,-0.6996152198224614,0.9900776546176167,-0.49341584438383124,0.016718637451367747,0.7846849869175803,-1.0828974888380916,-0.4622249133108365,0.061159145555212374,1.3535639944674864,0.8625653242634835,0.04943489938252734,-0.2046777947294217,0.7431198107061108,0
0.5506507915775684,-0.9276882869337112,0.18782963894578836,0.5506507915775684,-0.7107456466225992,-0.1936718622632072,-0.6746101604400958,0.6762877023880787,-0.22340889382018575,-0.8978604870465134,0.7809887474699428,-1.007986277290941,0.22076870099504747,-0.0024492634297673932,0.5502568429011289,0.8267661015940019,-0.30791145658588387,0.89400627044577,-0.9276882869337105,-0.35646395390668895,-0.020744486840164358,-1.068758158174616,0.38718184139441025,0.2211050355899737,-0.25428171595113924,0.01126065964537219,-0.18937033654839522,1.2868044357056088,0.20210093753818714,1.3825195651417177,0.9916052590844754,0
-1.1326496788136255,0.09536704609242437,0.9211973645001914,-1.1326496788136255,-0.006601273886952233,0.978887569179371,-0.3029664346700566,-2.1739431783428396,2.21973746682951,0.607698256476604,-2.1410765888412966,-0.027542161573985306,0.5390850259921625,-0.3741241932590506,-2.7186558467666293,-0.1939259654103282,0.40613620294481145,-1.2461334256952865,0.09536704609242798,0.5656258716799553,-0.10140495849777825,0.41490175848751965,-1.5435167442078792,-0.3640327162654451,3.4178754743925976,1.8950145346141487,-1.603322953661315,-1.8411671014474684,0.6240306539328956,-1.4940986686713982,-1.6557967794636321,0
1.318037770726495,-1.8171648140127352,0.4397556995576586,1.318037770726495,-0.9338086746582653,0.14277681464644593,-1.0065122640196908,0.7873047292180047,-0.5901425522465255,-0.8978604870465134,1.1667412081258075,-1.5255780311369427,0.20212615434711428,0.4124544564130457,0.6219029779263673,2.167382644993806,0.7462877619410333,1.569464797447597,-1.8171648140127332,0.8593454596152565,0.3084236392397312,-1.4129631302851775,-1.6951886049354643,-0.6906964595214896,-0.33722770813401304,-0.12725065469056548,-0.254295613632337,1.3253676989554481,1.2267681367023378,1.0897220817367261,1.274298373106428,0
1.5738334304428039,-0.1901807919733511,-0.8664242492708752,1.5738334304428039,-0.8360679720976193,-0.3797924069366323,-0.7475828771574659,1.3617499283547485,-0.31069460229134405,-0.8978604870465134,1.2699851278341918,0.06709304945271385,-0.7805038021878958,-0.9618078115672621,0.6371512807159958,-0.5358411681479217,-0.5700165006376872,0.6072508929851493,-0.19018079197335067,1.2646152641225719,-0.7828750982578674,0.4188804695728052,0.5344305402259842,-0.9964901546633708,-0.7193387761968365,-0.038813401513971474,0.7220944402893795,1.1739449729547624,-0.06319902143072513,1.2872783140885584,1.433435300944766,0
0.3278610234375574,0.6022121676784478,-0.5794056589813988,0.3278610234375574,-0.26809674951770485,-0.3797924069366323,-0.1616643931012396,-0.6600491469666315,0.8528458636058813,0.607698256476604,0.6375827134587376,0.8589928889554768,-0.4442368743534295,-0.23553623306745858,0.5164560453287322,-0.765706035119947,0.015611248590163461,0.2742481667062316,0.6022121676784506,-0.7094408804130603,-0.3525742560540985,1.2793917324080801,0.21451655727995433,-0.5841858823178788,-0.16567544195296843,-0.12725065469056548,2.048904545305609,0.44505976777144624,-0.7668151503317722,-0.6019689549664705,-0.09574748225118807,1
-0.5467951033343375,1.0412586449131402,-0.39841435444835954,-0.5467951033343375,0.6050027621397911,-0.3797924069366323,0.7390240959684922,-0.810370901487036,0.534966177171609,0.607698256476604,-0.23777430842405867,1.2391750367842354,-0.577482433270261,0.1340330940799397,0.1785354101670179,-0.6912096124763569,-0.06207723265113802,-0.4295332256489394,1.041258644913142,-0.36257271283679887,-0.1653306337372109,1.5214570134035434,0.17617128379094046,0.24055219051576676,1.2889568115074126,0.5781906904157316,0.24628476490631002,-0.19425178374068128,-0.6402985919530134,-0.4793258358046283,-0.8741358232656776,0
2.0854247498754215,-0.514651544113894,0.1929537436885349,2.0854247498754215,-0.5526517909007284,-0.27914944574285433,-0.4856599833650927,0.41730736162141624,-0.244430826349235,-0.8978604870465134,1.4510804118900986,-0.3022528906944393,0.021939900925214792,-0.3875999813068487,0.6606449620511282,0.29595254143593147,-0.19932432623951948,1.6039685191681663,-0.5146515441138924,2.0751548731372025,-0.359128683480429,-0.24763237749134978,0.5657368008413206,-0.8625434812823594,-0.8528845535297032,-0.5017442082655142,0.937999503145646,1.7507924954382983,1.3064504137485802,0.8937055356152306,1.4882846412419175,0
-1.0831408414491785,1.065276647532787,0.4799740677704427,-1.0831408414491785,0.7903373185115316,-0.3797924069366323,0.930215019021437,-2.625837518498083,2.3335877804003817,0.607698256476604,-1.7743529702463066,0.5987110630835661,-0.30799752017875753,-0.4790150816914305,-1.7160061562382816,-0.44586348321697605,-0.8006776193202187,-1.143712999892501,1.065276647532786,0.4871865546785395,-0.43960767063888007,0.4260127978667753,0.22380112713201547,1.3714653790822897,0.8894365222712718,-1.5717257899082204,-1.4061222766237433,-1.217694144611486,0.4526844602875915,-0.33684236017032165,-0.866406461535298,0
-0.8603510733091676,-0.5568522576539304,0.3700382582377133,-0.8603510733091676,-0.7039225422356258,-0.3797924069366323,-0.61126179809293,0.03955735926425241,-0.327572723202531,-0.8978604870465134,-0.8733497958925129,-0.409266809083603,0.7848995891645245,0.27786232781916137,-0.306030028932801,0.30207602277150986,-0.3928456765364448,-0.7589001540647835,-0.5568522576539296,0.1342096281721682,0.15606300039451204,-0.3285282557227822,0.8015123848814202,0.8511974984260675,0.5580409968171297,-0.12725065469056548,-1.562482210153573,-0.907451130036107,-0.13812961356071093,2.3848394029104245,1.552381237724836,0
-1.0253805311906572,1.1775347032550507,-0.6524055477831301,-1.0253805311906572,0.5057163926549302,-0.3797924069366323,0.636600387190129,-1.1745840209651932,1.1111307166104125,0.607698256476604,-1.460806120176158,0.5871274312993178,-0.870417307732277,-0.8273678059047397,-1.089350099658068,-0.6033244318461309,-1.3667298714398746,-1.0263130868938521,1.1775347032550523,0.39567401817688774,-0.7007079293084393,0.5452799899333604,0.03578858762777154,3.672308519811516,-3.450109802809083,-0.12725065469056548,-1.19334549712505,-0.47698570927937955,0.4371040229805632,-0.35103589127535995,-0.8415857068170716,0
-0.8108422359447207,1.2199433020834627,-0.9408063971709916,-0.8108422359447207,0.5689654872897305,-0.3797924069366323,0.7018480831526419,-0.015352605962600255,0.015264985532393024,0.607698256476604,-0.7449771846820037,0.752206604070467,-0.5754008920251054,-0.4262861400974545,-0.18418024015331114,-0.9532376510220307,-0.7884786393307139,-0.8265987102752153,1.2199433020834647,0.05577031117075219,-0.48367565886591574,0.6566813169709463,0.021935032085353627,1.1401140835690167,-0.22668608891964984,0.9962300060342743,-0.492999270012403,-0.47719253582905025,-0.03512936356334233,-0.36905195878681535,-0.8373359778841435,0
0.5093934271071959,1.0371596765668365,-0.7439203714919629,0.5093934271071959,0.27828565283493567,-0.3797924069366323,0.4019830879230558,-0.7896880901053904,1.0064230132829621,0.607698256476604,0.7558165593988004,0.997545461398228,-0.959243596878777,-0.4170089346010272,0.5446409263781977,-0.828478872409315,-0.07669273879501692,0.29042746719690943,1.0371596765668385,-0.4218300514078689,-0.5063715484070621,1.2912144195352564,0.07339109552862023,-0.411957991241469,-0.626378699574849,0.15624446530541922,1.8103773710623419,0.8097747295061146,-0.7319061106335658,-0.10840182966786967,0.23853151072452516,0
-0.18373029599506033,1.1495565416750404,-0.3763104185212604,-0.18373029599506033,1.05087493525719,-0.3797924069366323,1.1989853358516345,-0.303045393772796,-0.15789601329153272,0.607698256476604,0.21256143527270568,1.0169761321019513,-0.4242681739240288,-0.04038898891592444,0.3857018489076714,-0.8722192825820724,-0.13342976240355506,-0.06900750954655394,1.1495565416750415,-0.9377943708471818,-0.24683620530312683,0.7162962708153875,0.2535117506586121,0.12904463204556546,0.2992242168296575,0.3394259274566747,0.2906772771323696,0.28684207119372424,-1.1347148375036644,0.41323763414259856,0.2524157736925151,0
-0.3982685912409968,1.0842741646550162,0.7547902871977326,-0.3982685912409968,1.7865105590096366,-0.3797924069366323,1.957866230431015,-1.1188460008288006,-0.0692937723578295,1.3604776282381628,-0.030644373771887286,1.4673166071760213,0.4210198614565731,1.0353645178693676,0.28447279361394456,-0.12185730046083043,0.6115122003300052,0.007089739727578054,1.0842741646550187,-0.5978906638410465,0.6178942771867454,0.6496531364280376,0.7039562280197775,-0.16081440914012093,0.6358924853521953,-0.12725065469056548,0.9933456244593661,-0.22721921190396008,-0.9424220616667209,-0.619508719188446,-0.6210030406957756,0
-0.4477774286054437,0.8792490123358925,0.5071238290620433,-0.4477774286054437,1.3595791702247344,-0.3797924069366323,1.517444282684053,-0.4733901136540935,-0.402518046735366,0.607698256476604,-0.0954104008040992,0.8711029044101716,0.3255406031984227,0.38366840216301595,0.2534843072995359,-0.3333913770532939,-0.3648662274233933,-0.08871353396441324,0.879249012335894,-0.5194513468396306,0.10656968738082992,0.11385207381688434,0.6562299679917774,0.4670254348484869,0.1327575018501828,0.49181011754557236,-0.005207129463491788,-0.005488775792220209,-0.9587370216486866,0.4076973987481764,0.07301459106828964,0
-0.7778363443684229,0.2926315467685134,-1.0576393688482675,-0.7778363443684229,-0.7897995457268417,-0.3797924069366323,-0.6998524197661695,0.6248951942710593,-0.23751853680329227,0.607698256476604,-0.6670935259405232,0.2758759716162635,-0.7346158178701999,-0.8884103659191069,-0.11695277048187368,-0.8476603866155094,-1.0899651854312145,-0.8632111947563672,0.2926315467685142,0.003477433169808335,-0.7334158412098235,0.7111778566432521,0.2600109495550551,0.985541846633884,-0.6965623806905057,0.9187485811567028,-0.722828052642083,-0.5640101034836306,0.016094589078769372,-0.6241636193338539,-0.8776654501127655,0
-0.7943392901565718,-0.3716264657121947,-1.3078892352475804,-0.7943392901565718,-1.2020091624846783,-0.3797924069366323,-1.125087403797719,0.6013171075210755,-0.5461987940965074,-0.8978604870465134,-0.7053398175446092,-0.5042503639432945,-1.429135394332484,-1.33949589243246,-0.1493660147877476,-0.6033244318461309,-1.0518890742563718,-1.0305669703936484,-0.3716264657121935,0.029623872170280265,-1.003597291719306,-0.10834619802538739,-1.2802991889019373,0.7773407170442772,0.9252780363907771,-0.12725065469056548,-1.0170203518912118,-0.4908808475974947,0.2692786898260787,-0.23939221426787344,-0.7271399386458068,0
-0.10121556705431552,-0.6006328993856137,0.10705847017222371,-0.10121556705431552,-0.47622580155034466,-0.3797924069366323,-0.37637009262788357,1.2986641153362157,-0.5324064196622909,-0.8978604870465134,0.29333226143431224,-0.3211585605665334,-0.5011640325290575,-0.6690864735252762,0.4146244361344505,0.6248709674612771,-0.5912221353481593,-0.2125851671593333,-0.6006328993856127,-1.0685265658495418,-0.6525515133483234,-0.33950314357142325,0.9196003790208931,0.277621918735608,0.12799681721620407,-0.12725065469056548,-0.5563768036235343,0.48900953064972913,-0.9937570905711387,0.581277003072956,0.37251040004497826,0
-0.6788186696395291,0.4096896021147647,0.21832722177600505,-0.6788186696395291,0.24955755938398896,-0.3797924069366323,0.37234721854195185,-0.06679375572437847,-0.35347763266966514,0.607698256476604,-0.46213399542112954,0.5311088235981817,0.38139032670240497,0.2000314699102146,0.03863080218632232,-0.22541815513615923,-0.77300081126929,-0.3576898598746036,0.4096896021147664,-0.15340120083302325,-0.02278640630074299,0.29885389471558477,0.5274591154633985,1.7957466973670504,-0.4655239588544399,0.7394344264400234,-0.42057904153281,-0.08272059099309316,-0.6000454367954086,-0.18051156621621434,-0.17622804418390833,0
0.006053580568652711,0.07564484649886587,-0.4820417742326836,0.006053580568652711,-0.7332217551914524,-0.3797924069366323,-0.6414868337226235,-0.42614862123545905,0.5083975437523511,0.607698256476604,0.390111130231806,0.2421135498165025,-0.1614764317060565,-0.46123509721517875,0.44657160764638293,-0.5570123881316736,-0.4100878302779009,-0.08704106694739935,0.07564484649886787,-1.2192964409222633,-0.44078130565692497,0.5735716171201303,0.407280030931902,0.5789742594567562,0.2185393852449314,-0.3255119477596544,0.5381745343443549,0.6932634615179402,-1.1227305991683416,0.21236944550612943,0.14936888355216008,0
-1.0253805311906572,-0.5736909660122704,-0.6988661678419512,-1.0253805311906572,-1.2020091624846783,-0.3797924069366323,-1.125087403797719,0.33321181616786905,-0.9671717380824056,-0.8978604870465134,-1.460806120176158,-0.9994352666780263,-0.42112957146849794,-0.31457654114773104,-1.089350099658068,0.3414412599287984,-0.6620109820485944,-1.0491822554525856,-0.57369096601227,0.39567401817688774,-0.42230065119471827,-0.7565596302782838,-1.2802991889019373,1.045514417707307,2.1219665086632338,-0.12725065469056548,-1.450671533941382,-1.176179074915928,0.30781616536486794,-1.4376123798607483,-1.7192216249134105,0
-0.3900171183469223,0.4007089576569836,0.7432385716513472,-0.3900171183469223,0.4487922074836101,-0.3797924069366323,0.5778774608238676,-0.566496159905496,-0.3039933785216462,0.607698256476604,-0.020214558118430776,0.5722883798608249,0.3324435843513177,0.21642602181361245,0.28929322481840775,0.058011552396319686,0.27692988592734585,-0.3801227326897682,0.40070895765698555,-0.6109638833412825,-0.03433305436388061,0.3469711150985003,0.6176379204093272,-0.6272353922332573,0.06708844557186631,-0.4161456817340951,0.16926163019047769,-0.4562238989669291,-0.7074464581051888,-0.8096324433859323,-0.5773957895790315,0
2.943577930859168,-0.1323778628683594,0.9555150830134114,2.943577930859168,0.13665978938310924,-0.33975272198232964,0.24376823733331035,0.15927946923550365,-0.7462973227534482,0.607698256476604,1.7001905989495667,-0.10556019927945524,0.7535288058300085,0.4033748406146267,0.6872013534760216,0.6523415612496248,1.7544871421408015,2.9307438753610113,-0.13237786286835798,3.434769701161744,0.13651498338359977,-0.5548782675064815,0.8139141600731713,-1.6748905405577141,-0.5226663431832321,-0.18684589602567422,2.1170186117999523,1.3400530968028386,3.331005516718554,0.3647653530431683,1.6000840107763346,0
-0.7448304527921249,0.6104504604774205,0.5192523650450511,-0.7448304527921249,0.6296642152053857,-0.3797924069366323,0.7644648236327954,-0.7613004642844993,0.04692687807064161,0.607698256476604,-0.5944060988884374,0.6396878445636717,0.09668309587133511,-0.015759329513188734,-0.05839981302610012,-0.3290376181050224,-0.6987409378549646,-0.6064511496661044,0.6104504604774232,-0.04881544483113552,-0.16497392860409407,0.3311253862165758,0.5316170057622199,1.4857117361127186,0.3535151809205754,0.8512647594891343,-0.58748378952937,-0.2514857499218863,-0.3359152245743619,-0.24675370083659423,-0.4871483150009449,0
2.5970160693080393,0.6847050119450174,-1.613116171636163,2.5970160693080393,-0.8564415715624235,-0.3797924069366323,-0.7686002597969661,0.10654587300161432,0.36447495545441594,0.607698256476604,1.6063291607402732,0.9223686510093624,-1.2279067878790335,-0.6482863464984276,0.6779004924535882,-1.0473845375090796,-0.08222706602689277,1.3062330321610631,0.684705011945021,2.885694482151833,-0.6555071162379222,1.6297614593381164,0.009466832097177458,-1.257080412102694,-0.890363829059652,-0.062295670023389996,1.9863314146339723,1.693053833064054,1.0093320802899408,0.8767031032326689,1.6188526689223999,0
-0.9676202209321358,-1.5570715341393047,2.2211530723278843,-0.9676202209321358,0.676488948168891,3.113956103075948,-0.24424350830379501,0.3466839083954892,-0.7478178946889856,-0.8978604870465134,-1.2176002904233238,-1.7894722763282556,2.6131536500314976,2.1789611892262593,-0.7133564657099398,1.5696366592362068,0.8084578505504414,-0.6427727703182103,-1.5570715341393038,0.30416148167523577,2.6241391563851657,-1.4580105049787775,-1.870544615951625,0.5490660303823326,1.143006797557155,-2.727305898082342,-1.2631711182039838,-1.507914368160173,-0.28426351834221014,-2.100556224297559,-2.062413172127561,1
0.7899435055057282,-0.8344193534962382,0.28552890661974983,0.7899435055057282,-0.5512830940947872,-0.3797924069366323,-0.45379911247372046,1.2404818250452798,-0.5655423492185847,-0.8978604870465134,0.9165263646867102,-0.9020138774140983,0.46482491784692603,0.2790020809353647,0.5783635993054089,1.0309678333613075,-0.3346587495425143,1.4519558105130559,-0.834419353496237,0.02265941160015434,0.09474251677653396,-1.1783694341307505,1.0350624740607361,-0.06923154036742366,-0.3875003492617696,-0.6165083617804153,0.45200719834688324,1.2765426999230853,1.0787276106634887,0.550743417647706,0.6044870152063747,0
-1.0913923143432531,-0.250387765532149,0.5475014005141137,-1.0913923143432531,-0.6043052181858153,-0.3797924069366323,-0.5084966769519722,-0.46743873976734207,-0.1723726471457082,0.607698256476604,-1.827529736591332,0.15294279733307228,0.7356737973965928,0.4056651326216656,-1.84133736755433,0.24696469075130562,-0.13963484374818347,-1.0728512995411952,-0.2503877655321486,0.5002597741787754,0.07789572980356262,0.3652819545736538,0.6499628833416359,1.0425056396023074,0.37757259764965684,-0.12725065469056548,-1.5185929827024005,-1.6632918736482614,0.3398359847464483,-1.7096846179721457,-1.869420414703873,0
-1.0913923143432531,0.5982831357281679,-0.48972603804370113,-1.0913923143432531,-0.30545324603638385,-0.3797924069366323,-0.2002013135290988,-0.49927285406553695,0.20375882092247724,0.607698256476604,-1.827529736591332,0.5058931712108387,-0.15177768107704492,-0.373125633869126,-1.84133736755433,-0.414371293491145,-0.39928571489247194,-1.1602195221908556,0.5982831357281667,0.5002597741787754,-0.39421469636904083,0.7449929278507299,0.20610582929632196,0.431723684287339,2.55372435693871,-0.12725065469056548,-1.3580810960281764,-1.6063693394271585,0.47532604694977393,-1.8660820434550798,-1.951840182449244,0
-0.2827479707239541,0.04848503773655015,-1.255395577673246,-0.2827479707239541,-1.0500505325781877,-0.3797924069366323,-0.9683270495149021,0.6507672124525812,-0.4236813377111855,0.607698256476604,0.10700409349427292,0.0755086132612614,-1.5012365974001884,-1.4914854411918788,0.3445239281102228,-0.8515255881598836,-0.7458613226239957,-0.8669197085767023,0.048485037736552085,-0.7809157368443501,-1.0523369115649028,0.5794840752601871,0.33105001923182803,-0.6702540457286199,1.188100842221056,0.38688456292927587,-0.14618458566020562,-0.20761003193455307,0.06888705773336615,0.013515259280359354,-0.2997004375237662,0
-1.0336320040847318,0.5563734615918561,0.2509824698176063,-1.0336320040847318,1.0117091497333326,-0.3797924069366323,1.158581954890232,1.0007923546017907,-1.1564222715633394,-0.8978604870465134,-1.5004434884034585,1.0125796538383194,0.8502341115637825,0.5154863657449114,-1.158978550389201,-0.585828770887336,0.33853865608043693,-1.052163609700306,0.5563734615918567,0.4087472376771237,0.5334875366227153,0.02798001419582576,0.7635077111206696,-0.7554161225808836,0.822114850604295,0.9962300060342743,-1.2716916336869297,-1.80019343199215,0.32482276008430816,-0.5050607448971931,-0.013978341292632429,0
3.2323794821517744,-0.1477706957719149,1.5654602463081733,3.2323794821517744,0.7097644828830083,0.4069432409981859,0.609074015455944,-0.27655988650107494,-0.5112644178205243,0.607698256476604,1.7726707526260714,0.08589901142347972,0.7838186725958671,0.3651003444790197,0.6938550025223986,0.4925343025472155,1.5652619174816333,3.060141921307803,-0.1477706957719141,3.8923323836700034,0.1729315568560986,-0.2530303663718167,0.25553722326902245,-1.5715646400041605,-0.7607789886607671,-0.35029460939329055,1.7117528227555987,1.7445284635123484,3.5352707648952255,0.9494809550762643,1.9021433644015064,0
0.33611249633163187,1.1513605451850941,-1.1561945201464694,0.33611249633163187,0.25353930290633525,-0.3797924069366323,0.37645478074891836,0.3390438039798761,-0.008064686959595146,0.607698256476604,0.6432445824125855,1.285118166198018,-1.0174186273943848,-0.0714212915577252,0.5178765739544008,-1.0071750513872275,-0.20164808076461505,0.5201008182072734,1.1513605451850961,-0.6963676609128244,-0.31972845836448854,1.709549144571919,-0.018297211407695812,0.14070184189386636,0.12323466416955527,-0.9131050028659722,0.9228654128954809,0.9395470995524695,-0.38380347381823965,0.8516922584798651,0.753540166704469,0
-0.43952595571136915,-0.30086987301452517,0.003162416813102025,-0.43952595571136915,-0.417145397243747,-0.3797924069366323,-0.3154228129901726,0.6332194822225969,-0.10404341903433338,-0.8978604870465134,-0.08434525576372551,0.012028119840700848,-0.3343801786043497,-0.6374509271379862,0.25890990086300397,-0.20728628832431698,0.051048282691137044,-0.6946192478456409,-0.3008698730145233,-0.5325245663398666,-0.5730874812070239,0.06825770033608924,0.7519851915997525,-0.738458435998759,0.40026561458723536,0.1791531618707569,-0.014460965904567618,-0.5820920306567907,-0.22421288956442859,-0.8603841333845739,-0.3780671665408811,1
-0.90160843777954,0.22986786076244942,-0.16168205718472964,-0.90160843777954,0.0489990930245699,-0.3797924069366323,0.16545132680965813,0.8395970808195278,-0.18499699587047855,-0.8978604870465134,-0.9932405947069987,0.5422148680620783,-0.12764098753392694,-0.4450453944641344,-0.4335472497485428,-0.7681091455278046,-0.5752720036364661,-0.9833743141309521,0.22986786076245108,0.19957572567334803,-0.3451648870977511,0.4930019455227819,0.5777070838458869,0.2100993403327043,0.6173863770308459,0.5781906904157316,-0.7283626194000938,-1.164220423587478,0.1945579432205363,-1.8132299651184733,-1.688492653211882,0
-0.6870701425336035,-1.2111214911134742,0.5338287368791138,-0.6870701425336035,-0.9421378823547378,-0.3797924069366323,-0.8570044790821769,0.5993012129967819,-0.759643210214883,-0.8978604870465134,-0.4778163876618818,-0.6139364366193092,0.8975330153047799,0.4467766437070618,0.027732435984927042,1.320437592710066,0.6980067899793763,-0.7058902212211693,-1.2111214911134718,-0.1403279813327873,0.2975076213456732,-0.4834541516610764,1.0966350984062645,-1.5512772184160446,-1.0026842703125265,-0.5668735219307194,-0.9360722554651267,-1.435482786788073,-0.15317136776842333,-1.406640244157216,-0.82752282661071,0
3.8677428949955095,0.45615467561371914,0.6263279141572071,3.8677428949955095,0.5978400739708352,-0.3141556931146032,0.7117770803643286,-0.4006361157168363,-0.3349961630248925,0.607698256476604,1.9169546279061973,0.656939919275201,0.03835848321175822,0.017666919690230005,0.7058529996272833,-0.010754001980857197,1.4880197929655241,3.033127943185166,0.4561546756137202,4.898970285188174,-0.17962902647145837,0.41169185632582905,0.5605047635158795,-1.825401908469695,-0.9501817070101275,-0.17609763993947183,1.3763101429924631,1.7357458443568818,3.5388576287953613,1.0243646653995766,2.2104371872587802,0
1.3923010267731653,-0.9104651331790626,0.5499755452424067,1.3923010267731653,-0.7178875876631694,0.763022526245053,-0.9714199329327353,-0.988241810490081,0.29055388604800353,-0.8978604870465134,1.1977359182281853,-0.7097459767586592,0.5424899867468106,-0.09707716682902638,0.6266333076129894,0.3458560528810178,0.20732626823941563,1.5813174984812173,-0.9104651331790614,0.9770044351173807,0.07595013812818198,-0.07498242951503363,-2.9547334729289925,-0.5233842555607234,-0.44858595156604475,-0.2217490280225615,0.6506029804270341,1.190347297270233,1.2439093996900987,0.9001185516553047,1.1393900169476674,0
-0.1507244044187624,-0.7556495458844772,-0.686334104333924,-0.1507244044187624,-1.1127996185594748,-0.3797924069366323,-1.033058937104324,0.48532479301711345,-0.2194676087639576,-0.8978604870465134,0.24559145959982506,-0.9166751291319758,-0.6790631365258393,-0.6673856116101681,0.39778890028602426,0.2568353770832824,-0.3802125261676112,-0.2623592399048119,-0.7556495458844761,-0.9900872488481257,-0.5702993515265847,-0.703373675405889,0.7696072266625181,-0.5059002160119014,1.0891226892483115,0.3254952832134764,0.21936722196683137,-0.11889946783805315,-0.8872444552706191,-0.7245096930310184,-0.4898134907456372,1
-0.11771851284246448,0.018836336800028768,-0.10636180447948679,-0.11771851284246448,-0.2924596820298867,-0.3797924069366323,-0.1867971672933216,0.39263558710618424,-0.08277088258919142,-0.8978604870465134,0.2776498702834647,-0.2005554190455374,-0.12764145481618194,-0.4816066605343672,0.4091752530337499,-0.4527096114182436,-0.7161158123117769,-0.1260895359968106,0.01883633680003012,-1.0423801268490696,-0.4597275877930121,-0.3154567129174907,0.5914700932736485,0.3573915083813975,-0.5372830368237969,0.31237221254959185,-0.10813379717906431,0.5214775275476742,-1.1057753978428977,0.6068363864747289,0.1854674039556986,0
-0.32400533519432645,0.17436492742901225,-1.4121368487916974,-0.32400533519432645,-1.0962208537592157,-0.3797924069366323,-1.0159563017011266,0.378743319858451,-0.5415780809845514,0.607698256476604,0.059814584224722314,-0.31828005605116905,-1.1298561837774224,-1.1989385380114932,0.3247852492618865,-0.9586566610535159,-1.0988191052939031,-0.6082690485976412,0.1743649274290149,-0.7155496393431703,-0.9292018670625574,0.08554264147443774,0.2468368977379409,0.6886344368228027,0.3352270262659508,-0.39569293645667847,-0.14672088794987612,0.45343579780432886,-0.37418615239579806,0.08558111263898453,-0.22867297582155938,0
-0.8520996004150931,-0.7565112281885288,-1.265308885779878,-0.8520996004150931,-1.2020091624846783,-0.3797924069366323,-1.125087403797719,-0.17813481605929893,1.1415942946175492,-0.8978604870465134,-0.8508766805475935,-0.7739867353033966,-1.1537868831069777,-0.9802182103654082,-0.28364945548350684,-0.40087464075150314,-0.8584089737879732,-1.0178416778728905,-0.7565112281885271,0.12113640867193223,-0.83201026034172,-0.46144003856284455,-1.2802991889019373,-0.23770141198097927,0.16534657410177842,-0.7463114269267033,-1.040302870115969,-1.1158434737856155,0.2536220090075993,-1.2284989665361883,-1.4537872548529698,1
2.588764596413965,-0.3924399764727169,-0.3275688004851702,2.588764596413965,-0.8428737453093958,-0.33605807294148204,-0.7678352659257197,0.28186650072973163,-0.10336517823260563,-0.8978604870465134,1.6039928103837797,0.08882923883289771,-0.5618541750671164,-0.7627176898169813,0.6776586092397906,0.031249949109991175,1.0298914635291874,1.052563415254413,-0.39243997647271456,2.8726212626515975,-0.6770433791393147,0.4677948359260821,0.45233509067553024,-1.7708933409580283,-0.5209517903444949,0.0029380914020153497,1.5624061490921737,1.1588372093971768,0.7440615479046414,0.7776222337968013,1.6206533935646965,0
2.8775661477065717,-0.9142294751673539,-0.3706064915221029,2.8775661477065717,-1.1065674148920455,-0.33911336573555434,-1.0389370028412275,0.1394030629249372,-0.21642180250735962,-0.8978604870465134,1.682924384675273,-0.6886250573374103,-0.6653277956312146,-0.7792215282264887,0.6855499887397851,0.5479319650173309,0.1179562243603462,1.3158678964982082,-0.9142294751673522,3.330183945159856,-0.6496564845105368,-0.3910801145213784,0.19302503800829857,-1.3800560618396174,-0.9505992579509829,-0.42998496446672163,1.291860035748338,1.7237787705060656,1.1019199656434686,0.6745549316011435,1.6957007993425832,0
-0.48903479307581604,0.6307293350595068,0.0025914938366449064,-0.48903479307581604,0.4047218705767813,-0.3797924069366323,0.5324145500886971,-0.4362852031205938,0.3095098996425879,0.607698256476604,-0.1524866572261098,0.6009922307215676,-0.1978131049968974,-0.30048054303615346,0.22460614801012613,-0.7912616931131867,-0.35557220342478013,-0.536752904630982,0.6307293350595071,-0.45408524933845074,-0.3511682657891105,0.4911870145239821,0.4228732277835683,-0.030239801671493094,0.03314535049188276,-0.45342245941713205,-0.05250173948254525,-0.3507234676164373,-0.4941207002083832,0.2758146700181246,0.28907432133751865,0
-1.1739070432839978,0.975470202954976,-0.11581604783814685,-1.1739070432839978,0.5911026704119107,-0.3797924069366323,0.7246847767395214,-0.8424562271796145,0.48573099709877754,0.607698256476604,-2.582996058841216,0.7766958348019286,-0.21363247820468106,-0.2032830799692376,-4.473292805191233,-0.414371293491145,-0.2676788600118733,-1.2684935825531896,0.975470202954977,0.6309919691811353,-0.34662351307461564,0.5662192729805612,0.22380112713201547,-1.9335683555605798,-3.5037736057422246,5.939544913223577,-1.6740787892325202,-2.3497026326961707,0.7308598063440065,-1.9845352304483586,-2.0093340436724585,0
-1.107895260131402,-0.07227165045282291,-0.4142035674293551,-1.107895260131402,-0.8699514156519766,-0.3797924069366323,-0.7825369999945263,-0.9844681085662181,1.6222223793567527,-0.1450811152849547,-1.942362954043748,0.32337433335305443,-0.660719984420864,-0.9545076725477769,-2.1337768606250966,-0.7082983975989009,-0.8404287195380031,-1.240243433157107,-0.07227165045282298,0.5264062131792474,-0.7087032061274073,0.7970327979738291,0.45383999899603195,-1.0131729586291793,-2.328810770654179,3.2431913274839603,-1.5202524537310569,-2.007436616884097,0.6312337648750341,-2.189692973882516,-1.9241958201388865,0
-0.90160843777954,0.8438933190386475,-0.1393414926493319,-0.90160843777954,0.18800001030337518,0.0941657242666247,0.16545132680965813,-2.7035862869991303,3.9184485490067202,0.607698256476604,-0.9932405947069987,0.5364703207945082,-0.21711775032962868,-0.6240561845909587,-0.4335472497485428,-0.6143100794249091,-0.5574332274639705,-1.0320212895388778,0.8438933190386498,0.19957572567334803,-0.39757915748140027,0.9819235539676276,-0.4986228125388378,0.639420640815594,0.8373887745315745,0.5781906904157316,-0.8306803205610922,-0.8247506079590531,0.2693591537053083,-0.6320185567921341,-1.1278551557418752,0
0.01430505346272719,-1.0696674667488189,0.022361535549943655,0.01430505346272719,-0.8915136070047494,-0.3797924069366323,-0.8047805327090193,0.7709617932534336,-0.3129165704491289,-0.8978604870465134,0.3972115290580313,-0.8181184096018598,0.23223057662086855,0.0058263988502915845,0.4488056755842819,0.8567680008969417,0.16908564375871363,0.01759719555186097,-1.0696674667488175,-1.2062232214220274,-0.10124119233322157,-0.7930514345771609,1.0345730098160713,-0.8310474047371597,-0.3572947027526476,0.2666971094597004,0.3657053977755012,-0.1879267293452261,-1.058840069887184,-1.1938819873869284,-0.5535373616378405,1
-0.7860878172624973,0.7769506938882352,-0.26197753363796145,-0.7860878172624973,0.16117527188114952,-0.3797924069366323,0.28117214865749296,-1.130155225816204,1.1486259802760381,0.607698256476604,-0.6860489162337158,1.1956739274597792,0.21074115912642155,0.4131542462362755,-0.13287506593037388,-0.7276357070796743,-0.18039873669745052,-0.6765493324661648,0.7769506938882357,0.0165506526700443,0.240591798088072,1.2224092824047093,0.22721953694118358,0.43826221122947884,0.182348044864556,-0.6594257045075973,-1.017439139312238,-0.8716958007792355,-0.2693130557333915,1.6128487041903916,1.2960155066117909,0
0.8972126531286965,0.10837349668645267,0.3992955673170698,0.8972126531286965,0.011719153524507057,-0.3797924069366323,0.12699338251739903,0.08573140647352527,-0.5022531420469126,0.607698256476604,0.9722115368561538,0.15881738481927987,0.24833478575692,-0.01866302303434876,0.5889356610682546,0.0898657213144015,0.2225834801979002,1.0691790114886597,0.1083734966864527,0.19261126510322188,-0.20165524528554946,0.011640800335471681,0.6482755913204437,-0.4450085934341563,-0.1506038822483903,-0.24347279200692937,1.5075930194968734,1.110661704355317,0.4535304518386528,0.4086255161248179,0.7032334782226213,0
-0.42302300992322023,0.95679757586454,-0.5832696017931734,-0.42302300992322023,0.573349087907984,-0.3797924069366323,0.7063702006945982,0.5314628127783402,-0.7604524250511944,0.607698256476604,-0.06254638064706915,0.7015410706703072,-0.3849219592987799,-0.28515403415891927,0.26943877550101253,-0.9447496570915263,-0.7744850951893135,-0.2906821052581558,0.9567975758645418,-0.5586710053403385,-0.407229352792726,0.46340420936461013,0.2322749317293899,1.0233209554476541,-0.39010544096990846,-0.42758706894374116,-0.10916601534621705,0.302823578457749,-0.8076004335840812,0.05060012701361341,-0.3037544151074143,0
1.697605523853921,-0.531170875632552,-0.732909822740171,1.697605523853921,-0.9849658307560409,-0.3797924069366323,-0.9011857432112746,1.0897696189273378,-0.4009569596962538,-0.8978604870465134,1.3166359214030812,-0.2931828831379812,-0.8694068187522979,-1.0486438305317478,0.6435814534548172,0.032677053399003064,-0.7760366614059618,0.6060874376689658,-0.5311708756325507,1.4607135566261114,-0.8248286295040028,0.029724752872979723,0.6850585573824279,-0.6523550718604263,-0.8417797559937077,0.04221290865899312,0.7732442573436489,1.6151957007143394,-0.02436088791010893,0.9716086155524208,1.3328054940117064,0
1.4665642828198355,0.7240121581371042,-1.2567889679169124,1.4665642828198355,-0.568080736713157,-0.3797924069366323,-0.4711275419916239,0.04437535122984918,0.3755115766933234,0.607698256476604,1.227873520698334,0.934619554194132,-1.0919927125607738,-0.6039207147664569,0.6311056193167045,-0.9354238871367122,-0.07941141146421853,0.8629929146737515,0.7240121581371048,1.0946634106195043,-0.5980947937773041,1.503546073154301,0.05452610851395723,-0.5510050853042097,-0.5251204005831751,0.05659163524622795,1.7276514896090134,1.5214789838349534,0.19435011811045863,1.010684029670146,1.2401972675498583,0
0.699177303670909,0.3149949586548697,0.8482706561079585,0.699177303670909,0.48770241000577824,-0.03582279273004919,0.5139512371846459,-0.7915961894517165,0.0679004132399406,0.607698256476604,0.8670787923195123,0.5223089469223842,1.1269289553672837,0.6894658945618031,0.568512125978201,-0.09905076091985002,2.9701474979741653,1.055035757801303,0.3149949586548713,-0.1211460029024415,0.553878769331753,0.3499065127842227,0.26341746557013557,-0.561239878502529,0.30112311310165996,-0.2552421223680775,1.116940239248825,0.8572741481251062,0.44313366090588374,0.6856964230634668,0.6708589277323621,0
-0.934614329355838,-0.6203212353122877,0.4665470958340694,-0.934614329355838,-0.588979476024306,-0.3797924069366323,-0.49268665831490177,0.5614630609277038,-0.607166312125207,-0.8978604870465134,-1.0996574937763623,-0.9234397420239128,0.030447671002215276,-0.17072751664877361,-0.559102667167118,0.7895993444887008,-1.0059852751675218,-0.8289983368648439,-0.6203212353122854,0.25186860367429187,-0.20147172685928594,-1.1005599638242052,0.8856052661869548,2.7555033073822166,-1.4936616357669958,0.6505436488881682,-1.2690049398176848,-0.40317988672684957,0.07497108691149279,-0.49882268244492256,-1.0931329973433457,0
0.08031683661532303,0.975470202954976,-0.840869455997675,0.08031683661532303,0.3475936560679294,-0.3797924069366323,0.47348114728384677,0.7412066368438949,-0.745716152159684,0.607698256476604,0.4524085062064113,0.7068618003684026,-0.6783568497545329,-0.6371904436946374,0.46568530000394676,-1.0348840688297407,-0.6273897698552874,-0.11947238388601653,0.9754702029549784,-1.1016374654201395,-0.5480429652729739,0.6363178566793443,0.14107560975014835,-0.29721943113187366,-0.2631762083275931,-0.5017442082655142,1.0626119457954697,0.47458430416404435,-1.0943878949481574,-0.1695543099556344,-0.10330902358020663,0
1.9864070751465277,-0.7473053331063974,0.19592931426263557,1.9864070751465277,-0.836999120164762,-0.3797924069366323,-0.7485434484720721,0.3346201559628287,-0.47331840874231446,-0.8978604870465134,1.4182987799506783,-0.5461217109913807,0.08432220049706048,-0.3196637691466812,0.6566763175310838,0.6070814862421056,1.006824304489829,1.255586367928447,-0.7473053331063964,1.9182762391343706,-0.27886255370564006,-0.4095059876970505,0.8653875492017832,-1.6969690166552522,-0.5121638169018157,-0.20443634893883603,3.604847610496492,0.7723088125782482,0.8211467981547512,-1.3302614741119436,0.7659339967372941,1
2.943577930859168,0.28630719210835287,-0.6173878425650676,2.943577930859168,-0.6853299179041288,-0.3797924069366323,-0.5920816674281147,-0.4568639216583847,0.28511699949379765,0.607698256476604,1.7001905989495667,0.6650753624074802,-0.6371849301534209,-0.5181838795380905,0.6872013534760216,-0.504021947543658,0.43105355993708455,1.7318395300124674,0.28630719210835537,3.434769701161744,-0.5458975222239717,1.1804385718934258,0.2933455503464888,-1.4887611069536322,-0.6665843303129602,-0.18684589602567422,1.436634637962217,1.7005286814342278,1.6156127371143467,1.2578814951003208,1.8877798157557832,0
-0.6788186696395291,1.2179476033150674,-0.4925226223020975,-0.6788186696395291,1.1034203369537934,-0.3797924069366323,1.253191114035876,-0.07301294073865272,-0.553421131297525,0.607698256476604,-0.46213399542112954,1.0773035350619453,-0.5957346648347878,-0.05317893402850417,0.03863080218632232,-0.8867541393786097,0.11776078338196404,-0.7285048839294875,1.217947603315067,-0.15340120083302325,-0.2956638978358587,0.8825986456643452,0.2133074039968949,-0.883635613354983,-0.16729360454652623,0.7394344264400234,0.4478209207825674,-0.9524615611004443,-0.16761942205030853,-0.9604455998028334,-0.9708334691022308,0
1.1612597857390798,0.6536382343314201,-0.2821949603562025,1.1612597857390798,0.28715083525651613,-0.3797924069366323,0.4111284002889539,0.1883126877418042,-0.3250141089701307,0.607698256476604,1.0982617077436059,0.7977289460693462,-0.48625900682687634,-0.36638352026198856,0.6109624088104322,-0.6919969797089656,-0.026757516729340597,0.899532683197642,0.6536382343314204,0.6109542891107732,-0.406692863655469,0.8074967231740191,0.3612212014605723,-0.7667598310112466,0.06720150609568004,-0.23077958929661044,1.1565765016772664,1.1567544715756253,0.20398949208607492,0.8020499238362244,1.103787212191226,0
-1.0088775854025083,0.8497411805460396,0.2449281316443103,-1.0088775854025083,0.7903373185115316,-0.3797924069366323,0.930215019021437,-0.8772960950991759,0.27199985583302433,0.607698256476604,-1.3856102720409507,1.0374634055627918,-0.14207488150309994,0.23041110534612783,-0.9640188883420252,-0.414371293491145,0.26369676153826704,-1.031294129966263,0.8497411805460403,0.36952757917641577,-0.09968944623721349,0.9088020381582844,0.40429316505609014,-0.08443437989937312,0.949716637090828,1.8950145346141487,-0.9708721752259623,-1.4895821114139414,0.2746811314086992,-1.4737391982771673,-1.3144012626148174,0
-1.0418834769788061,1.3381500752884454,-0.43524599988369467,-1.0418834769788061,1.5566244265869973,-0.3797924069366323,1.7207159508749588,0.214279579946198,-1.1539192112511318,0.607698256476604,-1.541576955057023,1.649125478573759,0.06125346595463631,0.7496783503389516,-1.2339630357919633,-1.0757072777335956,-0.4706447432151451,-0.9487978764531214,1.3381500752884445,0.42182045717735966,0.5323876273358529,0.9856805090780741,0.2990061429337133,1.232129099838484,-0.4005437967351955,2.2061322560456422,-1.3355769801173414,-1.322490163386153,0.15969533139679443,1.2866938264556245,0.9736904899176431,0
0.2618492402849616,-1.0232112674044676,-0.911030330807706,0.2618492402849616,-1.1045574324359506,-0.3797924069366323,-1.0245563070293908,0.5745864124287046,0.55413274048632,-0.8978604870465134,0.5911966778472257,-0.9831410672856675,-0.647567128548319,-0.5944912230671815,0.5045359572959571,0.25415312536263657,-0.5963231594564582,0.10594708362455124,-1.023211267404465,-0.8140266364149481,-0.5228860418009752,-0.813009566220635,0.9243296168649563,-0.17531578332802622,-0.282122965520776,-0.12725065469056548,0.03156095269079375,0.5800309563267314,-1.0234086285530646,-0.021421368162760787,0.07162790165396628,0
2.5970160693080393,0.24855722543007921,-0.416363129563787,2.5970160693080393,-0.5364715799677431,-0.3797924069366323,-0.43851957090738,-0.2526801653183061,0.10896795475602591,0.607698256476604,1.6063291607402732,0.3607346854439506,-0.7643766111857624,-0.8209090561225996,0.6779004924535882,-0.43844562268198367,-0.3498954025829046,1.3501171123683624,0.24855722543008055,2.885694482151833,-0.7174367466562116,0.7039457277786313,0.3611635415360802,-1.103663822162622,-0.9844053034035338,-0.3221156086920919,1.76365231777667,1.8833642034241773,1.059692369378205,1.1296119508529596,1.6948778925912937,0
-0.6045554135928588,0.4025278223572936,-1.339286318307366,-0.6045554135928588,-0.8993742539789249,-0.3797924069366323,-0.8128895674201257,0.5130298999351307,-0.2383538395673183,0.607698256476604,-0.33030684407353783,0.14656858131568354,-1.2834425100554931,-1.3630098010094798,0.12430023776944005,-0.991993862006703,-1.3460758630730905,-0.8141642815835033,0.4025278223572935,-0.271060176335147,-0.9740770534760586,0.6079654969132599,0.165642581578703,2.6246758286724274,-0.6446825748754346,0.2567237483419773,-0.8294441674824212,0.6680485015360764,0.031687172646644175,0.6927977741049698,0.21981918390199362,0
1.730611415430219,-0.43637641608459465,0.0661782375919658,1.730611415430219,-0.49202933914624986,-0.3797924069366323,-0.3926730045058098,1.0070577275853883,-0.5965428674423245,-0.8978604870465134,1.3287461253283481,-0.09345901132620356,0.08932703552274841,-0.261509889992252,0.6452061674507028,0.4588845089063449,0.43633848289700977,1.3789126314439057,-0.43637641608459354,1.5130064346270555,-0.32608718267225617,-0.08134443595715685,0.8089385855013372,-1.2377564374122882,-0.5029878754237719,0.040340383097121,0.9659434073355501,1.052093967444737,0.9517047396035315,0.6467482966278959,1.1064652971975615,0
-0.6623157238513802,0.24205090556951658,-1.389348835933541,-0.6623157238513802,-1.118994725776503,-0.3797924069366323,-1.0394498028469208,-0.2996131695238179,-0.2302524482835695,0.607698256476604,-0.43143034660083496,0.44803751907907585,-1.0326216654681932,-0.9662146643079508,0.059519337405662766,-0.8920028376662483,-0.7623114139831637,-0.8505586181928708,0.2420509055695183,-0.17954763983349517,-0.8088105082941021,1.1185242351604319,0.2026166156385796,0.6684360312872181,1.2310034400799885,-0.12725065469056548,-0.27704351593135074,-0.3839012588275061,-0.007963584570596519,-0.9977440365592275,-1.0615914462998424,0
-0.21673618757135824,-1.3894328375940566,1.1126666701048693,-0.21673618757135824,-0.20583592198657336,1.2376837551062287,-0.5867939121069877,0.24555537787705756,-0.3168553952512685,-0.8978604870465134,0.17849905706078564,-1.5076091859379792,0.6934967371035483,0.6447900020127368,0.37284736569576954,1.286206951703728,-0.2925036464605972,0.3857944451453319,-1.3894328375940563,-0.8855014928462379,0.6315839603585234,-1.3622778290139719,-1.440736555945559,0.6772661409431954,-0.2953564816459347,0.35424105704865055,-0.38424786265074257,0.47282203041203935,-0.46407970586967157,0.19453706584325636,-0.16834682259383554,0
0.9137155989168455,0.817711353544524,-1.1028360431008073,0.9137155989168455,-0.36113289103760865,-0.3797924069366323,-0.257640373634501,-0.38907100043728354,0.9681993039505647,0.607698256476604,0.9805314799053397,0.969315178926443,-1.3297978551920406,-0.6447690824518658,0.5904693676006829,-0.8996862933344643,-0.35428911038374533,0.5061393544130705,0.8177113535445266,0.2187577041036938,-0.662104040049039,1.5330720141175418,0.047435382110335184,-0.6223827489546367,-0.12135425025338013,-0.01191233590893014,0.5208759795965062,1.1402991340066782,-0.37418170637670095,1.595897135846993,1.196720282618786,0
-0.018700838113570727,0.5982831357281679,-0.5106795523647985,-0.018700838113570727,-0.20583592198657336,-0.3797924069366323,-0.09743619238814102,-0.43570905572499746,0.3732731164880165,0.607698256476604,0.36852810085025917,0.5061584446746208,-0.6332691367959209,-0.6514129774648996,0.4396906783976555,-0.634816621571962,-0.5051642688147606,-0.2375267405000187,0.5982831357281695,-1.1992587608519012,-0.6119804284842281,0.7104690956262388,0.23583392966028724,0.18197765938043925,0.18431963580796915,0.27720238317038004,0.5349947436377951,0.5818468778775541,-0.9445218276300313,0.7836343583336208,0.3531380578817092,0
0.3608669150138553,-0.38124858477410256,0.3054230944041307,0.3608669150138553,-0.5921071785062466,-0.1718311861025502,-0.5588306138373392,-0.06821512872611753,-0.23141253613526944,-0.8978604870465134,0.6600558255339363,-0.4968066886618779,0.3351842501349472,-0.07905586439533935,0.5220511886910602,0.4426661554761124,0.2095625169775683,0.617103905194079,-0.3812485847741011,-0.6571480024121163,-0.12944331361194228,-0.4205643707795829,0.14945071378261,0.028977243660931934,0.09990700771069341,-0.12725065469056548,0.9270983321731519,0.6590062959002221,-0.2308428249406376,-0.0450025082637374,0.22953023465152225,0
2.5310042861554436,-1.4939135378218371,-0.5906218116268459,2.5310042861554436,-1.1238779279358073,-0.24658848770957315,-1.084787356291461,-0.00846423623628137,0.1721471704746489,-0.8978604870465134,1.5874966053186181,-1.3219194542666206,-0.8509493293838366,-0.4293151807378853,0.6759359159371781,1.0999296203189106,0.37726959644804026,1.47337065992656,-1.4939135378218362,2.7811087261499456,-0.4133588469867737,-1.1759070554600404,-1.4836681609926208,-1.3029299467689197,-0.5886425787226431,-0.0611635570008714,0.22471502113955527,1.6590386094124698,1.1989710655657588,1.0732634520997435,1.630033028360768,0
-0.010449365219496248,-1.7722501543264046,2.4203771077386103,-0.010449365219496248,0.7375599282864664,2.8594446222141046,-0.10424182954979372,0.808591221142125,-0.9628745429535768,-0.8978604870465134,0.3757700369187336,-1.7678441262343643,2.718419517575695,2.3714549631545303,0.4420147008591455,1.990088675708228,1.5252610464695056,1.593497421322514,-1.772250154326403,-1.2123319803521373,2.795110085654788,-1.704059951661693,-1.2678703487554381,0.06410956403715294,0.6983680241458017,0.07363661577016879,0.2719875408950361,-0.1771422728168245,1.4616654155580115,-0.4436639237322504,-0.06959190987905893,1
0.4433816439546001,-0.3245434753510121,1.1423353444429134,0.4433816439546001,0.19069905724082775,-0.3797924069366323,0.3116288529302348,0.49340732945760757,-0.9158627038177511,-0.8978604870465134,0.7142912587265098,0.03311983000059414,1.0719577942229452,0.6635469277925882,0.5350884159430732,0.9789287898157653,0.8326698917977544,0.8932427528945245,-0.32454347535100947,-0.5264158074097567,0.3927080390959771,-0.5796443411732232,1.0386807920212968,-0.7472105779279403,0.09399701744091556,0.1672539845285676,0.4912052524602697,0.34551473448014675,0.20911647999932748,0.5803109600876524,0.8224413556571234,0
-0.32400533519432645,0.8586423502741065,-1.2321431009771107,-0.32400533519432645,-0.30280853831824717,-0.3797924069366323,-0.1974730359766839,0.5652458676131668,-0.016099086202553382,0.607698256476604,0.059814584224722314,1.3709117079431383,-0.6581043454218374,0.09868216800607817,0.3247852492618865,-1.0171819693935558,1.4157508462707145,-0.47741668350561967,0.8586423502741087,-0.7155496393431703,-0.09347312811474208,1.8846623277492354,0.03578858762777154,-0.8021172912920089,0.18430673253712374,-0.39569293645667847,0.8584456664875875,-0.5948788003226059,-0.5532263526270991,-0.9617837084212058,-0.7197403498719479,1
-0.6788186696395291,0.5982831357281679,-1.1932529659163977,-0.6788186696395291,-0.7750777736997762,-0.3797924069366323,-0.684665456050757,-0.696102118872112,0.7822853043205392,0.607698256476604,-0.46213399542112954,0.9080363389247119,-0.6383482120582002,-0.35407456153616435,0.03863080218632232,-0.7922775702011168,-0.14710607765511557,-0.8122373087160742,0.5982831357281695,-0.15340120083302325,-0.4252502604541664,1.5211976228378106,0.08033309698723845,0.02449210859757811,0.3529805775045915,0.7394344264400234,-0.28912055483702104,-0.7281128792740622,-0.06931574524587165,-0.41826651397652354,-0.5734826403042178,0
-0.18373029599506033,0.6563119153015236,-0.7804584479822175,-0.18373029599506033,-0.05257850037148016,-0.3797924069366323,0.06066399398256341,1.0218084478652885,-0.6895469838524166,0.607698256476604,0.21256143527270568,0.680199958518326,-1.1654048051974368,-0.9496185666580171,0.3857018489076714,-0.973963280157834,-0.7831987587755319,-0.4937414159108205,0.6563119153015239,-0.9377943708471818,-0.7643694346870816,0.9556263908400614,0.24385579801246857,0.04127686404620535,0.4677402290687956,0.3394259274566747,0.6279100112994241,0.28900600824906236,-0.5484722124362592,0.020808186276424383,-0.15627126453897625,0
-0.08471262126616656,-0.2198409255806824,0.8630842567898611,-0.08471262126616656,-0.1497134859021731,-0.23626987424832208,-0.08296223166406243,-0.13381971227260944,-0.499337743941913,0.607698256476604,0.3087921997764689,-0.2745609871985103,0.6792190754570885,0.17013095773942896,0.41992012111963456,0.46120029128055007,0.047226289539323965,0.22381965034539975,-0.21984092558068236,-1.0946730048500135,0.07947068864735649,-0.47850447878948615,0.5518749738430113,0.22731286413853502,-0.3150707810301158,0.29998846981043,0.13349091675094893,0.43693319575802414,-0.7898195374507279,0.45205339513440485,0.029208067894544727,0
0.10507125529754646,-0.4418387769275742,-0.2625864053013799,0.10507125529754646,-1.0208867551213865,-0.13275968400644986,-1.0129799989166741,-0.6203126871713126,0.24755912493724633,-0.8978604870465134,0.4724073673840736,-0.5992197999174309,-0.2373063517505103,-0.5636877863531139,0.47159316855083033,0.2870456594932722,-0.9339918824143952,0.21236688707671766,-0.44183877692757206,-1.0624178069194317,-0.45856252436469025,-0.22246967678233398,-1.5500971830905277,1.1189817228719476,-0.8858394196463285,-1.046462104374526,0.051540925019947365,1.113619907620586,-0.7786665417139191,0.6278023902048528,0.5042092790454014,0
-0.728327507003976,0.032502534887956645,-0.9030173022747433,-0.728327507003976,-1.0152266798912837,-0.3797924069366323,-0.9324028016584232,-0.5255298880144311,0.6485720502599308,0.607698256476604,-0.5598029556315302,-0.38871035488399497,-0.8595787055081037,-1.0164481929963625,-0.031868004178954634,-0.662372287582064,-1.0244291915721033,-0.8738277245165423,0.032502534887958866,-0.07496188383160746,-0.8146700172680534,-0.077107881516368,0.3499514762187343,0.8716103136492998,0.03739918330156663,-0.12725065469056548,-0.7112788696893089,-0.38810997018899296,0.02796895704923707,-0.6961809993212515,-0.9731655858965296,0
1.557330484654655,0.6989400950174339,-0.523373767460777,1.557330484654655,-0.010106868868177367,-0.3797924069366323,0.10447768199438603,-0.3907894979316042,0.5121243234442515,0.607698256476604,1.26361138358995,0.6302251977112199,-0.5628246077524411,-0.5394715031138388,0.6362511822446371,-0.80419103786866,0.17555387582592075,0.7745339526651691,0.6989400950174353,1.2384688251220999,-0.5259593286160086,0.7990263258750194,0.2276577946090256,-1.1458546724591947,-0.32326279263878493,-0.21620660143417456,2.27697526247996,1.073511335498415,0.11379974366016925,0.3392842783987759,1.0210623164433805,0
-0.538543630440263,0.5635992674774272,0.016607145600545766,-0.538543630440263,0.17202289337477686,-0.14553723864076965,0.22149004563552124,-1.0824764542508183,1.1799747811569041,0.607698256476604,-0.22517408209838416,0.2331863956783244,0.07446747889507091,-0.31744141528052405,0.18557084303961235,-0.6196134954974228,-0.9625276916181492,-0.3681609577202558,0.5635992674774284,-0.37564593233703486,-0.3064714972032112,0.20332029100311008,0.04364582808466547,1.5819144463365513,-0.5847904523713642,0.2214157572585262,-0.565697155892794,0.3911472486767602,-0.64528502220655,0.7738231785003353,0.16248657109239442,0
0.16283156555606781,-0.03328590707020761,0.037463955799215874,0.16283156555606781,-0.7155059520088596,-0.3797924069366323,-0.623211230783739,-0.6706616179205893,-0.003875347108216604,0.607698256476604,0.5176919309928615,-0.08793905254943385,-0.12149599538291896,-0.5736493185282308,0.48457674012479823,0.0008861849866728552,-0.5142112840121643,0.04122988166183985,-0.033285907070204734,-0.9709052704177799,-0.4560558339523124,0.16656650247285146,0.47892700352258494,0.24864455629867863,-0.02616224312026172,-0.8326919997968625,0.253176488726212,0.8589123795898854,-1.1160719419106322,0.6477499609639704,0.45576668794482583,0
-0.7613333985802739,-0.5332780659522546,-1.0877039572526954,-0.7613333985802739,-0.9031571903352469,-0.3797924069366323,-0.8167920403748457,2.4441242845753655,0.6580018751571929,-0.8978604870465134,-0.6301439715892172,-0.6712378348117544,-0.8284489711863101,-0.7909136710445053,-0.08670040912972625,-0.5245939575315535,-1.0266743228358273,-0.82041785390799,-0.5332780659522546,-0.022669005830663592,-0.7362670506394626,-0.5404787859004763,0.7146128092062531,1.423748349341635,0.32355027935584196,-0.12725065469056548,-0.9309042792305714,-0.31413786013701583,-0.03627171045813139,-0.742676274237253,-1.0527049452985395,0
-1.0336320040847318,0.48652400469800333,-1.3078040509150421,-1.0336320040847318,-0.7592655000410761,-0.3797924069366323,-0.6683535320601288,1.1261738154208378,-0.44483776477439957,0.607698256476604,-1.5004434884034585,0.09171661298546988,-1.3589349057063442,-1.4622311367142418,-1.158978550389201,-1.0757072777335956,-1.4502212052239065,-1.1645097636692825,0.4865240046980031,0.4087472376771237,-1.0134465904417305,0.455591185465044,0.1516043119623858,2.3335960652189542,-0.6284096034257585,0.9962300060342743,-1.358203400711645,-0.8311620481552461,0.5184648045190776,-0.9446702112189753,-1.33330558536506,0
-0.06820967547801761,-0.05917487728522588,-0.08364250986457494,-0.06820967547801761,-0.3718647954029241,-0.3797924069366323,-0.2687113942897373,0.508539866073616,-0.30231680971746866,-0.8978604870465134,0.3240359080747893,0.0018351897441864081,-0.39806309852062277,-0.6954882508663154,0.4250687037441207,-0.20311118741369552,-0.8854532792206147,-0.2221836735178478,-0.0591748772852233,-1.1208194438504855,-0.6054389111997609,0.05302155056768312,0.6131690315246761,0.07016884866985783,-0.6441102448726238,-0.12725065469056548,0.75113783175732,0.4164836023302614,-0.973976429350912,-0.4691014222595441,-0.365081153469407,0
-1.0336320040847318,1.7438142287873621,-0.9673583138082344,-1.0336320040847318,1.8971964746205372,-0.3797924069366323,2.0720496983654124,-0.4319684876856606,-0.5383271200678144,2.1132569999997215,-1.5004434884034585,1.7164655583860706,-0.8477875289533807,0.5203383787420437,-1.158978550389201,-1.0757072777335956,3.3135554474302182,-1.0955023202281442,1.743814228787364,0.4087472376771237,0.14103268501965044,1.4232479780199643,0.015541083373468401,-0.6346773941161554,1.408240036040492,0.9962300060342743,-0.9057246901943155,-1.657779079932887,0.3876815858169615,-1.376965150247444,-1.5804048137567972,0
-0.8686025462032421,0.2933233792469191,-1.2705863350106068,-0.8686025462032421,-0.8204960065492339,-0.3797924069366323,-0.7315188547472423,1.5456749692911802,-0.6067850903004799,0.607698256476604,-0.8962960640698678,0.4725370333436321,-0.994527332553399,-0.9965634226503642,-0.3293629672097236,-1.0757072777335956,-1.0737780490869415,-0.9819927109429841,0.29332337924692153,0.14728284767240415,-0.7883820886314185,1.00034066758138,0.25114840560536034,1.2148938733777657,0.9143431133599,0.5181531291300857,-1.4077358914325644,-0.7197387421789139,0.20146464042862988,2.1561250681279622,1.3119948253875415,0
-0.6870701425336035,1.2487941647135319,-1.0481219879123853,-0.6870701425336035,0.5304660383815913,-0.3797924069366323,0.662132094305895,0.0694982679318783,0.06561994481975583,0.607698256476604,-0.4778163876618818,1.6871340491623883,-0.9515119363461815,0.4761798411005311,0.027732435984927042,-0.9798614829158491,-0.09187568214036308,-0.4745807611724222,1.248794164713535,-0.1403279813327873,0.07705999067370276,2.2428456697024934,-0.01255749395903432,0.3024486038553134,1.120934212369328,-0.5668735219307194,-0.7534513123161054,-0.5791826113989083,-0.5578595448105931,1.896941922879157,1.3078488399754549,0
-0.934614329355838,0.5402543561548131,-0.35657967897254034,-0.934614329355838,0.33056505366625233,-0.3797924069366323,0.455914459909324,1.317226403801689,-0.9579995264022171,0.607698256476604,-1.0996574937763623,0.7782062804950317,-0.3924931172913518,-0.3074414369108201,-0.559102667167118,-0.9061339484406596,-1.0059240277089283,-0.8533218245688068,0.5402543561548165,0.25186860367429187,-0.38353866979378437,0.7615480561520829,0.4623825565718843,1.4063497629083752,0.07760795304353885,0.6505436488881682,-1.3190908187995536,-0.8814637988259064,0.01933777960787049,1.6275676204213447,0.873495373031186,0
-0.24974207914765614,0.6972174484433966,-1.0275056004642322,-0.24974207914765614,-0.3691430105928201,-0.3797924069366323,-0.26590360409462926,0.09178491456801738,0.7370426950298454,0.607698256476604,0.14333770468729545,0.9296257495763314,-0.6380666749480783,-0.3273285164080579,0.35914996555193773,-1.021499410172739,0.4382731515145084,-0.25875980002036897,0.6972174484434004,-0.8332086148452941,-0.4087180021374309,1.4095443584041063,0.1235277727297523,0.6867878621022826,0.4798146522835522,0.3700276705482993,0.4951899644541153,0.3385303455099349,-0.900176447989307,-0.043550843722756215,-0.02510049169668239,0
-0.45602890149951814,-0.016104045940240053,-0.06235696208136155,-0.45602890149951814,-0.6474384925166611,-0.3797924069366323,-0.5529929149717683,-0.23494336702887303,-0.26159123375038895,0.607698256476604,-0.10658903650239755,-0.18561279757815408,-0.27952857902581424,-0.6890242321814675,0.2479468458275483,0.0833351688768847,-0.1666063903313337,-0.7625723099064879,-0.016104045940238707,-0.5063781273393946,-0.5482063098963774,-0.0215221587156025,0.49043709224712534,-0.7482554334839366,0.6910910563908874,-0.43997207571706665,0.07464295999605977,-0.4530635801962355,-0.11692150156930145,-0.8578495871406704,-0.9970296469700739,0
-1.1574040974958488,1.9184378710219954,-0.6121434980585665,-1.1574040974958488,2.7826837995077414,-0.3797924069366323,2.9855174418405928,-1.3628899803318866,-0.14321620005092056,2.1132569999997215,-2.3842824229537594,1.2664858845175324,-0.9531957147755352,-0.09204085728425063,-3.595974325978934,-1.0757072777335956,-0.7789007293641523,-1.1831614067068505,1.9184378710219967,0.6048455301806631,-0.34117125451464037,0.20354602378605988,0.2990061429337133,0.7745063608584085,2.2105802547489315,-0.12725065469056548,-1.4926686847923833,-1.7035762035125366,0.5103331133468639,-1.5574529727164996,-1.9388900805965226,0
-0.505537738863965,-0.1643808243787838,0.5386092805546099,-0.505537738863965,-0.6108733933978907,0.06812406870600622,-0.650786844685606,-1.1357022410200641,0.30101242374202386,0.607698256476604,-0.17618123023542795,0.09707529127034085,0.5029451330184139,-0.02315731111699176,0.21216632554699685,0.23242983395476813,-0.5661395106688056,-0.35641733062252784,-0.16438082437878215,-0.4279388103379788,-0.04520221414371414,0.5938049165652026,-0.7039312087198208,0.788158230298039,-1.1792252193076578,0.2060897611288918,-0.2096576454778472,-0.10276469259394769,-0.7251822092483071,-0.3261652486257026,-0.4116556570532933,0
-0.315753862300252,1.025100080221661,-0.44618657304883874,-0.315753862300252,0.6330468068539362,-0.3797924069366323,0.7679543014304512,-0.4358262224262191,0.17203347031879218,0.607698256476604,0.06941735479052075,0.4965212434229534,-0.1909365250508588,-0.3638794896463862,0.3288715020761024,-0.7856476355219945,-0.848645776674699,-0.17662712629353466,1.0251000802216632,-0.7286228588434063,-0.3864604946814396,0.12866482424324252,0.19905010927322905,1.116373322354042,0.06004367467666636,0.40492439512646633,-0.09466150179449233,0.6840480315065857,-0.9257242236609194,0.555242015699866,0.24181421860345656,0
-0.3817656454528478,1.0288457313361279,-0.15787348372677812,-0.3817656454528478,0.9407030906621889,-0.3797924069366323,1.0853321830077884,-0.4638693430594471,-0.13337320803631406,0.607698256476604,-0.009883604774659847,1.12717404522722,0.22920950503853085,0.45936383087709387,0.2940227044907096,-0.6389759673848074,0.6362630705592432,-0.2618865861826123,1.02884573133613,-0.6240371028415184,0.21007508192955654,0.6873195171434486,0.31448952853994516,-0.43884491016416916,-0.03658078807949691,0.44508854982963664,1.020319845961212,-0.3985264985329224,-0.8774636361941411,-0.9100275331945793,-0.7389375955045662,1
0.8807097073405475,-0.7284250428186342,0.003309090764804611,0.8807097073405475,-0.6250748533158916,-0.22241634792705664,-0.5775357930852797,1.0102487690073065,-0.20471125613436128,-0.8978604870465134,0.9638275935995245,-0.5292269287961098,0.008919895882484288,-0.3196193754069695,0.5873782679484549,0.6861530663872188,0.17417028888539432,0.7493742314526992,-0.7284250428186331,0.16646482610274996,-0.33065499422183653,-0.48904549881367937,0.4717848459037673,-0.5029102767406431,0.07822972172455857,-0.4786094713651291,0.5958306099475897,1.0516999676134111,-0.038403897924261125,0.5971456352344614,0.749760804323048,0
-0.2332391333595072,-1.1842299400372294,0.000864990423650608,-0.2332391333595072,-0.9609995075254594,0.2776333879582081,-1.0753623451811265,-0.4407540732834622,0.2601396229041018,-0.8978604870465134,0.16106016668625944,-0.805337202903578,0.479544321564676,-0.01713578533448626,0.36610912852823924,0.9509675126868175,0.34859784928886034,-0.11954509984327799,-1.1842299400372278,-0.859355053845766,0.05973847331051589,-0.2996093282254863,-3.3152584400066973,-0.12816223635104662,0.11131709159186545,-1.1057660688702653,-0.4443072722897017,-0.1899433059619044,-1.0875782693260925,-0.3759459923659047,-0.2156552763805975,0
-1.1656555703899234,2.5185082052464622,-1.2782055885998926,-1.1656555703899234,4.231663058414076,-0.3797924069366323,4.480282840254525,-4.939149726146314,6.446430714148118,2.1132569999997215,-2.4791167770487,3.015198784988071,-0.5690069829019135,2.488643763492677,-3.9947554528936164,-1.0757072777335956,1.9698096408208903,-1.1910147300910896,2.5185082052464622,0.6179187496808991,2.100618731856827,0.38470483174698367,0.8254412535455969,-2.075587439078004,-2.6388707096123114,2.6303836943613157,-1.3757903862247398,-2.3985508595392475,0.6177200309394921,-2.944195283553713,-2.767258036345592,0
-0.8025907630506462,-0.2932499322624684,1.5880074625113223,-0.8025907630506462,0.42809250378494795,0.361305761853915,0.3323088596558644,-0.28957490378886963,-0.5052558678326499,0.607698256476604,-0.7249783213245267,-0.5857873177700589,1.513601725978122,0.7890740320330092,-0.1664566345126604,0.48745050320310573,-0.20327470407498086,-0.42713359905931075,-0.29324993226246765,0.04269709167051623,0.8036501347693672,-1.0187318028113208,0.17617128379094,0.7248357552514935,1.7609616956119638,0.42427621511980806,-0.9468246135407454,-0.768208548556631,-0.5692495962270385,-0.49328870618927145,-0.9552066905262624,0
-0.9758716938262103,0.36531465302925725,-0.0019441177315314842,-0.9758716938262103,-0.32303277380987977,-0.3797924069366323,-0.21833633490691481,-0.7575930823958675,0.1859050464730721,0.607698256476604,-1.2491940241170818,-0.06662492185587011,-0.21220470776010186,-0.5889092447096214,-0.7575910108803079,-0.10315435972999178,-0.4287777072647968,-1.0724877197548879,0.36531465302925975,0.3172347011754717,-0.5256801671598756,-0.10564363083600395,0.3534649474797705,0.7967708058297623,1.570815948416335,1.657100982931242,-1.253703262497258,-1.031319846109105,0.3353410146251504,0.021402564618551403,-0.6788137656138679,0
1.3757980809850163,1.2060390998491057,-0.38015360843411095,1.3757980809850163,1.008933327398263,-0.3797924069366323,1.1557184196442285,-0.9045051477056468,0.5091004968570771,0.607698256476604,1.1909239761561912,1.2806400429405842,-0.7588882067303824,0.08105313175466074,0.6256051899799504,-0.7647342443907506,0.2237639899945434,1.5028569805960874,1.206039099849108,0.9508579961169087,-0.21258977944935328,1.3476723341269428,0.1863856963849023,-0.8298704668659113,-0.3240157175645282,-0.032159815068089605,1.7668269840417672,1.2921923204521542,1.1218718238638212,1.4821051529621012,1.4156951588808884,0
-0.018700838113570727,0.7240121581371042,-0.3840167681704072,-0.018700838113570727,0.27232723345251714,-0.3797924069366323,0.39583638908845653,0.25940258847332764,-0.547763740746471,0.607698256476604,0.36852810085025917,0.5763038136043629,-0.45152076367837934,-0.5505011498559889,0.4396906783976555,-0.634816621571962,-0.45121210524896405,-0.15964795027298062,0.7240121581371048,-1.1992587608519012,-0.4950084346542762,0.4773346864356333,0.303664860726739,-0.21226820443006134,0.13367674158041593,0.27720238317038004,0.2366973301271691,0.31648262147147127,-1.0644548118330799,0.8994697447802446,0.5915514656122329,0
-0.7035730883217525,0.44065271957368113,-1.1284128951975134,-0.7035730883217525,-0.7559614428586612,-0.3797924069366323,-0.6649450703307438,0.3027264620887642,-0.04267548472970107,0.607698256476604,-0.5098748005253362,-0.13911345537826927,-1.0504704248001622,-1.2921889057929037,0.004959730489469959,-0.8782935510940582,-1.1623556075627093,-0.9622866865251248,0.4406527195736818,-0.11418154233231535,-0.9116211371830127,0.1297536811389274,0.1801336986019978,0.6711353406513725,0.26474286549991877,0.3254952832134764,-0.7575457745984905,-0.2896718478020972,0.16337496982972854,-0.14344383310054223,-0.5937353941115503,0
-0.934614329355838,-0.37853465375664175,0.733047920196249,-0.934614329355838,-0.588979476024306,0.6653460362295242,-0.8088870310563104,-1.5065966623605733,0.7421673383545523,0.607698256476604,-1.0996574937763623,-0.09493578447065325,1.5698228133367709,0.6631016135291635,-0.559102667167118,0.11130602731695673,1.7758421718799526,-0.933127587663274,-0.3785346537566392,0.25186860367429187,0.7789149641381592,0.7205617537394367,-2.1978003816826486,-0.5096079333858389,1.0179323214629719,0.6505436488881682,-0.9710437599051372,-1.5589155584879415,0.13437399814535525,-2.0135656607452366,-1.8844463258288144,0
-0.8603510733091676,1.4862443564912775,-0.541431141644991,-0.8603510733091676,1.7865105590096366,-0.3797924069366323,1.957866230431015,-0.055076550975027685,-1.0150354269144604,1.3604776282381628,-0.8733497958925129,2.0747453878880253,-0.11003917587818951,1.2231864807346415,-0.306030028932801,-1.0757072777335956,-0.25452466582494476,-0.5385344455838882,1.4862443564912795,0.1342096281721682,0.9356108250729206,1.4284727021007466,0.2551365503827232,0.5257370986986383,-1.3190919447226244,-0.12725065469056548,-1.0459204668110638,-1.0668637612539584,-0.43447675492976595,1.590321686951264,0.9744279608282396,0
0.8146979241879517,-0.5272671166737404,0.29628474355024503,0.8146979241879517,-0.5114348842110916,-0.2985963924277078,-0.4372571109020652,0.536610390801147,-0.423200669240754,-0.8978604870465134,0.9296316199024466,-0.64809297170813,0.2924651274715758,-0.02774106690076791,0.5809005053306341,0.5051755531248521,0.1360159891438419,0.9107672985945396,-0.5272671166737379,0.06187907010086223,-0.11810965702893561,-0.7581114531402557,0.6533972223670624,-0.33944339511632166,-0.1578741222274267,-0.006398153337694191,0.634162640691757,1.1294273387688538,0.20731670332632895,0.5869482057679413,0.665236122788298,0
-0.8108422359447207,-0.03734692200589695,-1.4955290409149256,-0.8108422359447207,-1.2020091624846783,-0.3797924069366323,-1.125087403797719,0.5191646405850784,-0.9545009655277308,-0.8978604870465134,-0.7449771846820037,-0.6001777371431469,-1.258977614362114,-1.1661776458492672,-0.18418024015331114,-0.9532376510220307,-1.1124386267172457,-1.008788541193837,-0.03734692200589334,0.05577031117075219,-0.9247143625963065,-0.23391830550579493,-1.2802991889019373,0.7724714384685529,0.3645169269794972,0.9962300060342743,-0.8909487349521011,-0.539519207624041,0.23423455986577435,-1.0245428497608862,-1.259621632330539,0
-1.0501349498728807,-2.192901161750209,2.643093699450781,-1.0501349498728807,0.7106434592716834,3.696247521411378,-0.38517853158282284,1.0412442105602735,-1.0739480835069173,-2.403419230569631,-1.5843239046586846,-2.376594354325766,2.5848313984579896,2.664801641409955,-1.3149462800269485,2.3632398403271475,0.321269321902602,-0.725959825425336,-2.192901161750209,0.4348936766775956,3.2182135513086685,-2.0385027464389185,-1.9693098483792555,1.4835140199316752,-0.016829725242575196,-1.3406097682733953,-1.5756093299187444,-1.4837340221896953,-0.13591833059156805,-1.7959861702273805,-1.8526900116143385,1
-0.043455256795794164,0.6034149325611861,-0.8522551168627087,-0.043455256795794164,-0.5514470462410179,-0.3797924069366323,-0.45396824532615787,-1.0011523977269383,1.3291196633387887,0.607698256476604,0.34650902123989474,0.8173106549140955,-0.68864900822197,-0.45569595553411274,0.43252889489388346,-0.7607853804752859,0.14238314678508915,-0.33736574982002177,0.6034149325611887,-1.1600391023511933,-0.4965290812594749,1.3303172773909595,0.13424400907808567,-0.6832248282741242,0.18755931332480894,-0.7463114269267033,1.506319203161971,-0.04486720943625143,-0.7524998709191721,-0.6446045775647398,-0.35247162141021704,0
1.6150907949131763,-1.2085296259588678,0.3332161040701085,1.6150907949131763,-0.8413257478215712,-0.08697344656680399,-0.8415974144433527,0.5822976654144285,-0.4203516016462114,-0.8978604870465134,1.28575829973373,-1.0672231966971568,0.23430525412341865,0.11789819743076604,0.6393562633218356,1.3377889865994856,-0.026705583319632097,1.950205549668672,-1.2085296259588671,1.3299813616237517,0.020960531011133227,-0.961200889947036,-0.19615104061691394,-0.4674979943289332,-0.9372098295939539,-0.12725065469056548,0.5704243702001963,1.6599644722829445,1.817334867369495,1.2005298162640108,1.3498208397127827,0
0.2783521860731105,-1.0321383806715811,0.801034523799085,0.2783521860731105,-0.6235859905825528,-0.16065047530501883,-0.5946867785540658,0.7083278073019631,-0.7551462714155442,-0.8978604870465134,0.6029795745614633,-0.959100591983184,0.5545294535548829,0.4094758265508175,0.5076121090463523,1.555414380005186,0.6371348509993191,0.6464447939490835,-1.032138380671579,-0.7878801974144761,0.18335525765190308,-1.1046317220404338,0.4786625695711025,-0.18945606801320974,0.66908711265963,0.1989211500360011,0.5187178759164488,0.5041691054539428,-0.1724110902429105,-0.2646411106144163,0.0539107615471983,0
2.2587056806509858,-0.7687986290563176,0.4632118814788518,2.2587056806509858,-0.6127235835984753,0.0029343468988616266,-0.6329727391790478,0.157786633340378,-0.25251467258754967,-0.8978604870465134,1.5061776988412363,-0.6678746198778635,0.15288900357634816,-0.20586874851556392,0.6670520870949287,0.7251137122223731,0.12399419740960942,1.7935026617701968,-0.768798629056317,2.3496924826421584,-0.2016236964164027,-0.5305752092214798,-0.14439009606379594,-1.1628114064803454,-0.7870904504109653,-0.2696636961908962,1.5691994580382078,1.5886929418267304,1.5971877311710045,0.3875765651488215,1.3104748185075215,0
0.2948551318612595,0.5742073654796485,-0.7717258441738761,0.2948551318612595,-0.43898285061378944,-0.3797924069366323,-0.33795030569676565,-0.45783512881588795,0.6666653438532416,0.607698256476604,0.6146364485511062,0.7820936528078019,-1.1118368395478233,-0.739268126128731,0.5106228107595016,-0.7591102640005075,-0.8141469337367357,0.052282707165583815,0.574207365479651,-0.7617337584140043,-0.6931582689280308,1.278829766730104,0.18344721621403146,0.16045770566440742,-0.133360948541074,-0.12725065469056548,0.5528226304573451,0.9755816625079283,-1.0663230176253806,0.7224419278285162,0.5376330004364773,0
0.4103757523783022,0.6673718559627813,0.118829577100217,0.4103757523783022,0.6621170004276172,-0.3797924069366323,0.7979430809192142,0.009066308020140353,-0.5095162509106972,0.607698256476604,0.6929198424212456,0.7708211913027649,-0.2636252318070905,-0.17951919788973675,0.5300284227917955,-0.42091917452324845,-0.1523586529110039,0.30726121130294054,0.6673718559627831,-0.5787086854107006,-0.3038028298630193,0.5329485880969665,0.49973319949795686,-0.7417425186675343,-0.378629603143674,0.17308575956261024,1.0691553011436814,0.44673288397387706,-0.7080160382512363,0.8520975424739867,0.8426234605961906,0
-1.1574040974958488,-0.12465874312321353,1.145017188002685,-1.1574040974958488,0.2922506982624792,-0.3797924069366323,0.4163894133166481,0.2705029161446273,-0.6949223042777866,-0.1450811152849547,-2.3842824229537594,0.1341668799351413,1.4960719652213927,1.0042620676805754,-3.595974325978934,0.5776326828725309,0.27239373679300755,-1.1941778742319638,-0.12465874312321178,0.6048455301806631,0.613790751587479,-0.46804186857813335,0.9424268336815711,-0.17325874221654175,-0.5334025884479567,-0.12725065469056548,-1.6974878646628333,-2.083600653808728,0.5284119281416747,-2.1713562647537614,-1.8817710573886557,0
2.1184306414517198,-0.9980758211657298,-0.3299097309945776,2.1184306414517198,-1.0850988555313554,-0.1306457120498346,-1.079860700117102,-0.3045418780550823,0.19875937988463602,-0.8978604870465134,1.4617921156911282,-0.9196401990989269,-0.43781107418426496,-0.532550814261035,0.6619160926920231,0.5735902868808289,-0.4792529660909018,1.7502366671996201,-0.9980758211657281,2.127447751138147,-0.4471833888914302,-0.60886592996512,-2.4385220725361876,-0.747513591865595,-1.0590507461461354,-0.49808167962419286,0.8978127972067484,1.6185243940362313,1.5219059720978354,0.7861781338540891,1.538342063617128,0
-0.9098599106736145,1.2448895366884107,-0.1739342392456621,-0.9098599106736145,1.3595791702247344,-0.3797924069366323,1.517444282684053,-0.9774698710360717,0.6651953908819859,0.607698256476604,-1.0188866599854054,1.7137808538502446,0.03885916012066924,0.9715007299667101,-0.4626940430778544,-0.9182463291044407,0.048043981025101885,-0.7655173061755776,1.244889536688411,0.212648945173584,0.6000163833264756,1.2530860518853166,0.2990061429337133,0.16359358910409214,-0.4544996471932806,1.3172244805270894,-0.8775310077569424,-1.2878290225384923,-0.12771835785291769,0.640980278596231,0.21815177672539357,0
0.5754052102597917,0.02400733067113632,0.09909106716071553,0.5754052102597917,-0.07121791651385635,-0.3797924069366323,0.041435592937477755,0.5059509260073352,-0.2893956327755698,-0.8978604870465134,0.7958176468589303,0.33691431340312084,0.26465973854071906,-0.09476490244263967,0.5535049675927697,-0.3607494569309463,0.6629790404470914,0.5206098299081037,0.024007330671138218,-0.3172442954059811,-0.15304739744696952,0.22626875245623748,0.6733599993688306,-1.0799404121773932,0.13046732067048106,0.146028424945204,2.5409686223789643,0.3136280046100286,-0.3765658116406159,-1.1511073395172557,-0.163829519874122,1
0.5754052102597917,-1.989356068715202,2.3532937372764398,0.5754052102597917,0.6287957119442713,3.200512935531215,-0.31963104890913085,0.9108068756767439,-0.9697235058522266,-2.403419230569631,0.7958176468589303,-1.9583580370355793,2.7859879978071147,2.679471221331307,0.5535049675927697,2.3203423710789886,3.32649999870315,2.7435730013699784,-1.9893560687152,-0.3172442954059811,3.0719785297470947,-1.6348648509587898,-1.7289152056227595,-0.6859354391795297,0.1132573995444496,0.146028424945204,1.5468646276396287,-0.1964781465483664,3.2369876321050985,-1.7710168848453913,-0.48131872715674223,1
1.681102578065772,-2.086525932678379,1.1120834947045792,1.681102578065772,-0.3457478939666443,1.9101176651689915,-0.9345677971880781,0.5032936770659663,-0.6192001102373794,-1.6506398588080722,1.3105299830620105,-1.795853210941419,0.5861358886284712,0.8898734657280923,0.6427554050468,2.2309726434786574,1.8085017705603188,2.1067993636312554,-2.086525932678377,1.4345671176256394,0.8124374906125766,-1.3809587903855987,-2.8754094192689768,-1.2832460290670087,-0.12641083707607154,-0.12725065469056548,0.5760912369699437,0.9041410693997031,2.0613020241723015,0.08105591898150549,0.8720997644906364,0
-1.1161467330254764,1.1973449483825092,-0.16811756357168872,-1.1161467330254764,1.2591247258047575,-0.3797924069366323,1.4138155890965325,-0.4798040104812563,-0.2853084028447498,0.607698256476604,-2.0046603387376125,1.6056359661910824,-0.3422891389915357,0.5775194767050714,-2.3058000918431945,-0.6866861105321541,0.6600267070672963,-1.1567291562423048,1.1973449483825105,0.5394794326794833,0.24857997236928586,1.4911023751366062,0.2990061429337133,-0.11409636626443559,1.9640615313470524,-1.9116022923123728,-1.4436639461918137,-1.9114537321801162,0.4724580889880859,-0.6544734526194227,-0.04170133274208917,0
0.3773698608020043,-1.6057847268042382,-0.2572906722175198,0.3773698608020043,-1.0510738230152685,-0.27686210571572295,-1.0005236205965582,0.98565181374543,-0.17049995998581802,-0.8978604870465134,0.6711209694844033,-1.8117844215918362,-0.5810910283669442,0.42303821821998755,0.5247639854727884,1.7633613414890459,0.5050172976550876,0.6877110996949698,-1.6057847268042371,-0.6310015634116445,0.11587407977635175,-1.8828147440014007,0.19808334970760105,-0.47919082423678333,0.08021521679711392,0.1791531618707569,-0.46023883553881184,0.6670907188905848,-0.1193424078106748,0.48275548730090223,0.217945228539103,0
0.7239317223531324,0.566850880125934,-0.5708070443322342,0.7239317223531324,-0.05640993591185747,-0.3797924069366323,0.05671148932329582,0.5517566365288219,-0.37620126280924526,0.607698256476604,0.8807884985253714,0.9453623364135157,-0.570531764113916,-0.2850997184155812,0.5712884502795038,-0.8001506176325746,0.6920696004757585,0.37972266271399885,0.5668508801259357,-0.0819263444017336,-0.3641807463038361,1.2033244490317543,0.3044333090224956,-1.1974860540902925,-0.21389680351145846,-0.12725065469056548,0.7308662595786037,0.3570464448675318,-0.5448864040504922,1.0759561116786347,1.0521534516124615,0
-0.8520996004150931,1.283378012936044,-0.26964153110772626,-0.8520996004150931,1.3595791702247344,-0.3797924069366323,1.517444282684053,-0.6322846885560937,-0.21593023693394647,0.607698256476604,-0.8508766805475935,1.1614574453809394,-0.2845260682628194,0.2557505266859513,-0.28364945548350684,-0.6708076955443402,0.6727372267076237,-0.9220384041808992,1.2833780129360457,0.12113640867193223,-0.08040561251456625,0.6826361270992359,0.2614036350328646,-0.7045292198250541,0.09668143714068932,-0.7463114269267033,-0.22646366528974005,-1.3200985540042662,0.12034513178239131,-1.5812201773153047,-1.4745751562338731,0
0.05556241793309959,0.3231026338520063,0.37034454564575475,0.05556241793309959,0.3392400020595596,-0.3797924069366323,0.4648635270623829,-0.09263101027401675,-0.2345583409164464,0.607698256476604,0.43203581290970455,0.48356605874411474,0.5577666405516738,0.10710040632874397,0.4595544930213326,-0.4102119476782994,0.23749083889517242,0.14365030746462523,0.32310263385200877,-1.1408571239208474,0.09290476587840084,0.03110873402110411,0.6291434156903183,-0.21164390559875917,0.20760911735643703,0.0635290801495019,-0.19427805587621802,0.3517167597253244,-0.9635509499892062,1.3469207237226994,1.31740685729605,0
-0.9676202209321358,-0.5332780659522546,1.0335424226189152,-0.9676202209321358,-0.34814638491487404,-0.3797924069366323,-0.24424350830379501,0.05278640876108235,-0.620976093414496,-0.8978604870465134,-1.2176002904233238,-0.5767967463056629,0.5371302211598039,0.12346666746521337,-0.7133564657099398,0.4359178291062914,-0.7832266594731527,-0.8714644559055444,-0.5332780659522539,0.30416148167523577,0.0005209824736943149,-0.7547064232300582,0.9307282756679737,2.0314779210718203,0.6036265733819692,0.7394344264400234,-1.5934506267376782,-0.8251130826594766,0.07741356156273813,2.0759489279314507,1.610219424163151,0
0.48463900842497254,-0.9194032153408357,-0.6599498678178474,0.48463900842497254,-1.0887003578782588,-0.3797924069366323,-1.0081981664809898,0.6093150120058426,-0.026649398368974724,-0.8978604870465134,0.7404293772303489,-0.7314195653488432,-0.5320931451517535,-0.7157736272038393,0.5411436210174664,0.3974107914320526,-0.6007211333365047,0.12310804953825898,-0.919403215340833,-0.4610497099085768,-0.572263898441425,-0.48922963577409606,0.8712182196857609,-0.4051747964318962,-0.33320451433663034,0.016512273459056905,0.36145473316626064,0.686809393017566,-0.9252927874587482,-0.24723848347420654,0.3297549254828346,0
-0.8025907630506462,-1.664839267632678,-0.01004068138374382,-0.8025907630506462,-1.0933357180667032,-0.009243322541358661,-1.125087403797719,0.06568298182113376,-0.3642019454204973,-0.8978604870465134,-0.7249783213245267,-1.6331210333915955,0.6366604333696837,0.49505490331390317,-0.1664566345126604,1.5696366592362068,0.21643212029015316,-0.5150471913884322,-1.6648392676326758,0.04269709167051623,0.6801901720970522,-1.4726437920097402,-4.068455515475987,-0.42496939219437446,0.9883921255378683,0.42427621511980806,-1.2198999662347754,-1.4417005994500198,-0.46995111774584986,-1.258468120705926,-1.1629559075773215,0
-0.6293098322750822,-0.5134261150455804,-1.4619134054712766,-0.6293098322750822,-1.2020091624846783,-0.3797924069366323,-1.125087403797719,1.0570420044968982,-0.3015694704018508,-0.8978604870465134,-0.37250207924245515,-0.5640517649809254,-1.1249016096313558,-1.1179089031781593,0.09799821807286425,-0.6406178144161939,-1.1948581044857587,-0.8099831140409686,-0.5134261150455808,-0.23184051783443926,-0.8844141717825523,-0.18662821188738998,-1.2802991889019373,0.9823094222750444,-0.26779892646807346,-0.12725065469056548,-1.0734611356163672,-0.13490696755910536,-0.0662914480681934,0.5329833317534559,0.2229244481117936,0
-0.8686025462032421,-0.42894972820866994,0.5962421709242136,-0.8686025462032421,-0.0574696946783449,-0.3797924069366323,0.05561824335371108,0.92598198220338,-0.6089476494614765,-0.8978604870465134,-0.8962960640698678,-0.3519532186344346,0.23291261293589033,-0.14657422002994305,-0.3293629672097236,0.47210034496150155,-0.9587595874345579,-0.7583911423639532,-0.42894972820866756,0.14728284767240415,-0.23923355614997166,-0.727705663746797,0.9916839200546128,1.9385036159659792,-0.6048722779478004,0.5181531291300857,-1.6857916551576588,-0.47582819614994354,-0.08994272338376982,2.8564832730532506,2.2306591935520172,0
0.7816920326116538,-0.21564685144546986,-0.6923949961351318,0.7816920326116538,-0.9358252196795166,-0.29728147721298837,-0.8754555305808175,-0.028272924869205584,0.464594667017534,-0.8978604870465134,0.9121226929882875,0.08650524015432819,-0.26451318328143364,-0.5733154586218181,0.5775042694642036,-0.37956413642575293,0.5130555802139594,0.2980262847307334,-0.2156468514454665,0.009586192099918374,-0.5230522748584625,0.5619272899667148,0.0167266075054618,-0.9302931236415637,0.2979878788051937,-0.00444102780971457,1.4750650118460018,0.4934415873188733,-0.6348745980119256,-0.6766283650543442,0.09401772504786181,0
-1.0006261125084337,1.5838364404175684,0.5480548942610769,-1.0006261125084337,2.6541453168628246,-0.3797924069366323,2.8529172855296796,-2.1069668010704743,0.951856683973755,2.1132569999997215,-1.349872398250264,0.8475647487981899,0.8469679233379463,0.8280873808857828,-0.9074176961347789,-0.22237052387236908,-0.2030410070835984,-0.8302345081382889,1.5838364404175729,0.35645435967617983,0.4375406678575766,-1.4715284617955968,0.7297257788888909,1.3852784697747151,2.339156988222377,0.8512647594891343,-0.9992859803070392,-0.9559304503380818,0.001628617378920958,-0.3756400300500996,-0.9237508100373001,0
1.3840495538790907,-2.2600876080999845,1.694216229648449,1.3840495538790907,0.23621595348446084,3.123054406487439,-0.701181279091268,0.9187391030572531,-0.7329980384398144,-2.403419230569631,1.1943352690322966,-2.1315749023327513,1.5912754939643985,1.833018105918075,0.6261208552302696,2.747641381168072,2.0903031053066243,3.2038650108351057,-2.2600876080999828,0.9639312156171447,2.003721994546823,-1.5348833726370215,-2.466867215995389,-1.1420471372316812,-0.3226163786951386,-0.12725065469056548,0.549116971238661,0.40784430950885503,3.8602540197228556,-0.1636666900407284,0.4676713743182993,0
-0.7860878172624973,-2.1677553572684216,2.3807857147156732,-0.7860878172624973,0.8951976596165953,4.2683233008286425,-0.367870721706451,0.8993073433410383,-0.8989568502313334,-2.403419230569631,-0.6860489162337158,-2.283278128714619,2.8027740629507285,2.604681627760263,-0.13287506593037388,2.405008428805618,0.14368468830451211,0.18262606055677502,-2.1677553572684203,0.0165506526700443,3.420522015831914,-1.430389882922117,-2.2264595904070794,1.1007901008948904,0.7873286325103936,-0.6594257045075973,-1.0451678664598338,-1.056918400819763,-0.46585110427757337,-1.45349206171978,-1.4548286801968007,1
-0.07646114837209209,0.078661791366762,-0.07213451608972717,-0.07646114837209209,-0.5332495045279085,-0.23727352832306553,-0.4783139140993832,-0.7293139331030102,0.5512785580701878,0.607698256476604,0.31644070398633284,0.33618412428305816,0.08222485456077419,-0.266579794872014,0.42251241446902604,-0.28950366010271034,1.0934804793456396,-0.32369514985486475,0.07866179136676141,-1.1077462243502496,-0.2729030566429075,0.6354747498254587,0.09848410769080075,-0.9722468272080397,0.15779291710023868,0.08487506446727464,0.19364673025151047,-0.27886766222722287,-0.7530619087069538,0.13562978677664983,0.11893119173607097,0
0.855955288658324,-0.689457085975855,0.14286875530425786,0.855955288658324,-0.7350529560011916,-0.22057209723553817,-0.6915470489843033,0.13680575425700986,-0.06225938635173516,-0.8978604870465134,0.9511295014041731,-0.44610829483937375,0.11626021430791324,-0.3210553732254146,0.5849965515171953,0.29346487714335284,-0.21992452292123674,0.644590537038916,-0.6894570859758521,0.12724516760204205,-0.28134229080574924,-0.2699940501582289,0.2990061429337133,-0.645615101961626,-0.8130108368512308,-0.12725065469056548,0.82652998921582,0.8699103073864171,-0.19163162471953862,0.3796757741027342,0.7003211487959244,0
0.08031683661532303,0.30025878631439457,-1.1971839421264865,0.08031683661532303,-1.0175326364665107,-0.3797924069366323,-0.9347816239070564,-0.46958096818957945,0.0622510778628713,0.607698256476604,0.4524085062064113,0.4002240676634582,-1.1213616323766324,-1.038149175107522,0.46568530000394676,-0.7491216065027558,-0.8677827472098081,-0.3497274625544723,0.30025878631439634,-1.1016374654201395,-0.8552721934593327,0.997544922620647,0.19506035676194028,-0.007582144309183137,0.03303924691055597,0.24724289888438333,0.5745270721915137,0.5137459105121173,-0.7333730092179315,0.2752924877848047,0.20328171559556235,0
-0.3982685912409968,0.7215942923215477,0.1637503292756768,-0.3982685912409968,0.6370798968964387,-0.3797924069366323,0.7721148326507329,-0.45368623131466634,-0.10831139672738363,0.607698256476604,-0.030644373771887286,0.7411960431110055,0.507473105053322,0.35301136592715127,0.28447279361394456,-0.4398072928850854,-0.5395253068541898,0.038175811456857965,0.7215942923215496,-0.5978906638410465,0.1627030783803188,0.27465122587807417,0.4452381181036809,0.9954519726491992,-1.216495074849769,-0.12725065469056548,0.215882293261474,0.10885597904464349,-0.844546906690993,-0.013046683719175107,0.029910331727932594,0
0.38562133369607876,-1.640198906457057,1.0833690166896626,0.38562133369607876,-0.48116018443579833,1.1564035459583464,-0.846227276078537,0.3417613668985641,-0.5756035761072188,-0.8978604870465134,0.6766116980543879,-1.3836755323257781,1.0968346315834774,0.7382065058918938,0.5260999356467074,1.74909466501054,1.1514233241869112,0.5400977064541786,-1.6401989064570561,-0.6179283439114085,0.8603620906926979,-0.958095480364931,-2.163958124571885,-1.0575833502831498,0.2641478683731711,0.025181394754510807,0.17751675323553842,0.2558338804423537,-0.342036084550806,-0.3364797304827959,-0.1945277440615549,0
0.2618492402849616,1.0164687972187587,-0.24483361209164423,0.2618492402849616,1.0393806286360578,-0.3797924069366323,1.1871278218738317,0.20482770890332228,-0.8075138178590271,0.607698256476604,0.5911966778472257,0.9886702777768122,-0.6722782243503767,-0.3020161698411703,0.5045359572959571,-0.7881698932803562,-0.5643758314936975,0.41069966050738654,1.0164687972187618,-0.8140266364149481,-0.3863541132738153,0.7400151966506133,0.36767159214395884,-0.16496422160572008,0.0022092240215748488,-0.12725065469056548,1.6156023056314515,0.8601297921606739,-0.5573224992163636,0.2294426753199055,0.3213362091807102,0
-1.0748893685551042,-2.7106761358524634,0.07612660263822575,-1.0748893685551042,-1.2020091624846783,-0.3797924069366323,-1.125087403797719,1.8517967283593602,-0.6894580316819742,-2.403419230569631,-1.7236504558887236,-2.3175044184276934,0.46253116190739,1.638490360415357,-1.602068691405516,3.433401705737658,5.494445489470541,-1.0150421135183239,-2.7106761358524616,0.4741133351783035,1.2525740462770005,-2.4819557885291097,-1.2802991889019373,-0.5238666203413264,2.4597190505538453,2.6303836943613157,-1.8113952179230381,-1.783910289461955,0.2719333412701036,-2.054029045639542,-2.014299415128114,0
0.19583745713236575,1.1576344115588322,-0.7895122699583361,0.19583745713236575,0.6997761148298858,-0.3797924069366323,0.8367921816205663,0.3374452863139935,-0.6190888872478376,0.607698256476604,0.5427483757124095,1.1756892561477932,-0.7520342426393506,-0.10196505969003587,0.49153222489656384,-1.0005554613424081,-0.07666311626245209,0.1544849850965848,1.157634411558834,-0.918612392416836,-0.29278673512428666,1.2104571786206741,0.11475385421955427,-0.5776648810231171,-0.3922425825349493,-0.12725065469056548,1.2905910515633927,0.3834189874870984,-0.9419561951939058,0.612481012441731,0.43553998737462774,0
-0.7943392901565718,1.547986287138524,-1.7539278729203371,-0.7943392901565718,0.6124492398511556,-0.3797924069366323,0.7467058741268694,2.460780331758286,-1.00894228750305,0.607698256476604,-0.7053398175446092,1.2169998638436321,-1.2950006424245453,-0.4669281929066481,-0.1493660147877476,-1.0757072777335956,-0.5209228895026333,-0.8653199575169499,1.547986287138526,0.029623872170280265,-0.4800484959442918,1.4477008185328675,-0.22742896767817025,1.1733874871698,1.3357819605008572,-0.12725065469056548,-0.3981123978956569,-0.4034399439458141,0.025215820059740747,0.01884715237015314,-0.43915285378091884,0
-0.8933569648854656,2.0041622044826344,-1.0725692927202737,-0.8933569648854656,2.60156139214445,-0.3797924069366323,2.7986717670388517,-1.163868182797509,-0.08456260029581224,2.1132569999997215,-0.9681841467177311,2.176854490317246,-0.3775918202741116,1.3208184303662507,-0.40572531066146866,-1.0757072777335956,0.0678467254194474,-0.6143044730503435,2.004162204482635,0.18650250617311206,0.9203143677955488,1.2770073954055776,0.03578858762777154,1.2676050545091722,0.9282683534855829,-0.12725065469056548,-1.17158438840916,-0.8153666099911218,-0.3140058217564022,2.460913829375649,1.8409576890621964,0
-1.0336320040847318,-1.8883575296930089,1.4378935766765062,-1.0336320040847318,-0.09515000637567281,3.3943186378300436,-1.125087403797719,-0.4672944812524207,-0.526623932184791,-0.8978604870465134,-1.5004434884034585,-1.8323608471882482,1.1681613184839303,0.9169386523658497,-1.158978550389201,1.6186245099208325,3.342016387647624,-1.1938506524242871,-1.8883575296930086,0.4087472376771237,1.2469612235841168,-0.5579589904004733,-4.486767589901592,-2.9924741364947756,-2.2752143047480486,0.9962300060342743,-1.6301910629480958,-2.237756043489124,0.6853108666022979,-1.7978362199178215,-1.7387570932010794,0
0.17933451134421677,-0.13007809753739163,0.46550773637718557,0.17933451134421677,-0.3432391275725189,-0.02840965449283832,-0.34548993307321146,-0.6324424013387158,0.1881558460767138,0.607698256476604,0.5302921562286327,-0.44640585590382376,0.31058428234511776,-0.21238312116390248,0.48809445656109257,0.02651936267048863,-0.21888476189743872,0.3282034069942449,-0.13007809753739052,-0.944758831417308,-0.15670930610228684,-0.4439274850587458,-0.06773187372073962,-0.19067837957107656,0.24024141841544047,0.2214157572585262,0.489655261487476,0.4824661616888784,-0.681329741121368,0.43808031547110693,0.31267010448273336,0
0.8972126531286965,0.6214057145619959,0.5697394800899291,0.8972126531286965,0.8361383870401802,-0.3797924069366323,0.977463350580498,-0.46067931372677734,-0.32568589158032646,0.607698256476604,0.9722115368561538,0.5323183357552486,0.12433309060742487,0.052288801902067465,0.5889356610682546,-0.18885825671881518,-0.004797471507731401,1.0470733604811717,0.6214057145619959,0.19261126510322188,-0.17988419841523356,-0.0021149834178128117,0.6173157446990384,-0.6068200082964171,-0.1033035089104514,-0.24347279200692937,1.162743150325259,0.9801578602024331,0.4190496300783737,1.3141938903902102,1.1784168273195705,0
-0.13422145863061344,-0.5776530150377621,0.7573061879740111,-0.13422145863061344,-0.45487923211109954,0.06977082045469239,-0.4903616555741561,-0.11662771402202432,-0.33530313343089335,-0.8978604870465134,0.2617385310102772,-0.4201074783300463,0.2842092821400216,-0.15959049495736957,0.4035657998418585,0.6748879746728913,-0.5491424673138185,0.049410426853755615,-0.5776530150377606,-1.0162336878485976,-0.18068926930853121,-0.23206238753235306,-0.14780012741754947,0.7070845940298314,-0.39116440618853854,-0.12725065469056548,0.02684072674131634,0.5612582721416594,-1.000381109800957,0.10632022998682732,0.020536330064214462,0
-0.538543630440263,0.5419218498207139,1.3162916113811816,-0.538543630440263,1.6834581548201777,0.08871792965509301,1.7098124897459446,-0.4778408748725276,-0.38535793614307967,0.607698256476604,-0.22517408209838416,0.6797211822570907,1.4371217389379933,1.2507820459870669,0.18557084303961235,0.14054280822953188,0.8155793467674705,-0.13550625246217143,0.5419218498207163,-0.37564593233703486,0.8756481714667693,-0.8762146990650143,0.7385376797303017,-0.16741711156290712,0.6553213486556788,0.2214157572585262,-0.01924006076351456,-0.6700505796745745,-0.9103399972474174,0.2731188352850548,-0.12256119225327028,0
-0.6375613051691567,-0.457840652506893,0.3399208490804511,-0.6375613051691567,-0.6441521478057395,-0.3797924069366323,-0.5496027254083553,0.15039364770346364,-0.45052726772870594,-0.8978604870465134,-0.3869381505556423,-0.5975618938935218,0.3282360406982229,-0.02042405445460915,0.08876328671273823,0.423320953215959,0.07450098600890652,-0.6380098751175839,-0.4578406525068921,-0.21876729833420328,-0.1189255968568211,-0.5844849788130358,0.7635077111206696,-0.23070460128214826,0.7520751341530646,0.27720238317038004,-0.5126940120368098,-0.7074113434181849,-0.3299110368178892,-0.5923266104299516,-0.7098943386597864,0
-1.1574040974958488,-0.9104651331790626,-1.8824167339296554,-1.1574040974958488,-1.2020091624846783,-0.3797924069366323,-1.125087403797719,0.9117107833282997,3.106161416261017,-0.8978604870465134,-2.3842824229537594,-0.7259732092896264,-1.2190794825830364,-1.0687907837769115,-3.595974325978934,-0.5245939575315535,-1.0954112803839577,-1.2692934580830657,-0.9104651331790614,0.6048455301806631,-0.8921897763011661,-0.39858874337983663,-1.2802991889019373,-0.8661498159621582,-5.0461089977006415,-0.12725065469056548,-1.7905140617482485,-2.19386000595381,0.7015410641705109,-2.5597330962252656,-2.3733095021320953,0
-0.33225680808840097,0.3692767020547489,-0.18584544066109074,-0.33225680808840097,-0.08131426692431018,-0.19782633870681043,-0.02403253443031394,-0.3509313405086437,0.6990680878850903,0.607698256476604,0.05012645456953407,0.617891368308311,-0.04613271312763362,-0.19877053419322746,0.32062602764741843,-0.6033244318461309,-0.1972973729973088,-0.41720787089311967,0.36927670205475166,-0.7024764198429343,-0.2546358484309035,0.766396198690679,0.1235277727297523,-0.1862858793015953,-0.1730269746658385,-0.12725065469056548,0.32875162876939706,-0.244353987106565,-0.6761410931784648,-0.6681581986888881,-0.48997074902383564,0
3.3148942110925192,0.06314047356161391,0.6064278021229885,3.3148942110925192,0.14660082013910997,-0.23264295103959223,0.2216179743310782,0.010236822734082551,-0.4601748450121518,0.607698256476604,1.7925238868704205,0.094819877058003,0.3968886596494661,0.057565551622808214,0.6956016282906312,0.285164603198523,1.4613953878599344,2.5853067203903812,0.06314047356161577,4.023064578672363,-0.10856346600130792,-0.1621509578049513,0.5195444135145236,-1.6604472432780282,-0.7793200156250008,-0.017741709421355546,2.010060257545386,1.564576279189261,2.8404312763201753,0.5879999030949924,1.8363281931231112,0
0.36911838790792983,1.1094960644061258,-0.5230410999970071,0.36911838790792983,0.6790895454609819,-0.2763396168770382,0.7841529179073853,-1.0796885248935633,1.55652572131712,0.607698256476604,0.6656024396330906,1.1810608569310825,-0.62567979338323,-0.06316602771244878,0.5234144723529427,-0.8742851505531538,-0.17862547712208068,0.589071903669781,1.1094960644061282,-0.6440747829118804,-0.22961934900451436,1.3241917871276485,0.023020806569920112,0.250472527249641,-0.09638489507857897,-0.2812302376325493,0.7241598831798646,1.104486652013874,-0.27312225147909003,1.34952830721528,0.8533522305908963,0
-0.16722735020691135,-1.8820075790662947,2.4311618601959646,-0.16722735020691135,0.6997761148298858,2.8625120815220124,-0.14414761108857635,0.9243871025023865,-0.9813074679357596,-0.8978604870465134,0.22920156596883096,-1.518676215933568,2.7418150579251654,2.411271129885037,0.3918369431678962,2.1307702216237407,0.7139000358104621,1.185415469171125,-1.8820075790662931,-0.9639408098476537,2.601485524394471,-1.4258816162139087,-1.2569020728747426,-0.12594679665241412,-0.7702916361900226,-0.12725065469056548,0.10410112398044107,-0.5634205839754666,0.8214616788797107,-1.0048553784350522,-0.35660188099448387,1
-0.711824561215827,0.7754467582134872,-0.15852955996709772,-0.711824561215827,0.8808985221931778,-0.3797924069366323,1.0236378564223079,0.8762172341773335,-1.093231418649635,0.607698256476604,-0.526264695246237,0.49744592475293775,-0.19677446942256593,-0.26386956159631825,-0.006944183746786252,-0.8753024340237621,-0.4353701232699966,-0.7751885284913536,0.7754467582134866,-0.10110832283207938,-0.3944385702042638,-0.1214958558093866,0.5071316517802719,0.12296121021575414,0.4149332851744717,0.7919607949933949,-0.3501484383201716,-0.7630474479536629,-0.1269110976802564,-0.15686919686823103,-0.27836940829845774,0
-0.695321615427678,-0.6885903877515287,-0.022309860435705594,-0.695321615427678,-0.762520968147279,-0.0800835886757492,-0.7623869762413974,-0.049915902905280106,0.43333626335884046,-0.8978604870465134,-0.49372772802497866,-0.5263521131424398,0.31281689410378766,-0.2150157454586769,0.01651352960113831,0.18861151567108925,-0.6852581488857773,-0.6042333129696295,-0.6885903877515266,-0.1272547618325513,-0.1485562113473701,-0.2863921140407083,-0.27756564487930185,0.8754145711318045,0.5909299732755213,-0.12725065469056548,-0.720657353411093,-0.473158411130432,-0.3725025579093539,-0.7578167689937347,-0.8469111293156468,0
-0.8438481275210187,1.6166882172405488,0.08750199272637818,-0.8438481275210187,2.623296081028045,-0.3797924069366323,2.821093248015061,-1.515921196500472,0.5040969991318591,2.1132569999997215,-0.8288575987574143,1.40320365053401,0.16364124165666008,0.8965608676603698,-0.2621641049721849,-0.8111728840366154,0.009414091840334728,-0.6137954613495131,1.6166882172405508,0.10806318917169627,0.3788282595490608,-0.23239861063292472,0.6499628833416359,0.39857479855660155,0.31703567043419423,1.0861084588922643,-0.40741098889268273,-0.8035399887593397,-0.3490364469844525,-0.6023922358421597,-0.8013339248721566,0
0.6744228849886855,0.21787224741395209,-0.01516522352437856,0.6744228849886855,-0.4101791508066974,0.055681944382599574,-0.4399865961913337,-1.6262020745186558,1.739588131811441,0.607698256476604,0.8531944354390701,-0.04732134465081729,0.06841094373116448,-0.5357668115553803,0.5656646138742968,-0.5387250683059648,-0.5140237682468172,0.46330965558606263,0.21787224741395447,-0.1603656614031494,-0.3390557657051231,0.3230987589754266,-0.5578625743708354,-0.18081143493273466,-0.15291355738412268,0.1320141131690124,0.6381128841175707,1.144476114402055,-0.4736592629784121,0.8872048124312822,0.6047475475777184,0
-0.4642803743935926,-1.833787641494686,1.0983451088092597,-0.4642803743935926,-0.7661833697667573,-0.3797924069366323,-0.6754899988060286,1.4432051361403844,-0.887320960654202,-1.6506398588080722,-0.117883515059114,-1.6310599113115865,0.9614170408690572,1.1122135339562669,0.24229402057489172,2.2309726434786574,0.5738858214291723,0.12543496017062614,-1.833787641494685,-0.49330490783915865,0.9377816514561448,-2.0377622704471663,1.5470714051708756,0.3973462141637272,-0.42405621006657834,-0.12725065469056548,-0.6608905342524335,-0.35758136155386416,-0.7596474829847819,-0.9400587985628637,-0.6029429836569957,1
-0.6540642509573057,1.0271396642189223,-0.2721723955982004,-0.6540642509573057,0.926799406250998,-0.3797924069366323,1.0709891575706942,-0.23150028221339597,-0.07736178067062684,0.607698256476604,-0.41639690200199264,1.075377210008755,-0.47102136027755975,-0.08328304980767261,0.06953438853821782,-0.894519336845253,-0.5098144943601262,-0.5227914408367791,1.027139664218924,-0.19262085933373113,-0.23516425579092504,0.9107977674219218,0.31020688996800855,0.9059261088991103,1.256933034297841,-0.5427845976983852,-0.6846660480392173,-0.25527695633716024,-0.4845304130964383,1.5082229607730209,0.9655754933349051,0
1.0869965296924096,-1.860073418626836,2.6466047702562165,1.0869965296924096,1.028857671870233,3.4953159756477437,0.003881532680409018,0.88701806834797,-1.0125745277110367,-0.8978604870465134,1.0642583781585926,-1.858635424434379,2.8920499637530566,2.6925831532034925,0.6052690956011065,2.161113208523469,2.6943642152706984,3.4764771346083694,-1.8600734186268337,0.4932953136086493,3.09933589072369,-1.7875911577349288,-1.3536228835536246,-0.8714162524288604,-0.0831952445557771,-0.12725065469056548,1.9607846550642984,0.26584324303855394,4.355245577509022,-0.9156565220699094,0.27473893835356233,1
-0.6458127780632311,0.7206140764503762,-0.43589869314021024,-0.6458127780632311,-0.31353032636474676,0.17102379959688263,-0.3751797630393782,-3.7303151237196746,6.172668108180532,0.607698256476604,-0.4015680004331958,0.6255322566679359,-0.19173801797098386,-0.49131615853043836,0.07927876261314587,-0.8075980949326022,-0.9997946306001722,-0.6144499049648664,0.7206140764503774,-0.2056940788339671,-0.3394403387328883,1.3184653522896235,-1.000749231174415,1.7460718062092968,-0.7568422637722861,0.6925865842167496,-0.40097470564913956,0.11946535017454966,-0.3133405022327585,0.18855633332884125,-0.18510304420665635,0
-0.8355966546269442,0.3468250909102961,0.5090321710279968,-0.8355966546269442,0.08715620757169294,0.019819350744545168,0.08391402139001986,-1.246345747492679,0.7865695380567882,0.607698256476604,-0.8072745671960514,0.18543580747038896,0.7356799824834859,0.12892980827464173,-0.2415213172260143,-0.167991220930232,-0.3416543885250747,-0.7516285583386362,0.34682509091029734,0.09498996967146031,0.12620169015748964,0.24062572064003696,-0.10060596375803404,-0.10260503982760759,0.7632767273023036,0.46753322451670143,-0.7850787047821374,-1.1839676115905569,-0.151551550185233,-0.63972299606736,-0.9725703515778559,0
-0.0021978923254217684,-0.14120203554544156,-1.1719629626186008,-0.0021978923254217684,-0.9267507670838862,-0.3797924069366323,-0.8411311480134934,1.5336958231138982,0.37530792703525984,-0.8978604870465134,0.3829641710735396,-0.1645132309553182,-1.1996317774888572,-1.2929693785856686,0.44430814407772434,-0.9451804387383751,-0.8824047107161085,-0.5198464445676895,-0.14120203554544095,-1.2254051998523732,-0.9641332295433739,0.19564870535935666,0.4769049044508324,-0.06955802621774912,0.721595474684854,-0.12725065469056548,0.8170335840303232,0.4803679736345258,-0.4697091974412533,-0.4008153096728324,-0.2400274929351862,1
-0.6210583593810077,-2.208576468440154,2.5648654312685464,-0.6210583593810077,0.8162119481348591,3.5903763544413,-0.24424350830379501,1.1704049275900703,-1.0131389268982163,-2.403419230569631,-0.35825472016805404,-2.0991491316951825,2.7332111558045455,2.7343293169051415,0.10699328108597932,2.5315799090434075,0.9825642770993455,0.30598868205086477,-2.208576468440153,-0.2449137373346751,3.1359779214867705,-1.8955136799636976,-1.5923489603506102,0.3273916277056646,0.3931743007529158,-0.5211984188408347,-0.6995196258374718,-0.9067160867707265,-0.4256944454546032,-1.4373701467579787,-1.2058867133839641,1
0.6084111018360897,-0.3096361765345901,-0.2218827038767012,0.6084111018360897,-0.805303004764194,-0.19943665789468495,-0.7704113219837938,-0.278857370354773,0.3223371383066436,-0.8978604870465134,0.815280794214153,-0.25614374398747114,-0.4498863842225199,-0.7702825866552554,0.5577016596722325,-0.022251727612877883,-0.8404126128566811,0.3151145346871797,-0.30963617653458736,-0.2649514174050372,-0.6307637026449096,0.10439606556526196,-0.13594735287989682,0.38855541697016405,-0.7588756940405638,0.1411916270755475,0.13591184680751628,1.5189907295999525,-0.6718445658188886,1.349857211564738,1.0315084909650252,0
-0.3570112267706244,0.47370759058903916,-1.0301716480564338,-0.3570112267706244,-0.7084921442562593,-0.3797924069366323,-0.6159757944755427,-0.038842348160750766,0.08403480106888943,0.607698256476604,0.020534390344368065,0.632614172858715,-0.8869602035464677,-0.6545255951579574,0.3076904668464519,-0.7723421473471503,0.7147953741739442,-0.6397550580918592,0.47370759058904166,-0.6632567613422263,-0.6764835684159318,1.1532051393709248,0.17266171638686115,-0.9040525790998,0.08255051693187043,-0.4055440293655245,0.3822451009370295,-0.5254677243457031,-0.296638991033165,-0.48876901353845975,-0.41718481117198253,0
0.48463900842497254,0.25148554785138755,0.4056383218932223,0.48463900842497254,0.32765969970198516,-0.3797924069366323,0.4529172999781258,0.32457752890973646,-0.7174120107946176,0.607698256476604,0.7404293772303489,0.2078981415234298,0.2149554240389594,-0.06400326135630323,0.5411436210174664,0.08398141501382962,-0.07778504804207684,0.6268842014457472,0.2514855478513901,-0.4610497099085768,-0.21567338133588923,-0.233777086700161,0.6779052989792091,-0.24494635764018866,-0.2668732676129702,0.016512273459056905,0.17892465255476295,0.8609124484049008,-0.22788456244649596,1.1845506613903891,1.0665127754089199,0
-0.4312744828172947,-0.835027719733701,0.8393491929938318,-0.4312744828172947,-0.48476442932604275,0.027811585898168734,-0.5084966769519722,0.3562542856214052,-0.5708563278261731,-0.8978604870465134,-0.07339132010383004,-0.7865202879177025,0.6918892749084559,0.3582072740690018,0.2642269825551969,1.1728350686907365,0.5724736317736554,-0.2199294788427421,-0.8350277197337004,-0.5455977858401025,0.20378113823587118,-0.873910727289351,0.06769374584667402,-0.11221107052089312,0.3634500358791962,-0.12725065469056548,-0.2969991172686923,-0.40876851623674026,-0.9231421569445606,-0.6342792624970814,-0.461259377560209,0
3.5211810334443814,0.4836286904226103,-0.711125037083323,3.5211810334443814,-0.34519694526869166,-0.3797924069366323,-0.241200869631968,0.4705484032317241,-0.3798885675000208,0.607698256476604,1.8406299703068547,0.7380164414091949,-0.7246663177779187,-0.5309449878996054,0.6997042380398546,-0.7102020705529667,0.4001711463561307,2.087056981234765,0.48362869042261236,4.349895066178262,-0.5519062734801133,1.1305193608986213,0.2692880318507843,-1.6564720248064901,-0.9382902707655792,-0.2844215243256475,2.10961257839958,1.7988135267276102,2.189635819083575,0.548277869269583,2.0780444941234992,0
-0.299250916512103,1.040502455925115,-0.28362212343109355,-0.299250916512103,0.807512719209775,-0.3797924069366323,0.947933143356085,-0.6517036274126807,0.34747878010445143,0.607698256476604,0.08837274399380389,0.9130304675391612,-0.420480138381809,-0.23679290402811,0.3368326498003554,-0.7906486638359875,0.17534412898266066,-0.46320071386100165,1.0405024559251161,-0.7547692978438781,-0.31095553150638633,0.6376801626932251,0.25114840560536034,-0.768368286642748,0.006538612466276732,-0.12725065469056548,0.7534251298781723,-0.3453080351233359,-0.5763403498504344,-0.1549860275956812,-0.1462564940700613,0
-0.3982685912409968,0.08690451573797679,0.6173869755014318,-0.3982685912409968,-0.05257850037148016,-0.3797924069366323,0.06066399398256341,-0.3640315027639993,-0.3154578738945564,0.607698256476604,-0.030644373771887286,0.035789349005052255,0.6396760418627259,0.14261931494302896,0.28447279361394456,0.06891269499372267,0.2855230279964484,-0.32780360144013804,0.08690451573797893,-0.5978906638410465,0.048211191347072385,-0.18337791284413923,0.6374287140413529,-0.4915284306144349,0.5083866529163217,-0.12725065469056548,0.4318639643395941,-0.547809547501961,-0.7863159253319196,-0.8327836420933984,-0.5298406515379611,0
-0.9428658022499125,-0.21564685144546986,-0.4273554296307521,-0.9428658022499125,-0.8874281391694873,-0.3797924069366323,-0.800565968615747,-0.030469007993049486,0.07852239151002625,-0.8978604870465134,-1.1279683709749313,-0.45123552148964535,-0.3874793202483596,-0.76494313900059,-0.5946216339368443,-0.20552835109879225,-0.6047448266592695,-1.0853584441901687,-0.2156468514454686,0.26494182317452786,-0.5877072673960965,-0.2323242789124719,0.5329773032056617,0.11069325705203589,-0.21794186011217295,1.4692744947605232,-1.1426522920749418,-1.1777262261199894,0.3529174163338465,-1.219767809275064,-1.3620340909395947,0
-1.0418834769788061,-0.04003343957873689,0.6753452179033328,-1.0418834769788061,0.17730763205115946,-0.3797924069366323,0.2978142735386199,0.5209832762466602,-0.7679426256133759,-0.1450811152849547,-1.541576955057023,-0.3714431010715211,0.3528502465227598,0.058363173925493055,-1.2339630357919633,0.4504526859028289,1.2476180619701067,-1.1169171696416482,-0.04003343957873691,0.42182045717735966,-0.17731608749552866,-0.8423419577641446,0.8254412535455969,-1.1261894175118938,0.8901153076433566,2.2061322560456422,-1.3010651310045411,-1.7431685791470912,0.4378570603708032,-1.7442214618398018,-1.6751217094295936,0
1.268528933362048,-0.07227165045282291,0.3835204547397183,1.268528933362048,-0.22536873062379104,-0.31319044732310275,-0.137736239894399,0.06845985416690928,-0.4239401899353981,0.607698256476604,1.1455772966249504,0.15723972818896076,0.18515555215295926,-0.11891605237348,0.6185948388644807,0.2426422333379563,0.17802534703915082,1.1681090713428943,-0.07227165045282015,0.7809061426138407,-0.24254988138754485,0.1615986648437014,0.5515304850553516,-0.6525727410151742,-0.6692974213405815,0.07101063837852349,1.4038258254111258,1.1822222535132172,0.6072143401042684,0.40467819250263626,1.0540123852890766,0
-0.9593687480380614,0.7135347396030263,-1.1540343211132342,-0.9593687480380614,-0.3718647954029241,-0.3797924069366323,-0.2687113942897373,1.1276042404286064,-0.5071212037914815,0.607698256476604,-1.1868966405131247,1.1662569092564872,-0.8172206873612062,-0.1255178379573779,-0.6715793952712589,-1.0757072777335956,-0.22135566272508622,-1.0263858028511137,0.7135347396030288,0.2910882621749998,-0.33932503575280737,1.7360136772433001,0.11220658755530319,-0.5069860141527562,-0.21280074414195566,-0.12725065469056548,-0.9930288861952137,-1.5420446190691193,0.2751184888460569,-0.7655837274075449,-0.5793655081919296,0
-0.5798009949106353,0.7914765116248257,-1.5095150026850643,-0.5798009949106353,-0.8375555379122008,-0.3797924069366323,-0.749117448403971,-1.8704193040100165,2.9055078346618504,0.607698256476604,-0.289684473410982,0.22938846099192645,-1.3112447916871854,-1.4009839352231628,0.14867771943943014,-0.8337550883766015,-1.0624258109262998,-0.9708671694819787,0.7914765116248281,-0.31027983483585503,-0.968278576528604,0.6967125701998605,-0.04967165760143016,0.6470507340987114,0.5836812528507346,0.6126024633477454,-0.23258796903196036,-0.007499971059335516,0.18411994951499347,-0.06302115006249849,-0.39513813942394693,0
-0.08471262126616656,1.3739072458001957,-1.1534458109350647,-0.08471262126616656,0.7763067094904317,-0.3797924069366323,0.9157410582973585,0.5290803868270842,-0.6190400361109287,0.607698256476604,0.3087921997764689,1.1752168217557608,-1.0830293400407578,-0.3488560590159172,0.41992012111963456,-1.0757072777335956,-0.7804219583861668,0.10318387724861525,1.373907245800198,-1.0946730048500135,-0.4320936574915019,1.2575610057875803,-0.03902061230128548,0.9727823199149803,-0.41057396812116914,0.29998846981043,0.706201169744528,0.9815908685738552,-0.9128093867261158,0.7792721857525736,0.3004724952268842,0
0.8477038157642496,1.0346368017356515,-0.29227156913416535,0.8477038157642496,0.9309735406994996,-0.3797924069366323,1.0752951900439658,-0.20568210956081445,-0.1725071968950399,0.607698256476604,0.9468637141429477,1.2624377459929133,-0.11052248201972174,0.32512022690646325,0.5841901926208612,-0.8682293218928268,0.0014251610329952902,1.34753569588558,1.0346368017356544,0.11417194810180609,0.10838030417299148,1.0208155208034446,0.30542608330702875,-0.11143899702591839,-0.43973385331470766,-0.008293878849112096,1.6715274025695974,1.2004741697263852,0.9032214299145297,0.7772811001634234,1.0520595660732386,0
0.46813606263682356,-0.09833986881512295,-0.665440030758678,0.46813606263682356,-0.9160264140163228,-0.28227948999050767,-0.85956986592156,-0.5034128786810885,0.8840864567533016,-0.8978604870465134,0.7300492292134314,-0.11593178534861247,-0.5575061195781738,-0.8597962782668205,0.5387563057154092,-0.5061356166635425,-0.19729365951019665,-0.012907148519327151,-0.09833986881511973,-0.4871961489090487,-0.6899258802306392,0.2754466543523967,-0.09780424194961596,-0.01045278043968861,-0.09310680272838076,-0.8529439044410616,0.7125816757386203,1.0647667479869338,-0.9772172119443995,0.5510873312741583,0.4164216055949568,0
-0.728327507003976,1.0344056822091647,-0.9053994173264164,-0.728327507003976,0.19885945696578186,-0.3797924069366323,0.3200471122470001,-0.12903202893793575,0.22370464271970159,0.607698256476604,-0.5598029556315302,1.1718624391869572,-0.8138681127331504,-0.13575274487447472,-0.031868004178954634,-0.8690397826578298,-0.23283392579650053,-0.8134007640322578,1.0344056822091663,-0.07496188383160746,-0.3279398191710845,1.445539335504642,0.05190394815670683,-0.13539010836783483,-0.02569638025536158,-0.12725065469056548,-0.45138773910040175,-0.8527668520745335,-0.0644266830818651,-0.1173860567972034,-0.39384111069958155,0
1.4583128099257612,0.2531970954993869,0.4824273321088123,1.4583128099257612,0.21503970241840117,-0.1939547202338355,0.28051455709684064,-0.37788891080167425,-0.08553596636146896,0.607698256476604,1.2245657573908053,0.38759956342974583,0.003815124389485436,-0.21455212809833685,0.6306207790408228,-0.07063739286664948,-0.5277541576344362,1.633563913773586,0.25319709549938796,1.0815901911192685,-0.30301018407784364,0.35415287167208614,0.3628946822540645,-0.4067846419757113,-1.2073647823934506,-0.2194511952363723,1.493588797223917,1.6512050564700815,1.3255225169786287,1.002126943137846,1.2905795338907804,0
0.17933451134421677,-1.6149812070222378,0.28821633382885753,0.17933451134421677,-0.6523963401408962,0.791483434542681,-0.9124699117819441,0.03304816706145981,0.2431406672823541,-0.8978604870465134,0.5302921562286327,-1.5141005975116144,0.29896970953983965,0.3131072802857672,0.48809445656109257,1.4328085245653548,0.14835047234510698,0.34634603833098254,-1.6149812070222365,-0.944758831417308,0.36031210849576717,-1.2664880620197172,-2.1515826156424915,-0.6599034147765985,-0.7519780231220485,0.2214157572585262,-0.15624990880165693,0.1395093572889683,-0.6406219240522332,-0.4187045455093607,-0.12630628641287484,0
0.01430505346272719,1.404091870258167,-0.6166062450797694,0.01430505346272719,1.3595791702247344,-0.3797924069366323,1.517444282684053,-0.40584605948207964,-0.30376045387322853,0.607698256476604,0.3972115290580313,1.335158936238226,-0.3885186428970951,0.31026128823217486,0.4488056755842819,-0.9039316974108811,-0.1839838943558287,0.5127201485452338,1.4040918702581677,-1.2062232214220274,0.011761516576098365,1.0379976812564198,0.1434684966165657,0.2842222027208847,0.11584485193468702,0.2666971094597004,0.6099311593179066,0.7407427803378438,-0.337606628640242,1.0952530501637292,0.658428951766936,0
2.2917115722272836,-0.7701164570016454,0.4813660701537613,2.2917115722272836,-0.5487048512742931,0.0941657242666247,-0.5945325923257972,0.11878161941641244,-0.14602582821816512,-0.8978604870465134,1.5163638203279475,-0.7969585909298066,0.39770211112190357,-0.01698051791121419,0.6682015380994641,0.6468422626188338,1.3303965476194546,2.004306221871208,-0.7701164570016437,2.4019853606431023,0.006274784596646532,-0.7253198264009403,-0.2616453489578714,-1.9166169788153233,-0.3804625390693312,0.01383761433069663,1.9275439785244255,0.5374976311081753,1.9157810215317503,-0.50437932723127,1.0198441515719625,0
-1.0006261125084337,0.3062673417461233,0.14180295592183942,-1.0006261125084337,-0.04516281868042737,-0.3797924069366323,0.06831400300050063,-0.1909127952767525,-0.11882694834215977,0.607698256476604,-1.349872398250264,0.03573981264619049,0.16281171066031622,-0.2389045190812653,-0.9074176961347789,-0.22237052387236908,-1.1661941287802313,-0.8934246749985094,0.30626734174612386,0.35645435967617983,-0.3017302700135812,-0.13458298090832957,0.4885227827539916,3.5794499473002674,-0.8166505280298557,0.8512647594891343,-1.4513249464985203,-0.4731827837683721,0.23445129487780525,0.7716848115863041,-0.05365859501752751,0
-0.3487597538765499,-1.93915713470672,2.5866049717718704,-0.3487597538765499,0.8627862814568484,3.696247521411378,-0.22822816474936003,0.821057706261679,-1.023533514487826,-0.8978604870465134,0.030487951879522614,-1.8858921069063692,2.8916241171013075,2.598331658669292,0.31208071778496205,2.170851190365707,2.8394011211984416,0.8067471217320018,-1.9391571347067178,-0.6763299808424623,3.1065840744213715,-1.4148255470113258,-1.8421378303444447,-0.32557268309718584,0.09486823724283609,0.42427621511980806,0.055442929772842875,-0.9130663533483795,0.24971278601575628,-1.9793721044562849,-1.272897751718212,1
-0.33225680808840097,-0.11904584033709992,0.1752239819878145,-0.33225680808840097,-0.08131426692431018,-0.3797924069366323,0.03102020903805629,0.9874067537038078,-0.6728393260862274,-0.8978604870465134,0.05012645456953407,-0.1561607086720163,-0.04071035817366004,-0.3643268200719341,0.32062602764741843,0.10524983698506617,-0.4941265620012418,-0.3577625758318651,-0.11904584033709925,-0.7024764198429343,-0.4113544932639941,-0.38960759093452707,0.7675912413904451,-0.24253694822115832,0.39532200035876564,-0.12725065469056548,-0.13910633236452272,-0.05084333553501965,-0.7638609776073783,-0.4531497513105298,-0.7651152309784127,0
1.3592951351968674,-0.6903401885829759,0.006962762923533853,1.3592951351968674,-0.8626189102014122,-0.25121070572691595,-0.8138744186389825,0.20760313639381042,-0.22668303525187436,-0.8978604870465134,1.184069191385954,-0.6183205735593194,-0.16763798063862664,-0.5758372557190152,0.6245640992537528,0.5306924316250382,-0.5300331594955099,0.9584689665580662,-0.690340188582974,0.9247115571164364,-0.41158338058404176,-0.43584473230862747,0.20177899690097229,-0.5341188476269504,-0.566761469089456,-0.6057045638320598,1.3009443379292465,1.3555502108859137,0.3072043959003701,0.516431264194191,1.044820990999147,0
-1.0253805311906572,0.5713412023548246,0.7552616237313299,-1.0253805311906572,0.9326477814398325,-0.3797924069366323,1.077022334937091,-0.5159352134469753,-0.15341214131901695,0.607698256476604,-1.460806120176158,0.9648532308894036,1.250873497331019,1.1151599619577324,-1.089350099658068,-0.3671330089023986,0.039005721364222215,-0.9353454243597489,0.571341202354824,0.39567401817688774,0.8241754553648742,0.029651530522153604,0.7084556734096227,0.47711698874103275,0.4161027906071047,-0.12725065469056548,-1.2158260549386495,-1.50590582104313,0.12726713154816321,0.30405879895442994,0.12256315382091183,0
-0.299250916512103,-0.5690458050858318,-0.19607184304530215,-0.299250916512103,-0.6867471415373826,-0.3797924069366323,-0.5935436737582821,0.9824817212700608,-0.17915395741358828,-0.8978604870465134,0.08837274399380389,-0.5798989486101324,-0.059671666416245384,-0.3888517539341392,0.3368326498003554,0.17855062341587957,-0.5469415638522426,-0.331948411004042,-0.5690458050858294,-0.7547692978438781,-0.3636274801872577,-0.5831138073506866,0.8155085156095235,-0.11773693735541328,0.35701825200830767,-0.12725065469056548,0.20698608438565147,-0.052025484002519225,-0.8082343042197762,-0.9411872434103664,-0.682598291699946,1
-0.505537738863965,0.33300871482140215,-0.6804978407176667,-0.505537738863965,-0.21678288067336568,-0.3797924069366323,-0.1087290628431913,1.6032830057047354,-0.6991807385364122,0.607698256476604,-0.17618123023542795,0.6400668290653179,-0.4704738276340534,-0.5827686112516519,0.21216632554699685,-0.9303587097682218,-0.3667018428206596,-0.6743314957696899,0.3330087148214045,-0.4279388103379788,-0.48041335360092013,0.8060021022733096,0.4098345872730571,0.03767438056262731,1.2652442602052667,0.2060897611288918,-0.2674025221260341,-0.46789028962390083,-0.27907492821535695,0.5267859086294423,0.3620834720588744,0
-0.09296409416024104,0.33344966299445206,-0.6966358410030847,-0.09296409416024104,-0.5661539025922708,-0.3797924069366323,-0.4691398220469245,0.10932660846840479,0.040198461726676654,0.607698256476604,0.3010896420772519,0.47617804193717034,-0.15958599170061538,-0.2875798838516666,0.41729105765181124,-0.6535779260894783,-0.6924053917202853,-0.007271661831562957,0.3334496629944537,-1.0815997853497776,-0.37447141654569555,0.8036151327603052,0.2990061429337133,0.4311456797361779,-0.9832125599138837,-1.2029236277249897,0.15867745967889332,0.3440593882240079,-1.1045283840572062,0.0854525052573761,0.08547085498469811,0
-0.7200760341099015,-0.21411977829880222,-0.0526649328713692,-0.7200760341099015,-0.4663735387322315,-0.3797924069366323,-0.36620650921833825,0.6306277056701574,-0.29686779220194076,-0.8978604870465134,-0.5429048270322697,0.026180598297146307,0.13318987032687468,-0.2656790144897977,-0.019214372267235862,-0.05826730197597928,-0.33952993249905383,-0.7392668456041857,-0.21411977829879997,-0.08803510333184342,-0.30434960655233956,0.07904811191133496,0.6776699944264717,0.03155619632236061,1.2234885848724548,-0.5939272368378057,-0.5483103797067702,-0.7923575881407056,-0.17746670212771545,-1.2456925812607096,-1.106495491427104,1
-0.05170672968986865,0.04541990020394284,1.0462126119309552,-0.05170672968986865,0.5583517693544389,-0.3797924069366323,0.6908989834876998,0.0950782486609233,-0.6777959362704993,0.607698256476604,0.3390693515837243,0.03473618443613899,0.7009519951812526,0.2501479737059386,0.43007622931039824,0.1926083084848027,0.23435869370122633,0.15390325743849298,0.04541990020394493,-1.1469658828509575,0.09734451810363844,-0.7053289949855701,0.9481057453386571,-0.17838089275264968,0.38881756053790195,0.28828328831725425,-0.31392460382080617,0.11974980252439264,-0.9183928305405311,1.2742754466071187,1.20267778951018,0
-0.9923746396143593,-2.6195940315505353,1.6775611351453257,-0.9923746396143593,0.10546821566908451,2.804613787085251,-0.7397181995191272,1.4155724425857463,-0.6775309702969889,-2.403419230569631,-1.31526925390345,-2.4130974844751125,1.9039458182310462,2.4852050124339953,-0.8543540784404878,3.057642623781721,-0.16280219398105114,-0.4738899595784382,-2.619594031550534,0.3433811401759436,2.585779558634128,-2.1488295580629,-2.1767429772581735,2.0792095693788557,-1.7515870262682964,-0.12725065469056548,-1.7218021210713055,-1.3119819666424852,-0.3703383559888168,1.106536414300834,0.6957339013494899,1
-0.9593687480380614,-0.28182002113438287,-0.6289029276670708,-0.9593687480380614,-1.0359802890683274,0.1863242497783691,-1.125087403797719,-2.8721190482106835,4.554586205560846,-0.8978604870465134,-1.1868966405131247,-0.9462629175431079,-0.5444637682911818,-0.7993533483978097,-0.6715793952712589,-0.7082983975989009,-1.1771345379047462,-0.9829016604087525,-0.2818200211343817,0.2910882621749998,-0.5041482751211349,-0.47622615579926586,-4.890139947383424,2.2045480703289853,0.4346248603831915,-0.12725065469056548,-1.3116259352498594,-0.5767297779210482,0.24436715789477664,-0.42119875878788454,-0.9184084881416646,0
-1.0336320040847318,0.2769756340164434,-0.47138383658036515,-1.0336320040847318,-0.31652183759747393,-0.3797924069366323,-0.21161966032253857,0.8745899241804177,-0.5044093862996838,0.607698256476604,-1.5004434884034585,-0.17626028947197123,-0.36861550604536,-0.7061085648577925,-1.158978550389201,-0.585828770887336,-0.7407559142841618,-1.0804864750536498,0.2769756340164437,0.4087472376771237,-0.6148494642970638,-0.15873327609586005,0.41344855828412286,1.3039253359523417,2.568337729879217,0.9962300060342743,-1.3182302328136,-1.1857415284373007,0.363141918731375,-1.1564541530135686,-1.1981573516535846,0
-0.22498766046543273,0.41723334345930085,-0.49137100658118527,-0.22498766046543273,-0.1978665360625884,-0.3797924069366323,-0.08921498269686427,0.6278983735173398,-0.5491504091266645,0.607698256476604,0.169814490030673,0.7167603477993463,-0.5548435228940564,-0.5264411112571764,0.3695052000606732,-0.5995453690790312,-0.6616295766705295,-0.29733561534758063,0.41723334345930346,-0.8724282733460019,-0.4850763734077074,0.9178675592567503,0.35974865569662273,0.04239826281550759,0.3719319148265829,-1.3406097682733953,-0.2651269575033478,0.08737323904771792,-0.8660488906341622,1.057478158837954,0.5421104018020211,0
0.3773698608020043,0.28015060932980046,-0.6925406258735427,0.3773698608020043,-0.477519533031511,-0.3797924069366323,-0.3777047045907531,0.5907269928013005,0.009980573358783253,0.607698256476604,0.6711209694844033,0.4048125248344004,-0.7431275161963453,-0.8942271839874367,0.5247639854727884,-0.8085008194538176,-0.7720553588325334,-0.06159048190588364,0.28015060932980146,-0.6310015634116445,-0.696301981244383,0.6987247362889757,0.3595159257626655,-0.06212423078878087,-0.25323212773058207,0.1791531618707569,0.22830971464268338,0.7950035719942471,-1.008447498946207,1.0940560614965982,0.9492788414365807,0
1.1860142044213033,0.3893011119943961,1.250316097643344,1.1860142044213033,1.0999587310987806,0.5152839286803295,0.9788201438854037,-0.9450383350369759,0.12034598461788765,0.607698256476604,1.109364423905295,0.4559617094719476,1.1807640796995402,0.7645535783424057,0.6127832432152189,0.08609918107070953,1.9113191377916166,1.4371944711889768,0.3893011119943977,0.6501739476114811,0.5772424642468277,0.11854240905857162,-0.012064536461972968,-1.2759735606460227,-0.4562381651852437,-0.12725065469056548,3.1247835273013864,0.6056890555493899,1.0270798662828273,-0.6440016171281515,0.3355969531609843,0
-0.16722735020691135,1.3898044813480603,0.42333491859843875,-0.16722735020691135,2.2393165774178665,-0.3797924069366323,2.424980417435369,-1.4787428208033344,0.40199070454171487,2.1132569999997215,0.22920156596883096,1.616832220800261,0.8037209342262722,1.4298341135600314,0.3918369431678962,-0.5245939575315535,2.5260441802162736,0.15404868935301594,1.3898044813480608,-0.9639408098476537,1.0438860112614197,0.14369997683682084,0.6562299679917774,-1.5124226676856418,0.3141016035131143,-0.12725065469056548,2.2784455041060023,-0.7363252493613107,-0.7641775251337735,-1.2249320931366279,-0.5072719761918458,0
-0.13422145863061344,0.7951969722951044,-0.5207854432996183,-0.13422145863061344,0.24830187882873928,-0.3797924069366323,0.3710518598721078,0.23555040655341394,-0.4578371052916134,0.607698256476604,0.2617385310102772,0.5135516994841016,-0.6123304146757682,-0.6151641159439726,0.4035657998418585,-0.7353137564323343,-0.003294055000364198,-0.30464356905235873,0.7951969722951069,-1.0162336878485976,-0.599637508905536,0.5133377505366228,0.2427849175285605,0.29528213804756376,0.7796482508396061,-0.12725065469056548,0.762834272712684,0.38844351509033637,-0.8467794435039419,-0.033166910991390394,-0.2309736409602184,0
-0.90160843777954,0.40530370598421994,-0.5947140753737962,-0.90160843777954,-0.09000182425423553,-0.3797924069366323,0.02205813451994949,1.4855056972162664,-0.7502929840167062,0.607698256476604,-0.9932405947069987,0.3358638912347441,-1.0406232231441046,-0.9522045696823085,-0.4335472497485428,-0.9219082116307,-0.993168642419673,-0.9757754965971281,0.40530370598422255,0.19957572567334803,-0.8490785517918292,0.5373046321084607,0.40429316505609014,1.4307688315866345,1.0586384771065822,0.5781906904157316,-1.400377693141526,-0.7149020401540414,0.1991535943871993,1.9451437793478958,1.2939472081827086,0
0.5836566831538663,-1.0373217701387514,-1.1151764536021802,0.5836566831538663,-1.1484034275699821,-0.3797924069366323,-1.069787787040253,1.3784161821886747,-0.18750836395288756,-0.8978604870465134,0.8007161148343129,-0.8798211857349323,-1.0413539463368082,-0.8604004121293745,0.5545682550478778,0.4960777969233497,-0.9229399222966383,0.2673037927877609,-1.0373217701387494,-0.3041710759057451,-0.7410775053109776,-0.6360178619469238,0.9159595078589526,-0.010969119019352871,-0.7139783120092807,0.008776151764908995,0.00573572569219937,1.0695157329336782,-0.7483603232656806,0.22278312647598833,0.5409016254845253,0
-0.9428658022499125,1.1243598347550308,-0.32489031281647063,-0.9428658022499125,0.8427674890640636,-0.3797924069366323,0.9843019248850992,-1.1318130719926933,1.259283022260474,0.607698256476604,-1.1279683709749313,0.8675701375623309,-0.7758919940739202,-0.3291559490246736,-0.5946216339368443,-0.9016714924066349,-1.0978671108166569,-0.8239809358138023,1.1243598347550323,0.26494182317452786,-0.517762579653041,0.8824748282513786,0.19371912081133652,3.005316806031517,-0.18098198004284122,1.4692744947605232,-0.976102715109508,-0.25245594490230555,0.08543054188040883,-0.23993948064062634,-0.7518506125692944,0
-0.9923746396143593,1.0933411614633535,-0.09717490886230565,-0.9923746396143593,1.2261631112294527,-0.3797924069366323,1.3798124240131275,-0.17280355898282343,-0.6245426790202868,0.607698256476604,-1.31526925390345,1.067694949018691,0.647353889706555,0.7956554844337201,-0.8543540784404878,-0.662372287582064,0.08383854013951354,-0.8111465693571521,1.0933411614633544,0.3433811401759436,0.42897620706878803,0.3845776841911091,0.3821274761882213,2.4019991334696,2.178721460436112,-0.12725065469056548,-1.0128160523001344,-0.8516756990599107,0.03082451246518532,-1.01548118307206,-1.189549925417622,0
1.681102578065772,-0.35951773161181577,-0.8942408733790644,1.681102578065772,-1.0509042327462017,-0.3797924069366323,-0.9692077256625583,0.6925689622835965,-0.3753554077741649,-0.8978604870465134,1.3105299830620105,-0.20707815144932493,-0.9646684531663422,-1.1262400984830527,0.6427554050468,-0.27690257766546705,-0.6031290241122712,0.4316418561986909,-0.35951773161181516,1.4345671176256394,-0.8708916637875214,0.17637587421645726,0.5644993543374011,-0.9854842955492426,-0.4656716845041262,-0.12725065469056548,1.2421586756824776,1.2990464687623302,-0.15219397709617996,0.21523026880323082,1.0766007765984287,0
1.2437745146798247,-0.8357746248173185,-0.588511111127841,1.2437745146798247,-1.2020091624846783,-0.3797924069366323,-1.125087403797719,0.17520276492289125,-0.5450052451899302,-0.8978604870465134,1.1348392077900693,-0.7020467351785716,-0.937169569591374,-0.999621743551579,0.616891638555388,0.5394367101852607,0.6130042539265708,-0.04519303354342137,-0.8357746248173172,0.7416864841131329,-0.7664586864752144,-0.367268196611178,-1.2802991889019373,-1.7229176222670095,-0.5012176412097217,-0.02713851660617582,2.3866641897604057,0.4935964641373854,-0.3646704209954335,-1.1237436513060821,0.2960697328650227,1
0.3773698608020043,0.7754467582134872,-0.17472601072754043,0.3773698608020043,0.4582795716788301,-0.3797924069366323,0.5876646152182444,-0.21841111167328453,-0.22408236641059645,0.607698256476604,0.6711209694844033,0.4040846843326559,-0.20749516554792008,-0.32428229476320264,0.5247639854727884,-0.5412943611740395,-0.18634365097703565,0.4151716918789672,0.7754467582134894,-0.6310015634116445,-0.4236910813824511,0.17070543435053498,0.33213842262257337,0.12222123843762503,0.3973223307403213,0.1791531618707569,0.5425194052622785,1.1835421018306305,-0.5539972544079764,0.9823209363136898,0.5875092237209877,0
-0.8355966546269442,1.1233866999066648,-0.07106720380986359,-0.8355966546269442,1.1419278739814511,-0.3797924069366323,1.2929154465777588,-0.8866920243916585,0.3511085231570313,0.607698256476604,-0.8072745671960514,1.608406425838791,0.13796201670516683,0.9240534834880675,-0.2415213172260143,-0.6866861105321541,-0.013723660646936175,-0.6238302634515965,1.1233866999066664,0.09498996967146031,0.5562966761459084,1.4713304955749325,0.31598792069538695,0.6515132575892327,0.21143365769916106,0.46753322451670143,-1.0900313968875528,-0.9926084022752621,-0.3338464773316518,1.959738305974552,1.4154139716909155,0
0.11332272819162094,0.15747415354744101,0.6159690249821482,0.11332272819162094,0.058209997181599187,0.11129674105710391,0.02637720657686838,-0.9705060388575041,0.4644039176533257,0.607698256476604,0.47899293033280466,0.03280759123790913,0.3430612772530273,-0.2219703097151475,0.4735150053070496,-0.15939838390369418,0.45277852616172504,-0.07475207017021034,0.15747415354744318,-1.0493445874191956,-0.15702369579240083,0.1469520876110712,-0.12983467236298993,-0.787468193315868,-0.05385503009968011,0.23821895783438077,1.3020556309785225,0.026467038914957886,-1.0614259053081045,-0.4095425586005975,-0.21848921138204305,0
0.8807097073405475,-0.7575514572763027,-0.13016515670945839,0.8807097073405475,-0.8789259493501578,-0.3011043774318445,-0.8156017107863403,0.5748305072679282,-0.2734931409768734,-0.8978604870465134,0.9638275935995245,-0.6541019683893573,0.15746727668655364,-0.17047645098806005,0.5873782679484549,0.6095504427297919,-0.3004073539408345,0.9924273185991743,-0.7575514572763005,0.16646482610274996,-0.2044399895991381,-0.5109617508580063,0.4580110334858746,-0.24559080496404082,-0.5901905949368691,-0.010131049132377603,0.3537543865228876,1.1275400097359525,0.3342476099993358,0.8713251162782263,0.9587875688490839,0
-0.9841231667202848,-0.16752090985353213,0.8433767147910465,-0.9841231667202848,-0.11527471830492736,-0.3797924069366323,-0.004013354987270204,0.026660151252611338,-0.6127724016200725,0.607698256476604,-1.2817309924282496,-0.5439901892451278,1.0976342744364964,0.4516536949398426,-0.8045064375761511,0.5275314719450725,-0.46479939113147284,-0.8506313341501323,-0.16752090985353155,0.3303079206757077,0.41339246908243604,-1.016785404878476,0.7864460601669386,1.5989274181664677,0.9059430673844288,-1.046462104374526,-1.3130899592956486,-0.9438280271039662,0.028377586667797893,-0.9690254233186987,-0.9804135495245434,0
-0.8851054919913911,1.352657270181784,0.12616634327048085,-0.8851054919913911,1.8529221083761769,-0.3797924069366323,2.0263763111916533,-1.0419481925048588,-0.16539867890037646,2.1132569999997215,-0.9436908129401074,0.7998646283395441,-0.12869035914348906,0.057975368776678034,-0.3791399022004926,-0.3408895174642061,-0.35489370280802973,-0.8206723597584052,1.3526572701817845,0.1734292866728761,-0.22629367929995314,-0.22258813701610305,0.44257935491877237,0.977795107604919,1.777545268218608,-0.8013390511254713,-0.6580467387273622,-0.7106475779989148,-0.03896347662267373,-0.5606296265569354,-1.0928292776239592,0
-0.0021978923254217684,0.9630627336383043,-0.3299225205951503,-0.0021978923254217684,0.8034448611496646,-0.3797924069366323,0.9437367454873525,0.2053621921662162,-0.6992306031466701,0.607698256476604,0.3829641710735396,0.9775751484635058,-0.4697686640900675,-0.11008930478900461,0.44430814407772434,-0.7711446534114144,-0.5327296442195744,0.23865370562674032,0.9630627336383055,-1.2254051998523732,-0.29505371741292935,0.8777284180480259,0.3146428293875317,0.2086506723584092,-0.017051548126821157,-0.12725065469056548,0.7047847171791303,0.652775245783299,-0.7900593402459197,0.6180339171471994,0.3153833965662774,0
0.1298256739797699,1.1101798698216925,-0.4516192395072833,0.1298256739797699,0.9326477814398325,-0.3797924069366323,1.077022334937091,0.03189649943483269,-0.5893542536942294,0.607698256476604,0.49204586898417557,1.0127061643830877,-0.42916566280352925,-0.05250464772867262,0.4772900417924718,-0.8395158547898632,-0.22011868386955688,0.20614967273086168,1.1101798698216963,-1.0231981484187238,-0.25103850046938764,0.7866234456396691,0.24051335286572648,-0.13444986521002253,0.4293524775581996,-0.12725065469056548,1.7019988964861703,0.4844604735833336,-0.8729993576750342,0.33674328745037646,0.4226527888331858,0
-1.0253805311906572,1.6490185372885604,0.290544168908431,-1.0253805311906572,2.8538390309718924,-0.3797924069366323,3.0589210997984204,-1.5512012371247932,0.06944601763499862,2.1132569999997215,-1.460806120176158,1.5722631046407194,0.3120238879247173,1.1227437982151185,-1.089350099658068,-0.3671330089023986,1.7174665301067389,-1.0305669703936484,1.6490185372885626,0.39567401817688774,0.6147762369034995,-0.4486229086829386,0.8254412535455969,-1.020731241791497,0.5242036700474378,-0.12725065469056548,-0.8299225425684698,-1.6815188823486418,0.30253756694765255,-1.902304185840907,-2.0758918495661076,0
1.7223599425361444,1.24190428091297,0.040621805579158315,1.7223599425361444,1.5795493594601688,-0.15397302032455418,1.6760449840887763,-1.3690181743773235,1.1070152725487985,0.607698256476604,1.3257311658998454,1.5857247618764019,0.34684650599781347,1.0964109982018877,0.6448033643963248,-0.7276357070796743,0.7277078318067546,3.0200390708781004,1.2419042809129723,1.4999332151268197,0.6878728070217123,1.2022988966680301,0.17639209299104955,-0.7038873029877326,-0.818745977664413,-0.2112782941353589,1.7392328807485204,1.3952884005071176,3.52199964700013,1.0370517396371854,1.457367663748095,0
-0.32400533519432645,0.3746412463105034,-0.19826030249462415,-0.32400533519432645,-0.03833776650459106,-0.3797924069366323,0.07535471926479692,0.2500292329203038,-0.22275881919660218,0.607698256476604,0.059814584224722314,0.2484646669383662,-0.4457916238541395,-0.7156513044856588,0.3247852492618865,-0.5489795026732367,-0.5983060955824586,-0.5463877689681272,0.3746412463105058,-0.7155496393431703,-0.595531612011987,0.20819380124167072,0.44363117332159335,0.030129949833187605,0.3604201282848597,-0.39569293645667847,-0.15092107477900887,-0.052616116668146716,-0.4770328382240532,0.23755467670866365,0.16319399863043957,0
-0.728327507003976,1.6826959540052404,-0.5813762577967041,-0.728327507003976,1.9732930416030314,-0.3797924069366323,2.150550832570311,-1.8135707579873876,1.8693662005093035,2.1132569999997215,-0.5598029556315302,1.677671637500952,-0.11939474548142329,0.8831295433289401,-0.031868004178954634,-0.9723735301957127,0.031319529438241706,-0.4188076219528721,1.6826959540052422,-0.07496188383160746,0.4759015029746576,1.1240701808174163,0.1235277727297523,0.87504424518218,1.5094751436294296,-0.12725065469056548,-0.16198762916641118,-0.4585285021852908,-0.5958564796690332,-0.3385158713882074,-0.6485753458547795,0
-0.2744964978298796,0.18306039785664072,0.7527893064415336,-0.2744964978298796,0.15412583718501086,0.4765185023801767,0.014828225665006273,-1.3964473757806195,0.8803459256661822,0.607698256476604,0.11620167890636413,0.31801230310545703,1.0032371247566276,0.37947387127978716,0.34827261837889845,-0.24209049087336382,0.3889767504714211,-0.06660788295692531,0.18306039785664294,-0.7939889563445862,0.38039486423438623,0.5973639367933536,-0.6072082423224918,-0.37265121109306665,0.24280346044976486,-0.891972785099912,0.7351477848419019,-0.3346950788538032,-1.0586829660052333,-1.0814397804721279,-0.7069646404083333,0
-1.0006261125084337,0.48877721298490107,-0.5524324810611647,-1.0006261125084337,-0.43077826661517765,-0.3797924069366323,-0.32948646593223924,-0.25255274376310477,-0.03903051249671044,0.607698256476604,-1.349872398250264,-0.1080202898251048,-0.2735470783054313,-0.7905095542313246,-0.9074176961347789,-0.4357047123376757,-1.3304378257059883,-0.9955905949508796,0.48877721298490007,0.35645435967617983,-0.5620912385261211,-0.1294270845869598,0.24051335286572648,3.6745661583615514,-1.2372296645965442,0.8512647594891343,-1.3913155352272564,-0.35831006150030964,0.3768647808290941,-0.12064222043278938,-0.6386201927032711,0
-0.934614329355838,0.008323876732392134,0.7272290749572085,-0.934614329355838,0.024050210436066272,-0.3797924069366323,0.13971408716791547,-0.253691284338284,-0.27849331081895445,0.607698256476604,-1.0996574937763623,-0.17250895372857827,0.1559612789944566,-0.23728999401921988,-0.559102667167118,-0.05826730197597928,-1.0893256938007518,-0.814346071476657,0.008323876732392191,0.25186860367429187,-0.3064878133719948,-0.44846127979114125,0.723550586975555,2.9189232285367237,-0.46574771192410175,0.6505436488881682,-1.348118273595647,-0.304324375216138,0.06521447864154094,0.6498209120589828,0.610294774662708,1
0.476387535530898,0.014541245972394437,-0.024207900976095015,0.476387535530898,-0.46199475525751454,-0.3797924069366323,-0.36168936103631816,0.062003812701851214,-0.344800442016998,0.607698256476604,0.7352516605902557,0.21004400269231804,-0.1624089618339779,-0.4371580649327061,0.5399556474504932,-0.004972827055342237,-0.38871459184973817,0.3172596554263931,0.014541245972397074,-0.4741229294088128,-0.44642503035163483,0.4147447988703254,0.533613094402053,-0.36176523131674926,0.233969687937404,-0.4161456817340951,0.26556740789841443,0.8562340172055114,-0.7011198010670846,1.156871724527605,0.9869673134468604,0
0.1298256739797699,-0.12465874312321353,0.6808396434044952,0.1298256739797699,-0.34814638491487404,-0.3797924069366323,-0.24424350830379501,-0.40858244863357823,-0.3826097815606797,0.607698256476604,0.49204586898417557,-0.3644166798247281,0.5768283649839925,-0.026708391470257623,0.4772900417924718,0.2233455484569323,-0.23269572942108524,0.2982080746238871,-0.12465874312321178,-1.0231981484187238,0.015616689535959037,-0.5133244324556815,0.6645860808586326,-0.38321912736979175,0.3557768031348584,-0.8494882222993929,0.22329864977559305,0.3064397797600648,-0.7200742683227925,0.8558573949979231,0.6667044926217454,0
-0.9758716938262103,2.5840621073045966,-2.111314743101637,-0.9758716938262103,3.896053891829153,-0.3797924069366323,4.134068795768945,-2.7687067616107255,1.2818319109633853,2.1132569999997215,-1.2491940241170818,2.172015717372788,-1.5642659537982888,1.0921144290836915,-0.7575910108803079,-1.0757072777335956,0.39580134195636585,-0.8288165469716903,2.5840621073045997,0.3172347011754717,0.4374434796392034,1.3557414836780166,-0.22742896767817025,0.7930002143426784,1.042180569726759,1.657100982931242,-0.48064746366812433,-1.0353262541757855,-0.027097495500880336,-1.2685800325866552,-1.3563730276382973,0
-0.17547882310098584,0.9898666559025647,-0.5426801191005155,-0.17547882310098584,0.5317885385349242,-0.3797924069366323,0.6634963839991037,-0.17058288808060937,0.04561708685544685,0.607698256476604,0.22091325690795918,1.2946614154669567,-0.5356441471151304,0.09151638362059092,0.38879281242808844,-0.8737726260565115,0.20358718984495802,0.0324676088118323,0.9898666559025657,-0.9508675903474177,-0.0978345939158086,1.4262280997184134,0.1914548837764469,0.13870185033963933,0.1541416547623664,0.1043064280542462,0.04023643029503964,0.2590157579780639,-1.053746666543377,1.1401816004192171,0.8018710340133691,0
1.095248002586484,-0.9303170840857369,-0.6254552277317614,1.095248002586484,-0.9293722756115127,-0.3797924069366323,-0.8438354933066766,1.0199018066341023,0.5603524688217654,-0.8978604870465134,1.0680893389475112,-0.9129467088502851,-0.3982036946153542,-0.5373266154548603,0.6059194428799881,0.17735037662052133,-0.6149031189316128,0.8443412716361836,-0.9303170840857353,0.5063685331088853,-0.43025005269840766,-0.8439564757809613,0.9376957991907778,-0.4774528642052557,-0.5364991518125706,-0.23368566465397184,0.6252980078177216,1.2872630675399703,0.1161680462187118,0.463499634554819,0.799921500791404,0
0.9714759091753669,-0.5751877400885673,-1.2400859978857197,0.9714759091753669,-1.179871979362498,-0.3797924069366323,-1.1022507102108394,0.3517971064013077,0.3970855092342817,-0.8978604870465134,1.0091610835781102,-0.6857179919903328,-1.252162443475409,-1.2110961518761583,0.595658408035403,-0.48785306951808394,-0.880359973969668,0.04199339921308532,-0.5751877400885659,0.3102702406053458,-0.8925156937455104,-0.3588510253167076,0.6453965317006406,-0.3335767111639488,-0.22020735228745678,0.09744547745439977,0.5785901283522897,1.3173874869151194,-0.6613236661569198,0.6324620775103502,0.7953962178008566,0
0.5423993186834939,0.5948227039187477,-0.6217613053928024,0.5423993186834939,-0.16013990178023815,-0.3797924069366323,-0.050296228562013476,0.10835572388906094,0.0832490259517778,0.607698256476604,0.7760006046934257,0.3910208474033787,-0.8846464695325312,-0.9117853125396496,0.5491542684645152,-0.8026786603857949,-0.9301714682154749,0.17506360100158178,0.5948227039187497,-0.36953717340692493,-0.7625229221370068,0.5468669518089091,0.2522119108793238,0.23991918073458288,-0.39284755875207766,0.1510427199843936,0.3746750692311895,1.3355637054278273,-0.8576009122023943,1.475593647598416,0.9518930842762445,0
-0.8355966546269442,1.1973449483825092,0.05559726352431091,-0.8355966546269442,1.4935184294513706,-0.3797924069366323,1.6556158741340805,-0.6443936696660045,-0.40349719518868477,0.607698256476604,-0.8072745671960514,1.1703189097259397,-0.16917463830817453,0.4678813497939136,-0.2415213172260143,-0.4273386657311931,-0.06921457774607506,-0.7452659120782572,1.1973449483825105,0.09498996967146031,-0.00951402795730754,0.6866251157981215,0.41181366663625985,-0.24445110053220379,0.19788796179709273,0.46753322451670143,-0.3054455090106375,-1.032956867635663,-0.1585282580499043,-1.112379325499456,-1.0370880247041896,0
-1.0501349498728807,-0.231528412170809,0.7162281291837347,-1.0501349498728807,-0.24568285160649747,-0.3797924069366323,-0.13854224084452407,0.11544755758960706,-0.5622821717589583,0.607698256476604,-1.5843239046586846,-0.15989111433800987,0.6042045358883394,0.05756947276659394,-1.3149462800269485,0.5114990844482857,-0.9652694376186445,-0.9768298779774195,-0.23152841217080813,0.4348936766775956,-0.02486434646891063,-0.3778349676213319,0.7753045763444653,1.9113361031747833,0.2935317562182893,-1.3406097682733953,-1.4905848428882364,-1.1761919686017612,0.22465242636830973,-0.7611205911137215,-0.7859099390609099,0
-0.9511172751439869,-0.2478392042671032,-1.3307573496970584,-0.9511172751439869,-1.2020091624846783,-0.3797924069366323,-1.125087403797719,0.4754094104191298,-0.6089572753640553,-0.8978604870465134,-1.1570342932555775,-0.7645999657753412,-1.0507311513139623,-1.041071653604413,-0.6320605448562927,-0.7182283673322709,-1.2001286506989712,-1.0406017724957317,-0.24783920426710054,0.2780150426747638,-0.7993393894166954,-0.4491524464736181,-1.2802991889019373,1.7970548617605282,0.6894078663813633,-0.9470878935978806,-1.4228421846893222,-0.607340182811736,0.30901870035890133,-0.005779239596917089,-0.5587010662951043,0
-1.2069129348602958,0.6611476469326365,2.1395186976863116,-1.2069129348602958,1.7865105590096366,-0.3797924069366323,1.957866230431015,-1.4764546740299647,0.5187702471238306,1.3604776282381628,-3.1397487495632737,1.9021847730355772,1.6373928126880162,2.2172941815879135,-7.982566722040441,0.02651936267048863,6.401720410855457,-1.268566298510451,0.6611476469326372,0.6832848471820792,1.721018520060569,0.4872284744526087,1.1763979939535194,-2.549539362969678,-0.4261036811414251,9.984075291833005,-1.7991204055370682,-2.603908957801294,0.7532026516187882,-3.1392011043373893,-3.075918247519683,0
1.7636173070065169,0.3056024606122843,0.00796323727815155,1.7636173070065169,0.08811683750467074,-0.3241088013581076,0.1889584075128889,0.26515202451810055,-0.3107476305362811,0.607698256476604,1.3407232473483361,0.5049221255160236,-0.19656119680909903,-0.3492476183510677,0.646795368572365,-0.3529357102555076,-0.28357927589532106,1.5581211081148072,0.3056024606122875,1.5652993126279995,-0.3818498818118455,0.4961578908225286,0.45431529720896935,-0.7504344546538063,-0.6302673626308829,0.03850878705572279,0.7153485560160963,1.70839813365774,1.2145494256173748,1.3481023395819625,1.4263967020692194,0
0.14632861976791886,0.29875222940099727,0.1211965436011337,0.14632861976791886,0.3098302260359751,-0.14002535232792582,0.3619843491831998,0.06812888225209712,0.2519079519376748,0.607698256476604,0.5049443313356098,0.5571955164085637,0.053048783622737516,-0.21940899333000619,0.4809762538900025,-0.6088818770918658,-0.7031444191901118,0.42996938918167704,0.29875222940100044,-0.9970517094182518,-0.21677732943944028,0.5006305239245644,0.3070072625419873,0.47497775520346225,-0.13800010474060564,0.22961967283379467,0.2042808737217473,0.7959715725538348,-0.4959365803462555,0.9642704385005324,0.8233623727969008,0
0.1298256739797699,0.5376637856381454,-1.6679937314470534,0.1298256739797699,-1.130853931020528,-0.3797924069366323,-1.051683745839892,-1.5628014107115502,0.9711667264878352,0.607698256476604,0.49204586898417557,0.381814921789994,-1.702446987114748,-1.4899383986073331,0.4772900417924718,-0.9576115662617295,-0.7008798452700474,-0.7315589541344695,0.5376637856381474,-1.0231981484187238,-1.0447835616965258,1.0252314903983581,0.03261729178071197,-0.3618524422763153,0.7464951422454679,-0.12725065469056548,0.40466096532357176,0.49636475232921534,-0.07846892564934331,0.8533772455751782,0.49201354750033666,0
-0.7035730883217525,-0.06601647520859769,-0.4675950100578043,-0.7035730883217525,-0.7559614428586612,-0.3797924069366323,-0.6649450703307438,0.23449756553382467,-0.1300684039575187,0.607698256476604,-0.5098748005253362,-0.22066126809532952,-0.8820297377844494,-1.0658582442922526,0.004959730489469959,-0.2860523711754457,-0.8767883532053347,-0.919166123869071,-0.06601647520859612,-0.11418154233231535,-0.8410252320499402,0.03280860258848721,0.48580569831212345,0.20425732607151414,0.9779036292023093,0.3254952832134764,-0.7789283331553322,-0.44586265521502194,0.09640716577580936,0.11323388710597049,-0.6510727011981107,0
-1.0501349498728807,0.07022124161063745,0.6238380024613299,-1.0501349498728807,-0.24568285160649747,0.43541557873296977,-0.38517853158282284,-1.7982407481986307,1.5595949993293077,0.607698256476604,-1.5843239046586846,-0.14934779437687581,0.31772897190551813,-0.16738242571612513,-1.3149462800269485,-0.28210409664265496,0.10115645545139074,-1.1273519095086695,0.07022124161063835,0.4348936766775956,-0.2189570074881948,0.14842066747257338,-0.9920132949954298,0.1319185685900068,-0.31909577119611604,-1.3406097682733953,-1.3293719395351347,-1.5220754004585755,0.41880435356781975,-1.7273869789380836,-1.9948688639305265,0
-1.0253805311906572,1.5816637038552022,-1.050324456471355,-1.0253805311906572,1.3595791702247344,-0.3797924069366323,1.517444282684053,0.06704760624693719,-0.6242507765805493,0.607698256476604,-1.460806120176158,0.9022126629865256,-0.9214278675470814,-0.49254122642996695,-1.089350099658068,-1.0757072777335956,-0.5249946961591838,-1.1269156137651006,1.581663703855204,0.39567401817688774,-0.5631885970205114,0.6698172009993593,-0.0300158011987139,0.11737178053452946,1.7420410770451757,-0.12725065469056548,-0.9833880214914444,-1.3327082134248083,0.42060753161282166,-0.939248541589862,-1.3996995609927647,0
-0.7613333985802739,0.8811734361482744,0.07547950375444486,-0.7613333985802739,0.889954642561342,-0.04012241290763145,0.930215019021437,-1.1426715909082532,1.3854302021073213,0.607698256476604,-0.6301439715892172,1.2291356148830692,0.5343337218085382,0.7185675491206565,-0.08670040912972625,-0.7450392856123703,1.5724635757277807,-0.7576639827913384,0.8811734361482727,-0.022669005830663592,0.4859198201144629,0.9371742393741536,0.03482442075851901,-0.8215850156243344,-0.666305063813114,-0.12725065469056548,-0.12454097323146329,-1.2562542868148716,-0.12248946832686179,-1.4056329883621115,-1.083642577610991,0
-1.124398205919551,1.2112121199717307,0.7782486731492431,-1.124398205919551,2.1600755241964262,-0.3797924069366323,2.343235434709607,-1.4120918220794212,0.5943718780896217,2.1132569999997215,-2.070735569613888,1.088522692228012,0.6195588201953727,0.7398657456397328,-2.4993262269635546,-0.662372287582064,-0.57876408790689,-1.073832964964225,1.2112121199717316,0.5525526521797193,0.3822788338316945,-0.4170840542036427,0.8254412535455969,1.77416198487466,0.39315888039672653,-0.12725065469056548,-1.5179667542422226,-1.5001151443488638,0.3627399479935675,0.39649908835471886,0.03387934289858394,0
1.144756839950931,0.04870472849735555,-0.8262111176172332,1.144756839950931,-0.7912160736194803,-0.3797924069366323,-0.7013137083710889,0.5815655451502033,-0.04852511899280207,0.607698256476604,1.0907965606539973,0.28231688108896685,-0.6946500312865383,-0.820607906379325,0.6097276619975686,-0.6666334730475437,-0.2871722402492597,0.4231340891990985,0.04870472849735853,0.5848078501103012,-0.7064518567778759,0.7049901698426587,0.40584721704313625,-0.7524091925890019,-0.2631716385539099,-0.023010181015065093,1.6340903683291859,1.1133249219292043,-0.3988733541963885,0.3331583655832982,1.0611251537406092,0
-0.05170672968986865,-0.32918369395966696,-0.8460927331504142,-0.05170672968986865,-1.1201319098409985,-0.3797924069366323,-1.0406229206681648,-0.25180036106937825,0.23269233922288823,-0.8978604870465134,0.3390693515837243,-0.4512844804888504,-1.122609843213739,-1.2466397281233936,0.43007622931039824,-0.39625249940231083,-0.9693645465912409,-0.5748924242146248,-0.32918369395966585,-1.1469658828509575,-0.9060769623374119,-0.0786953144784233,0.5256657044471631,0.568115054358598,-0.06429462881658153,0.28828328831725425,0.05080588951354595,0.9005693963794219,-0.38996327182869706,0.35678202816679844,-0.06646646027832602,0
1.4335583912435377,-0.8410442005606322,-0.2255923496021351,1.4335583912435377,-1.0369988711138265,-0.3797924069366323,-0.9548629700059483,0.30592818012843215,-0.3349159096686305,-0.8978604870465134,1.214581805053422,-0.8421123990133739,-0.7247725844974208,-0.6870714802914574,0.6291484113318491,0.5472031130454242,-0.26805120985384095,0.6645147093285597,-0.8410442005606296,1.0423705326185604,-0.6214600437218881,-0.6571698535445258,0.8453693965340593,-0.6717242173793123,-0.36762195028751865,0.05884736886508204,0.503690452140423,1.5859791111671682,-0.055572095630191186,1.2620066341399545,1.1864125892674953,0
-1.1491526246017745,-0.7653931842456748,0.9547573975172082,-1.1491526246017745,-0.28246463279411976,-0.3797924069366323,-0.17648628557349308,0.6157969890376056,-0.3507572632748998,-0.8978604870465134,-2.2970432740371822,-0.29941697185420635,1.247219120081933,0.5409043561124565,-3.2585441416665053,0.4504526859028289,0.06344187071351436,-1.2269000549996267,-0.7653931842456734,0.5917723106804272,0.4105143938899871,-0.7791335043706681,1.1125876775157155,-1.4938842401095327,-4.324660037160243,-2.460633565426773,-1.689042842632661,-2.294705908261937,0.654376859330297,-2.770181363908984,-2.5437080004002297,1
-0.5798009949106353,0.6764804545434817,-0.9090642874994994,-0.5798009949106353,-0.3273204635107325,-0.3797924069366323,-0.22275951085272372,0.21574287706829817,-0.0498016548156153,0.607698256476604,-0.289684473410982,0.669668982826257,-1.0451579005791465,-0.9323484580719555,0.14867771943943014,-0.8337550883766015,-1.1412181855091226,-0.6980732558155609,0.6764804545434837,-0.31027983483585503,-0.7253618400335763,0.9919613204622262,0.14859611133031808,1.8944333429531,-0.7278201288660561,-0.8671037727288764,-0.40693750999688094,0.30894248586718026,-0.18899120753008983,0.33027717051103056,-0.10880320533553524,0
-0.9923746396143593,-0.49791677839974174,0.7098068873711166,-0.9923746396143593,-0.08131426692431018,-0.3797924069366323,0.03102020903805629,0.9898936162465255,-0.7158438902990609,-0.8978604870465134,-1.31526925390345,-0.5708418643687498,0.47327500723795585,0.18666049399881687,-0.8543540784404878,0.7843001779482967,-0.8309064458651673,-0.8748457479182029,-0.49791677839974097,0.3433811401759436,-0.048568710166433327,-1.149909361981086,1.0279162960886292,2.0483041855829334,0.7234928332687486,-0.12725065469056548,-1.3277521497180667,-0.8583509758498765,0.08518954642177798,-0.9893176439932903,-1.2698145506101295,0
-0.5963039406987843,-0.08536842362042077,0.0512942653067313,-0.5963039406987843,-0.3801662390737416,-0.3797924069366323,-0.27727515438481704,0.3089693912028014,-0.2939346435287357,-0.8978604870465134,-0.31659713568786335,-0.19175626761635384,-0.17756911278927567,-0.47700337032571044,0.13262921067335434,-0.08370330136991977,-0.5303463413164151,-0.6734589042825522,-0.08536842362041983,-0.2841333958353831,-0.49293671125912586,-0.1975364746247075,0.6270744002715538,0.2510988856578374,-0.03608870058362865,-0.12725065469056548,-0.4150463061855926,-0.3656757539292169,-0.28551507409007665,-0.7098531019280347,-0.9097003696648855,0
-1.058386422766955,-2.639239191301931,0.6834901896901311,-1.058386422766955,-0.45487923211109954,1.318557563208372,-0.8681746009453246,1.5297814046539375,0.09038832025683463,-2.403419230569631,-1.6288161028836914,-2.9436538805260883,1.0737187190992543,2.4974229489073303,-1.4026781279481748,3.3331992838827413,1.1815644594633767,-0.7765701316793215,-2.63923919130193,0.4479668961778316,2.6107344117689166,-3.1573707255477217,-1.781665960913255,0.8294492653844925,-1.3818938078828178,-0.12725065469056548,-1.7842108513481432,-1.7162640778257992,-0.08414672030568567,-1.1541675735960955,-1.1174108589310152,0
0.006053580568652711,0.7289427080354939,-0.7177520402520083,0.006053580568652711,-0.1863031133493555,-0.3797924069366323,-0.07728616863501195,-0.4079192359965421,0.4594284315768915,0.607698256476604,0.390111130231806,0.811602648335162,-0.7384685172612528,-0.522759744590311,0.44657160764638293,-0.7299106846656476,-0.9261008291734064,0.10409282671438366,0.7289427080354957,-1.2192964409222633,-0.522392685287957,1.1368756002438314,0.15392560063909955,1.2089622910924438,-1.2389383704995192,-0.3255119477596544,0.07023052403810333,1.1407576541552815,-0.8875151752827882,1.1531206590592116,0.7733603428898316,0
0.30310660475533396,-0.15209960118865523,-0.13199125462708755,0.30310660475533396,-0.28489729028007377,-0.27196066280044157,-0.21161966032253857,0.9362226407914502,-0.15982845841147858,-0.8978604870465134,0.6204184638460781,0.048480518514043454,-0.322331399258007,-0.618837294619123,0.5121042671580354,-0.20092422979384622,-0.43539615988991603,0.15706640157936708,-0.15209960118865426,-0.7486605389137683,-0.5598596137553848,0.12158474108193174,0.492561810757824,0.05748692163308341,0.5713003236200418,-0.2877478919369731,0.1901328241303863,0.9777240027023096,-0.9452017187289664,0.32350258720880215,0.19368849119775858,0
-0.9923746396143593,1.4469540369884857,0.24153845061535292,-0.9923746396143593,1.7865105590096366,-0.3797924069366323,1.957866230431015,-2.576145102811522,2.3618173436082315,1.3604776282381628,-1.31526925390345,1.3731685901101542,0.45198623818555694,0.8916153457249386,-0.8543540784404878,-0.662372287582064,2.5626553190862755,-1.0407835623888855,1.4469540369884861,0.3433811401759436,0.5294308243004952,0.38838833509358767,0.2990061429337133,-0.785261650965423,0.8672025682192205,-0.12725065469056548,-0.8062570137176543,-1.6362177431088383,0.30752416142449723,-1.6710769724614305,-1.5472179186384114,0
1.3840495538790907,0.9695766550295575,-0.35537987367852863,1.3840495538790907,0.36696369129983714,-0.18872803529531934,0.43565787353057756,-1.9402307020171576,2.6164175907952743,0.607698256476604,1.1943352690322966,1.1538589891986986,-0.5454558517515278,-0.045943634525987036,0.6261208552302696,-0.765706035119947,0.07735444573132215,1.4405394052230045,0.9695766550295596,0.9639312156171447,-0.20971011594143016,1.4908981753315895,-0.1031494924126531,-0.5051100700746088,-0.3676881089857129,-0.12725065469056548,2.0229204957506086,1.4953787489909387,1.0254784617170034,0.7268567276731712,1.037253347110079,0
-0.9428658022499125,-0.5134261150455804,-1.7193139139878153,-0.9428658022499125,-1.2020091624846783,-0.3797924069366323,-1.125087403797719,2.042174612655789,-0.03571872436391662,-0.8978604870465134,-1.1279683709749313,-0.2268496854286713,-1.1643807431922668,-1.2487261321277723,-0.5946216339368443,-0.9016714924066349,-0.580138289507602,-1.1930871348730416,-0.5134261150455779,0.26494182317452786,-0.9554040567267225,0.2547804743270855,-1.2802991889019373,-1.770378290012053,-0.9609525579520796,1.4692744947605232,-1.5001748662168095,-1.8475064536074783,0.5889510035435427,-1.103935673465544,-0.9195226747783933,0
-0.315753862300252,-0.36453648324552557,-0.6592617611060778,-0.315753862300252,-0.992288480274551,-0.3797924069366323,-0.908739780343071,0.7113571643858048,-0.6301699835709365,-0.8978604870465134,0.06941735479052075,-0.3972121342290606,-0.4126733730327637,-0.6313024601792867,0.3288715020761024,0.02651936267048863,-0.9273201341727909,-0.26806744254983755,-0.36453648324552324,-0.7286228588434063,-0.5981728511839155,-0.0921354868781543,0.5861525669038319,1.4723776394002484,0.21585725196569536,0.40492439512646633,-0.6036223116363293,0.6895584287116392,-0.7977802393231249,0.6021983599084807,0.32339558848356625,0
0.8146979241879517,0.6824364256273766,0.12699018688630012,0.8146979241879517,0.46489426783087573,-0.3797924069366323,0.5944883284414154,-0.4965941202323486,-0.15254902941886192,0.607698256476604,0.9296316199024466,0.8188535460170678,-0.13025828337154893,-0.013685178687469305,0.5809005053306341,-0.2852658623043718,-0.036020580836499234,0.9887915207361007,0.6824364256273775,0.06187907010086223,-0.2019030852424494,0.777015503262702,0.4066199500753692,-0.6624609759091156,-0.19498017615927807,-0.006398153337694191,0.8365282280403483,1.0059140540779934,0.3304981680113513,1.0648642071805798,0.8847109395467628,0
3.017841186905838,-0.8740571151069766,-0.7798442714625848,3.017841186905838,-0.9827741250005393,-0.3797924069366323,-0.8989247819817114,1.6398413047105271,7.910658119718491e-05,-0.8978604870465134,1.7192936444625426,-0.8191495097622086,-0.8759917419728869,-0.7806604739387761,0.6889981690155168,0.3925096757004163,-0.02332894961335071,1.3840754644094704,-0.8740571151069748,3.5524286766638684,-0.6973259867165823,-0.6661981082420323,0.8845201437144656,-1.5083230026146799,-0.8504280231121775,-0.010131049132377603,0.5228453780898176,1.7803888333740028,1.2205181383289139,0.9802653543942288,1.741501451369424,0
-1.0336320040847318,0.48652400469800333,0.5237257797073258,-1.0336320040847318,0.1262218248461283,-0.3797924069366323,0.24511421141505163,-1.1575363272821273,0.37375944948017875,0.607698256476604,-1.5004434884034585,0.3299807730267993,0.31870928742494853,-0.22290486071102789,-1.158978550389201,-0.09595026404107629,-0.7416810033915053,-1.042346955470007,0.4865240046980031,0.4087472376771237,-0.15482990289482348,0.19043864443215436,0.4243478359365428,1.233381359770703,0.43868592500112596,0.9962300060342743,-1.2828021030840053,-1.1326374930249155,0.29577371488552995,-1.317142274811614,-1.512689164450681,0
-0.043455256795794164,0.9113227425422539,-0.7957149856203645,-0.043455256795794164,0.1397752022678713,-0.3797924069366323,0.2590958605498759,0.1163687138361438,-0.15965161431047442,0.607698256476604,0.34650902123989474,0.7754988793782813,-0.7819342189944711,-0.514597099793135,0.43252889489388346,-0.8507630654062314,-0.8619415665209689,0.029013600841912304,0.911322742542256,-1.1600391023511933,-0.5612625074608408,0.9770823781605057,0.1235277727297523,0.9324204912139897,-0.4937116440684417,0.07910293605481379,0.034007266263344285,0.9417831223397413,-1.0147097062358061,0.9508716341024372,0.6341149442466656,0
0.476387535530898,-0.36264582125441364,-0.28058694156326663,0.476387535530898,-0.6612294033571356,-0.28274383721406066,-0.5965810665013646,0.6270349973467717,0.020975350345042044,-0.8978604870465134,0.7352516605902557,-0.16699646610705565,-0.7078910352775917,-0.9642703544102382,0.5399556474504932,-0.03646501678117329,-0.7995688262498198,0.01014380993255994,-0.36264582125441047,-0.4741229294088128,-0.7612669975017131,0.04584968341083129,0.39402267571155364,-0.045538291933287886,-0.4571707300496451,0.16164437235296417,0.3362856627675758,0.9798511274229365,-0.976234731334397,1.084187841863238,0.8046110834755917,0
0.8312008699761007,0.05113825955331307,0.4114533757289967,0.8312008699761007,0.026473252675040162,-0.13812996059188865,0.0691001699351503,-0.15941954537169378,-0.03317457469251639,0.607698256476604,0.9382817229082315,0.20832985999396167,0.6660701100154559,0.22400725791181497,0.5825583516923105,-0.0823963132587687,0.5763331839757412,1.1535658798905994,0.051138259553314185,0.08802550910133417,0.10017711984358664,0.16857341509266166,0.3122022775472146,-0.45169524245923653,-0.455130840842457,-0.7267363827453227,1.154647524377289,1.03331342752746,0.5906613747350369,0.48026470935024995,0.7058998275365538,0
1.0127332736457393,-1.3425157738206785,-0.3421843199359179,1.0127332736457393,-1.136805095833893,-0.3797924069366323,-1.0578229608690919,0.8060425835382862,-0.4961611959632991,-0.8978604870465134,1.029159942575958,-1.1567941472539647,-0.21253735289251102,-0.17376037101465794,0.5992031291635297,1.4012965905199468,-0.2426495064324673,1.1470941596943285,-1.3425157738206774,0.3756363381065256,-0.2016091594375,-1.0117138777398482,1.0925296552530968,-0.39173725963859757,-0.3294880309601411,-0.01694528072848942,0.506805251739894,1.1395428582748965,0.5727697874229903,0.07152412607135633,0.6738923695046565,0
0.22059187581458917,1.228333041319317,-0.2135119645017126,0.22059187581458917,1.4359021000633763,-0.3797924069366323,1.5961789325606048,-0.35101356288568974,-0.41263795968654854,0.607698256476604,0.5611697833475173,1.3322024505413108,-0.4025642504783443,0.31962198542933784,0.49654483682705575,-0.8170842671359893,0.09374697718817432,0.6509895412779256,1.2283330413193194,-0.879392733916128,0.0025076194836158926,0.9473325469929893,0.3516496539949015,-0.37631046029362014,0.20087674725682356,0.04221290865899312,1.0232574030063746,0.5794695429602625,-0.157177554046365,1.0529783037364941,0.8287936512409501,0
1.697605523853921,-2.00093612362528,2.501428401446437,1.697605523853921,0.7680764639752611,3.149739374593768,-0.1605879428099586,1.037897736022709,-1.0058288022103625,-2.403419230569631,1.3166359214030812,-1.9585521524216576,2.7385365386598055,2.6565886532743064,0.6435814534548172,2.397230293148547,3.8878118092227356,3.895248332477195,-2.0009361236252796,1.4607135566261114,3.0221679628370697,-1.927156031066434,-1.3571081534869764,-1.6397414780596336,-0.7036125521262658,0.04221290865899312,3.2118983001536483,0.06339592796101955,4.948587153196261,-1.5359432602055831,0.3452540197254597,1
0.16283156555606781,-0.44994603947191375,-0.7813239834138352,0.16283156555606781,-0.9935077865664702,-0.3797924069366323,-0.9099976153631562,0.8957037114644429,-0.2608334781465946,-0.8978604870465134,0.5176919309928615,-0.20146010122695915,-0.8171813720539622,-1.0219809724890052,0.48457674012479823,-0.15291288111622273,-1.0541291807466022,-0.19818740762156156,-0.44994603947191203,-0.9709052704177799,-0.8098772368853147,0.166134967061586,0.6351635027220245,0.522400772454807,-0.48624005443905977,-0.12725065469056548,-0.12591575113140363,0.8571925062731982,-0.9365137940334721,0.8275822688058375,0.6452619743186097,0
0.23709482160273815,-1.8169644383926618,2.7207190960876853,0.23709482160273815,0.9774637835774741,2.998141235340724,0.10128089269105915,0.9724248733662826,-1.063778938019775,-2.403419230569631,0.573279989452598,-1.679594226157212,2.7977801895503602,2.550569944748981,0.49979426481883277,2.2492415933196095,2.536642979517812,1.80106512132539,-1.8169644383926602,-0.8532462949156561,2.8106205131608446,-1.9726029870494963,-0.9357234801377955,-0.7678580053328512,-0.35586075521399546,-0.2948416924782486,0.9768689173609799,-0.41684745522569727,1.7430904961148321,-1.1357047176344615,-0.3038257681172238,1
-0.6705671967454546,-0.2729658646267116,1.4252416534799706,-0.6705671967454546,0.31329661179412926,-0.3797924069366323,0.4381003544027659,0.1970115918332468,-0.8859101670308571,0.607698256476604,-0.4466740559890621,-0.6004930420668145,1.485154057896898,0.9644707341400761,0.049222172156690475,0.7872109877380963,0.5599153372047215,-0.4476394990070463,-0.27296586462671096,-0.1664744203332592,0.7902559428891733,-1.5173053001520367,1.0638269640113553,-0.24821410531609403,0.48299366947578765,0.29998846981043,-0.4211959538906391,-0.7363255858291923,-0.5919710795935389,-0.47584292452407206,-0.9556784653608579,0
1.2355230417857501,0.9317564699982271,-0.01328029708656352,1.2355230417857501,0.6979768856176678,-0.17734009261471126,0.7736853643034219,-1.4672751223210199,1.4231999839223186,0.607698256476604,1.131236205491691,1.1947643462637212,-0.171878543075455,0.28675913845869744,0.6163163854708621,-0.6596349697664909,0.1517899004101275,1.64265340843127,0.9317564699982288,0.7286132646128969,0.02046039763483034,1.3576038515794486,0.05782986349683686,-0.5850778454018426,-0.4973984422984691,0.07363661577016879,1.924686970054935,1.2683855431578757,1.3459987503353361,0.7519764922369438,0.9820575691731948,0
-0.9593687480380614,0.8183089249438058,0.2584334090524839,-0.9593687480380614,0.7903373185115316,-0.3797924069366323,0.930215019021437,-0.7050494402370844,0.02223474759646944,0.607698256476604,-1.1868966405131247,0.38194434045348946,0.26258416720187777,-0.005860267901569408,-0.6715793952712589,-0.3408895174642061,0.17517070102353308,-0.9968267662243246,0.8183089249438064,0.2910882621749998,-0.1666579961156323,-0.23641852528684626,0.4306149205866842,0.2734067223566226,2.0346144115242093,-0.12725065469056548,-0.8193636781241574,-1.1249990877774638,0.22173361769584285,-1.20607866087108,-1.2401694874589304,0
0.3278610234375574,-0.49791677839974174,-0.34187578449835193,0.3278610234375574,-0.8907050248290205,-0.3797924069366323,-0.8039464002322259,0.38049562827607775,-0.13592003649758597,-0.8978604870465134,0.6375827134587376,-0.5392465175458827,-0.3650858413656556,-0.5814708181011721,0.5164560453287322,0.060963945183116326,-0.5242063897144217,0.2916636384703545,-0.4979167783997396,-0.7094408804130603,-0.5428241107469999,-0.3659175176100115,0.6981712268042624,0.1577341027583043,-0.14393015490882038,-0.12725065469056548,0.8475286011472708,0.8423519202908701,-0.7461489395749336,-0.09088119875602646,0.13204465442704028,1
0.8312008699761007,0.2673126656714436,-0.14962804833114712,0.8312008699761007,-0.13889938013492198,-0.3797924069366323,-0.028384529961410426,0.368259133252299,-0.4537880169154529,0.607698256476604,0.9382817229082315,0.317226058509152,-0.3930875438737821,-0.5968622401448572,0.5825583516923105,-0.31765417326596446,-0.40959201968922204,0.49603183635372566,0.2673126656714438,0.08802550910133417,-0.54859739614907,0.36523274195070604,0.4812336812224421,-0.6516323996411126,-0.08347066104097275,-0.24714780030151623,0.7846780003691636,0.9621676299272898,-0.4018190719124376,1.3972704547907335,1.2694726563903669,0
-0.018700838113570727,-0.15609099872544738,-1.134385167072945,-0.018700838113570727,-1.0426214440049815,-0.24392440932503195,-1.0017692584285698,-0.4294467703124375,2.2847993631258365,-0.8978604870465134,0.36852810085025917,0.21386428484149217,-0.49644090511754824,-0.7801871757650921,0.4396906783976555,-0.8552619496527788,0.0888506979809383,-0.5266090285930065,-0.15609099872544704,-1.1992587608519012,-0.6270686093932684,0.8341549353732102,-0.901698595653665,-1.1649781689123597,0.4725234202550544,0.27720238317038004,0.7163898196846604,-0.2883905125218809,-0.4108190300652935,-0.802688599225171,-0.31081319937389384,0
-0.10946703994839001,1.2468278052764203,-0.1627538797008158,-0.10946703994839001,1.249007011978285,-0.08655212432166752,1.3146600765271783,-1.9318977849795074,2.4459308832042455,0.607698256476604,0.28551927184560316,1.4143432654556982,0.21890978069320852,0.7322717800749629,0.4119194459621628,-0.7902385075569982,0.42694480990595013,0.2161481168543143,1.2468278052764221,-1.0554533463493057,0.4371939724597937,1.2716752250125964,-0.06546626141803127,-0.39420519860710806,0.053031593188380896,0.09097940170922252,0.9770548679880198,0.0008340500599729776,-0.7943675761273276,0.37408561244569843,0.192055821670671,0
-0.522040684652114,-0.10523431550385487,0.7486885567082917,-0.522040684652114,0.006830275423134476,-0.3797924069366323,0.12195002128356668,0.07119826151645138,-0.5535209480101523,0.607698256476604,-0.2004023922306594,-0.5191270257011835,0.6119051930588735,0.18996117108317315,0.19916740993945214,0.2618261735432707,0.40052294910520947,-0.44094963093899076,-0.10523431550385376,-0.4017923713375068,0.06224225272446125,-1.0402834629093816,0.7957829374547866,-0.7140622316170143,0.9452495128759488,-0.4680818663711362,-0.09595215948880614,-0.6878859703765219,-0.6006251066547101,-0.42933798112113486,-0.5274348345953723,0
0.888961180234622,0.32264643275473165,-0.34364401220384677,0.888961180234622,-0.3744190857631756,-0.3014070236991706,-0.2950614253515214,-0.3608948124846305,0.3924231741618309,0.607698256476604,0.9680276267337121,0.2848650199654754,-0.3483364397763897,-0.5865654294456822,0.588159959495125,-0.46524329227902583,-0.20219580520250063,0.7128708209074396,0.3226464327547335,0.17953804560298592,-0.5327369146803973,0.5481370051764183,0.19507698915220037,-0.3441687430906297,-0.14268716796719919,-0.12725065469056548,0.803990503332871,1.3100257290011565,-0.09269494081233637,0.9260038788559497,0.7261396720822432,0
-0.41477153702914576,-0.5036947665619168,-0.9521463784820826,-0.41477153702914576,-1.0848123106613718,-0.3797924069366323,-1.0041872612789453,0.6556764991280707,0.04184809800166116,-0.8978604870465134,-0.05180828963237453,-0.4487529522736141,-0.9294690480398939,-1.1567708407594315,0.27454837642828506,-0.2976649433307126,-1.160428113675791,-0.6406640075576276,-0.5036947665619158,-0.5717442248405745,-0.8313962618460818,-0.10938229330205089,0.6359246137253186,0.8522523662825733,-0.004223917442413173,0.46753322451670143,-0.589166939699676,0.15798730836580888,-0.3252849987700374,-0.27656279604626294,-0.4088778186615335,0
0.02255652635680167,-2.3218748040922788,1.897926122689081,0.02255652635680167,0.1476449052869478,3.56476236243241,-0.926187169331349,0.6335061070830459,-1.003926855562431,-0.8978604870465134,0.40426597028131683,-2.318397685231373,1.6814976201146412,1.9417395469479835,0.45101091683910594,2.1243055492460043,0.003314198718237847,1.9197375635761147,-2.3218748040922774,-1.1931500019217915,2.307454192266556,-1.448141644286935,-3.370998628189132,1.0466411270397538,-0.9848240673422574,0.06845242814537178,-0.5117988156396234,0.4243645322527753,2.013967074862311,0.11228265463274326,0.07712959425243272,0
-0.3075023894061775,0.20469663079584738,-0.10853598203831767,-0.3075023894061775,-0.3704210660688689,-0.2025732796171536,-0.3208386296510927,-0.6252535764201828,0.6076987662915581,0.607698256476604,0.07893625728406307,0.27392308620402905,-0.18948366843221928,-0.536614960962251,0.3328866896239888,-0.32811007815517323,-0.6227068144874335,-0.3416559912984487,0.20469663079584943,-0.7416960783436422,-0.4513823364409715,0.5388560341010731,0.06038214708817542,0.7214479714151025,-0.3331567596678582,-0.9185718157228439,0.05284754973419693,0.3443571235217361,-0.7802616587080298,0.12899225920234864,-0.10002068256892187,0
-0.24149060625358168,0.8528077420682094,-0.511308355590108,-0.24149060625358168,0.4015867856342225,-0.3797924069366323,0.5291803999347726,0.34877359240435546,-0.5802205989655669,0.607698256476604,0.15223495735226833,0.6298225930885171,-0.2913642533347392,-0.24279213885895368,0.3626578363204777,-0.80687151178138,-0.3480019838859147,-0.19320636454915063,0.8528077420682115,-0.8462818343455301,-0.3886830739323097,0.4977165327589794,0.2522119108793238,0.10975677479688428,0.3778043673365443,0.11936705132220257,1.3434041981591778,0.15292585078420373,-1.0132965806865128,-0.9434518325476375,-0.7244580982179025,1
0.715680249459058,-2.1651250429920843,0.9313090689165968,0.715680249459058,-0.2516848995827204,2.093118846663625,-0.8928984271612453,0.44457950865942175,-0.37923924927979535,-2.403419230569631,0.8762377308644607,-2.218068546697345,0.6493399791554633,1.3225404256987383,0.5703707531255177,2.2448081243205498,0.9042782442665791,2.109635285964453,-2.1651250429920825,-0.09499956390196956,1.3144911051911947,-1.9018692002024362,-2.7206554263419926,-0.4300101790227091,-0.009097819232066616,-0.0003302453199780444,-0.0322394951471565,0.5775238527201253,2.16492843682008,-0.3218031466631222,0.15704308752824622,0
-0.4642803743935926,0.30753477140750424,0.024620317976116336,-0.4642803743935926,-0.08131426692431018,0.04479508559961874,-0.09743619238814102,-1.0802010187772184,1.457511716402895,0.607698256476604,-0.117883515059114,0.44553058002760293,-0.2356132776803117,-0.4380055500169692,0.24229402057489172,-0.5934831225568087,-0.075535287842425,-0.5743470545351638,0.3075347714075068,-0.49330490783915865,-0.43037880985173843,0.7558310528818374,-0.2454267492375508,-0.4680045321220969,-0.07082002023105455,-0.12725065469056548,0.06622130126598492,-0.41955012631652877,-0.4242471467850713,-0.9915807827344796,-1.0675649137329042,0
-0.3652626996646989,0.049964899111419624,-0.9336803649438942,-0.3652626996646989,-1.0359802890683274,-0.3797924069366323,-0.9538122018961226,-0.44854870394534024,0.2602948021143625,0.607698256476604,0.010489089611953694,0.058051115350480506,-0.7656003783856972,-0.9123042638641904,0.3032189149646308,-0.585828770887336,0.7019953993840718,-0.7256689615962901,0.04996489911142227,-0.6501835418419903,-0.780312908164756,0.5435693691224046,0.3341018169745054,-0.5958442918430896,0.30201519899353324,-0.12725065469056548,0.41605408321984444,-0.3653475348145351,-0.17536996641311003,-1.3312826660979433,-0.9177449520932063,1
0.492890481319047,1.9896052421968655,-0.33714008120424765,0.492890481319047,3.0834153438090564,-0.3797924069366323,3.295751769813296,-2.920538319102872,2.5659951505767764,2.1132569999997215,0.7455826128441179,1.8618286581016685,-0.4010015369322556,1.0617734715551148,0.5423203872866412,-0.7949514353665176,0.4214525481607622,1.4255235600485103,1.989605242196865,-0.4479764904083408,0.5304481964012092,0.42159661487538425,0.43938883909688226,-0.21838218634252443,-0.30713359353008646,-0.12725065469056548,2.9685357969123367,0.9531578391790642,1.0746826728282213,0.269098784043865,0.3885329061687715,0
0.6331655205183131,-0.4739822824580843,0.41409867747958345,0.6331655205183131,-0.5233933305296373,-0.3797924069366323,-0.42502806327416365,0.32990480799199084,-0.5182931230880103,-0.8978604870465134,0.829653406241023,-0.3880153884897813,0.156715546746579,-0.12895681712338158,0.5607529663588308,0.4548956552292814,-0.5585870967336126,0.9208021006966229,-0.4739822824580835,-0.2257317589043292,-0.2657787782616424,-0.44129344309984464,0.8202547007316866,0.30991758423136795,-1.0160134030512482,-0.2597134400162021,0.6609334459466012,1.2118290232690148,0.24113651305027226,0.9490133263905182,1.0294960544317806,0
0.9962303278575902,-1.2904154756236494,0.42649249721283045,0.9962303278575902,-0.8079186497601534,0.2174295605868857,-0.8992299946967128,0.22030378848227167,-0.2854688847595471,-0.8978604870465134,1.0212043799998503,-1.164858243550116,0.146154466179454,0.03500574089457818,0.5978008219040514,1.2498698097123846,0.43448674076062077,0.8362698003801601,-1.290415475623648,0.34948989910605366,0.018737836609273403,-0.986163500520355,-1.3036963049291321,-0.9148705539500319,-0.7803411046086991,-0.23836412663038456,0.7019585290918251,0.8034769149279114,0.10210439653596633,0.27640903534678,0.7075620710084966,0
1.0209847465398136,-0.9104651331790626,-0.5428497856746036,1.0209847465398136,-0.9637938223655662,-0.3797924069366323,-0.879344722808472,1.1242279603818772,0.0011307592875239845,-0.8978604870465134,1.0331160530252155,-0.8857405639644841,-0.7428315065851975,-0.6847313711831492,0.5998966615581642,0.4817868880547843,-0.10472945635436959,0.47523507257694425,-0.9104651331790614,0.38870955760676157,-0.6114791678588679,-0.771236906457816,0.9128493473830417,-0.6667495404780001,-0.257503412434866,-0.12725065469056548,0.48450099586875606,1.0778950454491938,-0.38567139820387525,0.5984508289954016,0.8344713792254596,0
-1.0831408414491785,1.4245024258440329,-1.2034297678835086,-1.0831408414491785,0.7903373185115316,-0.3797924069366323,0.930215019021437,0.5674304058866891,-0.45572829250519303,0.607698256476604,-1.7743529702463066,0.8508803032562651,-0.8835652252137514,-0.8604455411576786,-1.7160061562382816,-1.0757072777335956,-1.1687590764199123,-1.1576381057080734,1.4245024258440317,0.4871865546785395,-0.5827058898952578,0.6217633526323904,-0.077018936074775,3.426155586438704,1.6338801601096515,-1.5717257899082204,-1.3677421515340944,-0.888745735142586,0.5777207860875737,-0.6728346530229182,-1.017432148212467,0
-0.9098599106736145,0.12230897946576769,-0.8122560569117283,-0.9098599106736145,-0.9173882366280769,-0.3797924069366323,-0.831472771966411,-0.732909039124324,1.1977389931027673,0.607698256476604,-1.0188866599854054,-0.037422853758006774,-0.9356496798923845,-1.220606971581288,-0.4626940430778544,-0.7607853804752859,-1.154090833021925,-1.0919028803437012,0.12230897946576924,0.212648945173584,-0.867236656642879,0.3913294450819005,0.32532789846430743,0.8211642242257972,0.3756056562957754,1.3172244805270894,-1.047422177280893,-0.798571803335277,0.3623266877849688,-0.49464038645692143,-0.8819426405659163,0
0.38562133369607876,0.21730524370511126,-1.0112655407036624,0.38562133369607876,-0.8415846734602384,-0.3797924069366323,-0.753273900172143,0.27608122036334254,0.11846982466377035,0.607698256476604,0.6766116980543879,0.19763218179811326,-0.7994916112555798,-0.9483681440425955,0.5260999356467074,-0.809843565475324,-0.472196076556292,-0.23378186870105283,0.2173052437051135,-0.6179283439114085,-0.7727888052595979,0.6231396482151706,0.29056065987576885,-0.5951242292721403,0.2017197406066816,0.025181394754510807,0.8119353588724715,0.561957792585442,-0.7721977151737618,-0.00023831596477938755,0.18849286545715904,0
0.6909258307768346,1.071365220046537,-0.4026253665394346,0.6909258307768346,0.3682300132157246,0.051991483778199274,0.36413596188904235,-3.3467593566385268,5.477747764529904,0.607698256476604,0.8624702980341666,1.2624898276883585,-0.24045729550854436,0.2857731013199116,0.5675709990964007,-0.8235028769631695,1.194370868029489,0.6860022746993251,1.0713652200465407,-0.13421922240267745,0.03391482356457798,1.8420957342284348,-0.5006989546476315,-0.5461668927099639,0.2012967696808715,-0.12725065469056548,1.1610564309896607,0.800489265839853,-0.13860309961773232,1.088427311018648,0.8707299744733732,0
-0.8438481275210187,0.2965334819467223,-0.19208440150532272,-0.8438481275210187,-0.12614206274672493,-0.3797924069366323,-0.015224095475374764,0.29505631536759036,-0.1360209454236125,0.607698256476604,-0.8288575987574143,0.508019083783665,-0.20566408667102398,-0.31699845798188303,-0.2621641049721849,-0.5466384903396352,-0.9820082066005394,-0.768498660423298,0.29653348194672374,0.10806318917169627,-0.39935891549699626,0.5558906992436614,0.4659245926399205,1.4901071684748055,-0.1675367700494389,1.0861084588922643,-1.5515958627700361,-0.6038228920152965,-0.10405793708798915,2.8452951516353457,1.9628873082787726,0
1.2272715688916758,0.13588437225078595,-1.1564750962821966,1.2272715688916758,-0.8247209584422066,-0.3797924069366323,-0.7358773104399386,1.5016757719868743,-0.4487678030719767,0.607698256476604,1.1276212529114473,0.28329091650595817,-1.146432351607243,-1.1499788169834972,0.6157373101067033,-0.9658508019458132,-0.7080481085770948,0.23978080296429316,0.13588437225078717,0.7155400451126609,-0.8953163457445589,0.7495497894994771,0.3438091310708947,-0.5611700481198331,-0.5829713568630376,-0.22802798970575125,1.1384211425905784,1.38148087082085,-0.4879488602921892,0.7678544585626486,1.0159732507897992,0
0.07206536372124854,-0.1373487842048603,-0.4164545583931383,0.07206536372124854,-0.6080176650448145,-0.3797924069366323,-0.5123264330193371,0.6095723262834737,0.04314033835420488,-0.8978604870465134,0.4456598322827577,-0.377715756269087,0.13829300948452486,-0.2671899307791635,0.46366708404072626,-0.45955573961951124,-0.6478641379613946,0.2517789359124363,-0.13734878420485847,-1.1147106849203754,-0.28086430175692934,-0.34940924889280867,0.5785613396034721,0.5004933176853603,-0.020963405178253323,-0.3156604549363467,-0.030752253773788638,0.8724451891204437,-0.7719575344588271,0.5346583197828313,0.41607329024443956,0
-0.20848471467728374,1.22791824007528,0.27419573192519603,-0.20848471467728374,1.4335357887544027,-0.3797924069366323,1.5937378484354954,-1.737445003741482,0.9372536375759827,0.607698256476604,0.18711497066059454,1.1824434336810454,-0.017346946856932294,0.418318975880312,0.3761368988011768,-0.4508228831737998,0.012681660658453574,0.18484389725324996,1.2279182400752826,-0.8985747123464739,0.09799612783846293,0.6384938191425317,0.3509081960926316,0.4729452833917518,0.7213603331319774,0.11159956451865236,0.8913378508827644,0.45108687980668877,-0.7928563267524434,0.15995548803302745,-0.11212205914706748,0
-1.0418834769788061,0.395182407221426,-0.31683883937861246,-1.0418834769788061,0.17730763205115946,-0.3797924069366323,0.2978142735386199,1.4420066963316858,-0.8521044868551925,-0.1450811152849547,-1.541576955057023,0.22527730671647328,-0.4043836749946575,-0.5157548600123341,-1.2339630357919633,-0.8213472837941915,-0.8699164546764616,-1.0731785213488718,0.3951824072214264,0.42182045717735966,-0.5988634400781312,0.02864540294021726,0.509580187178467,0.6045120750597544,0.23325676959997763,-2.460633565426773,-1.3117566051145695,-1.3420549129697017,0.3339270308781949,-1.3442639706647506,-1.618755882960143,0
-0.8273451817328697,0.6490583178548542,0.09463330531355596,-0.8273451817328697,-0.05257850037148016,-0.3797924069366323,0.06066399398256341,-1.645780154527747,1.0685167779892146,0.607698256476604,-0.7861106502456601,0.3744529804641003,-0.026569141010274567,-0.28128853745625226,-0.22167248285469532,-0.31262729591538335,-0.23274731038346616,-0.900659912746026,0.6490583178548538,0.08191675017122435,-0.33961167223888306,0.40923220732269894,0.24886946573258173,0.6488890364077461,1.606031610118338,-0.12725065469056548,-0.7971755893817866,-0.6719469426354538,0.07069787754770165,-0.1978107178926172,-0.8399929386441538,0
-0.07646114837209209,0.42155912520931416,-0.7787903374309035,-0.07646114837209209,-0.6168444617725047,-0.23727352832306553,-0.5645503793924946,-1.012753571537979,1.9631540946639003,0.607698256476604,0.31644070398633284,0.3060715413502545,-0.8089406500389787,-1.0278082485860258,0.42251241446902604,-0.7519763763561722,-1.124578561762704,-0.305843382347173,0.4215591252093154,-1.1077462243502496,-0.7541805565667883,0.7571274613621641,-0.18720302899354105,1.1648912796142559,-0.681528637675259,0.08487506446727464,0.17401095888393633,1.0342068040612606,-0.7825770920321874,0.7104228621655481,0.27970125852919275,0
1.0209847465398136,-0.3296517144421308,-0.6291750067900406,1.0209847465398136,-1.007105702387223,-0.3797924069366323,-0.9240252102610624,0.3055485968982862,-0.3630644313582255,-0.8978604870465134,1.0331160530252155,0.10584290154884256,-0.742395841004082,-0.9123641516670605,0.5998966615581642,-0.0693264321472577,-0.7196398865674823,0.28097439275291786,-0.3296517144421295,0.38870955760676157,-0.7612421355367227,0.5834074698820708,0.5612378646991835,-0.4868579774704954,-0.5107057899935389,-0.12725065469056548,0.1829741500899547,1.130344713058222,-0.5727902578666194,1.0776992115329,1.155831252576395,0
-0.9511172751439869,-0.4007528801698632,-0.15142549615925333,-0.9511172751439869,-0.8789259493501578,-0.3797924069366323,-0.7917951190162342,0.2658258051561515,-0.4511179165183697,-0.8978604870465134,-1.1570342932555775,-0.682894624328659,-0.33031218599809603,-0.5304313426005282,-0.6320605448562927,0.354208363871703,-0.39958326982221765,-1.0816862883484641,-0.40075288016986227,0.2780150426747638,-0.49969230815140414,-0.5696162380728409,0.6449492156215227,0.36111462725449306,1.1762392310001866,-0.9470878935978806,-1.2682404750302732,-1.0720807598915896,0.3464268351642674,-1.0547392494283834,-1.2045195052190296,0
-1.0501349498728807,-0.9859025466244243,2.6235054139156335,-1.0501349498728807,0.9497250369912285,2.065831550072174,0.3547303406320733,0.21466414586667396,-0.9401998477560096,-0.8978604870465134,-1.5843239046586846,-0.8132047480533083,2.7771153579774874,1.9851799848046296,-1.3149462800269485,1.5696366592362068,3.196674979984296,-1.0487823176876474,-0.9859025466244239,0.4348936766775956,2.1105686336713987,-1.1999547538771012,-0.6661248931880731,-1.896573466513017,-1.287172900730254,-1.3406097682733953,-1.3976727446456263,-2.226887393141834,0.3840833969176515,-2.458313768136046,-2.1587768201583284,0
-0.538543630440263,0.5202444321640015,-0.16928128854336136,-0.538543630440263,0.24072449616774969,-0.3797924069366323,0.3632350403127044,0.2205171025538564,-0.1179970914253336,0.607698256476604,-0.22517408209838416,0.7732959929229963,-0.04459259927850125,0.004669842179103791,0.18557084303961235,-0.7716447562428137,0.02875876127977935,-0.5258091530631303,0.5202444321640027,-0.37564593233703486,-0.18221852862398313,0.7773126384248171,0.44257935491877237,-0.154576049585546,0.9319208294596165,0.2214157572585262,-0.9553322873798714,-0.5586494005862117,-0.5031179635761946,1.9600100521828019,1.1366668668825048,0
0.7321831952472069,-0.11226843489826656,0.33295170221783127,0.7321831952472069,-0.18516842737043002,-0.3797924069366323,-0.07611562783607499,0.31480516961205074,-0.45728467322209104,-0.8978604870465134,0.8853203440162615,-0.25150758795715406,0.21982402217073246,-0.1618023742463514,0.5721985316894751,0.07682846243996966,0.2412838845654303,0.6326287620694035,-0.11226843489826317,-0.06885312490149763,-0.23990289039445964,-0.47406244690248545,0.7201542314232201,-0.7892892774382898,0.1323296523328325,-0.25311778265558876,0.8589788126909365,0.70681761830304,-0.21520741934480841,1.0009968780376854,0.9936838849228722,0
-1.1326496788136255,1.2269282477728485,-0.2093228051171438,-1.1326496788136255,1.5872759109100159,-0.3797924069366323,1.7523359881490996,0.39459348463183863,-1.364148996028587,0.607698256476604,-2.1410765888412966,1.6189080251996997,-1.2218329985846448,0.1760249736922479,-2.7186558467666293,-1.0757072777335956,0.07229889330281301,-1.1707996939724,1.2269282477728491,0.5656258716799553,-0.11194424091242479,1.6671949020709576,0.4306149205866842,-0.6741548884793419,1.5350328367618793,1.8950145346141487,-1.4144633849098276,-1.930224650624435,0.5061758049561013,-2.209611781003437,-2.0228209360956875,0
-0.6623157238513802,-1.460529606218157,4.3285227176830325,-0.6623157238513802,3.1977559830486193,6.979724130358386,1.1871278218738317,0.5013494509149493,-1.3290958940072668,0.607698256476604,-0.43143034660083496,-1.793371955019267,4.177488271872134,3.77253794587887,0.059519337405662766,1.7717115433102892,0.6602972873550161,0.739884799030077,-1.4605296062181559,-0.17954763983349517,4.696682278307674,-0.6810766717216071,-1.9233132763424703,1.4503549595889889,-0.6785682392146766,-0.12725065469056548,-0.5215540322784227,-0.49962380401146206,0.3038495376655415,-0.49027384798269175,-0.7115432034423899,0
0.1710830384501423,0.3540926644599457,0.16061817449322757,0.1710830384501423,0.24906399708481564,-0.3797924069366323,0.371838060220857,0.22794594297412704,-0.49493157803993326,0.607698256476604,0.5240102521332685,0.32346411989258733,-0.07108041957059597,-0.231266447910026,0.48634576515345374,-0.27292949339304867,-0.8606140063195736,0.516428662365569,0.35409266445994725,-0.9578320509175439,-0.36825786751586936,0.13275178212057542,0.5682515811855927,0.7408595660828007,-1.122249066342812,-0.30259156705802787,-0.044945309134073935,1.1215122225009029,-0.34412477214765835,1.316069337804389,0.7401708659191171,0
2.0524188582991236,-0.4589693918601902,-0.028721143670373084,2.0524188582991236,-0.8740917865601151,-0.2781455259304475,-0.8175608567424837,-0.3423323288158941,0.030230553568245864,-0.8978604870465134,1.4402623866679245,-0.5515033450272683,-0.23397862090600827,-0.5633181141801192,0.6593484721954534,0.09523673426675325,-3.8137616047858726e-05,1.3496444586461627,-0.4589693918601888,2.022861995136258,-0.46629465555749244,-0.3261190313421958,0.17462653536530293,-1.0657764635998435,-0.6012991136279185,-0.20289648471443125,1.3195076553167255,1.4111650888935723,0.947237054889834,0.6198421511801322,1.3038962587741674,0
1.301534824938346,0.014251547764078701,-0.3295415114727504,1.301534824938346,-0.45005903901191524,-0.31404982744714827,-0.36926651282551326,0.38280838549362683,0.13429929674929758,-0.8978604870465134,1.1597321344946485,0.24823984675966135,-0.38691651039373554,-0.5782269398718195,0.6208144934608452,-0.47837155003073706,-0.6402006442584458,0.9741756133265445,0.014251547764079688,0.8331990206147846,-0.5611652035749809,0.4794781036417442,0.38353262440862707,-0.4302005152646003,-0.8757205432488339,0.06845242814537178,1.2271063140440828,1.3567002070317393,0.32342990773175295,0.8729489865220026,1.2679756514674565,0
1.557330484654655,-1.0597913914653354,1.0838534280607535,1.557330484654655,-0.22044256774167753,-0.3797924069366323,-0.11250439196892661,1.2452240320200638,-0.8529846271235106,-0.8978604870465134,1.26361138358995,-0.9591184224303991,0.8914913933105444,0.7923160671026458,0.6362511822446371,1.6588491380489712,0.5738422763362914,2.520298654598624,-1.0597913914653336,1.2384688251220999,0.4415509472305894,-1.5977203930138992,1.3389463789845573,-0.6565781717430408,-0.6072847613917677,-0.21620660143417456,0.6919171059941689,1.2594442737917573,2.7296011732067025,0.7183375598378391,1.2063336924075228,0
-0.315753862300252,0.363368383332525,-0.9116470276250949,-0.315753862300252,-0.6777074569593599,-0.3797924069366323,-0.584218345161099,0.30786491680385064,-0.18828234415046796,0.607698256476604,0.06941735479052075,0.3985934081109596,-0.9894303671833594,-1.0009760730103703,0.3288715020761024,-0.7276357070796743,-0.31245902920280266,-0.7716254465855413,0.3633683833325279,-0.7286228588434063,-0.805373727537922,0.8047960443802773,0.24838738229795548,-0.9067143872862408,-0.08492627931076197,0.40492439512646633,0.833552234475175,-0.4793484140776085,-0.08199088901010987,-0.9814243098389656,-0.6567112319699946,1
-0.505537738863965,0.08431394522130917,1.085324771341303,-0.505537738863965,0.6370798968964387,-0.3797924069366323,0.7721148326507329,0.19199274542769373,-0.8277433826695879,0.607698256476604,-0.17618123023542795,0.08288420973115282,0.974013404844681,0.6704314764860015,0.21216632554699685,0.5231269698855157,1.2428560646170483,-0.3210773753934517,0.08431394522131258,-0.4279388103379788,0.3082210211667802,-0.7374549682012222,0.9591390594152815,-0.6653130388864992,0.553413063755452,0.2060897611288918,0.06793914980629284,-0.6288745642016306,-0.7611990649984386,-0.6499668826403181,-0.5824221866351816,0
0.22884334870866366,0.7344895766711822,-1.1406470170812981,0.22884334870866366,-0.4050705700861943,-0.3797924069366323,-0.3029664346700566,0.453569796546026,-0.048908176892681704,0.607698256476604,0.5672417062203091,1.0993461699118838,-1.1217811385819538,-0.4462666665483044,0.4981785770118123,-0.9654846136931872,1.2159543448896277,-0.16382911781551535,0.7344895766711852,-0.8663195144158921,-0.5016186279222776,1.719131044311048,0.08978193230591326,-0.7817005367831765,1.0935795549406828,-0.12725065469056548,1.4769433013027595,0.25926669689783316,-0.9144694830232131,0.03514328137339881,0.1295069283018432,0
0.14632861976791886,-0.13390352418269408,0.20092726884728074,0.14632861976791886,-0.04176032943394421,-0.2599088796322791,0.035553964382510295,0.8767420118552227,-0.4856272830823893,-0.8978604870465134,0.5049443313356098,-0.2226238394437224,-0.10516786333147375,-0.4535585178116464,0.4809762538900025,0.13025834059087305,-0.43592525182654485,0.12205366815796762,-0.133903524182693,-0.9970517094182518,-0.44444066295862766,-0.42961960970146074,0.5967488055823724,-0.0981521508333366,0.40165079405898957,0.22961967283379467,0.13024309468500145,0.562172333249737,-1.0094159734533863,0.7423579555894956,0.4511958704677552,0
2.8033028916599014,0.6304820317109442,-0.21682126144703326,2.8033028916599014,0.3894383314818064,-0.3797924069366323,0.5166480680883141,0.4275088974594594,-0.5906861411166692,0.607698256476604,1.6631672214744326,0.7931220023165738,-0.5453610796569694,-0.3620347925944747,0.6836280116420519,-0.6590118405076614,1.2606742066842043,1.7577991267548134,0.6304820317109454,3.2125249696577325,-0.43797829065385147,0.8051944796877967,0.41712593229538264,-1.9347074157763644,-0.3441935542911078,-0.3738683607033369,1.2435300884351643,1.1545806752975756,1.6291696135129965,1.3940247919358446,1.7670951187893036,0
-0.6128068864869333,0.2984677745991671,-0.6415768687353721,-0.6128068864869333,-0.5123507652167594,-0.3797924069366323,-0.41363656512954955,0.20569140839637023,0.2113455505220501,0.607698256476604,-0.34419120313379753,-0.24022723688221181,-0.36707180178888527,-0.7446198681630609,0.11575770145773322,-0.7365606191477235,-0.8634656113839119,-0.7382124642238943,0.29846777459916823,-0.2579869568349111,-0.594330875175818,-0.18340167558936143,0.3371536147171833,0.2811942138101062,0.2901736326658695,0.6505436488881682,-0.44901779806160197,-0.3302386035182181,-0.185916938691416,-0.34821806399898436,-0.716026472654135,0
-0.7613333985802739,0.786876669341572,-0.4070809962578326,-0.7613333985802739,-0.006601273886952233,-0.3797924069366323,0.1080940498937747,-1.3886506267745353,1.6093594960739266,0.607698256476604,-0.6301439715892172,0.6096140148210163,-0.09714454908535862,-0.34009381069033257,-0.08670040912972625,-0.7450392856123703,-0.7250459017124392,-0.764208418944871,0.7868766693415725,-0.022669005830663592,-0.2947936046905177,0.643666079820305,0.16739736528074242,1.5537798900533666,0.7294161634250154,-0.12725065469056548,-0.5311977869498067,-0.2259378147568709,-0.11168089391489487,-0.4883276596937657,-0.8349566836063852,0
-0.48903479307581604,-0.6062820144477664,0.4094078547096158,-0.48903479307581604,-0.10943206000288569,-0.3797924069366323,0.0020139248450440315,1.2255337729682099,-0.31214176936540344,-0.8978604870465134,-0.1524866572261098,-0.894122987844361,0.3679475993710977,0.21513257978961914,0.22460614801012613,0.2042978530582442,-0.8434745276283843,0.07486101189527133,-0.6062820144477656,-0.45408524933845074,0.01642526688131189,-1.5148658317432224,1.0886588088515388,2.151131357595292,-0.8559818282799704,-0.45342245941713205,-0.7304095238628631,0.5176102257112637,-0.6126483903507303,0.5303579914059235,0.46504492635853656,0
0.02255652635680167,-0.05875240073143224,0.8066257720105018,0.02255652635680167,-0.04516281868042737,-0.24830724795766426,0.028533956107226702,-0.33185298739815466,-0.3473823909213809,0.607698256476604,0.40426597028131683,-0.31508047623533336,0.9979126718895095,0.4641239456971026,0.45101091683910594,0.2042978530582442,-0.06054408242679907,0.6119774302071451,-0.05875240073142995,-1.1931500019217915,0.33213085891865196,-0.6459605127053032,0.5236184567947832,0.03427380235268266,0.3791024025249832,-0.7143599031983874,0.5304569934219242,0.34869869358460903,-0.17883193932058689,0.22801082572115308,0.15921982375513094,0
1.870886454629485,-0.7213739912975499,-0.44887048657512696,1.870886454629485,-0.9654508731843368,-0.11092433778438889,-0.9623985576642765,-0.3588251310027334,0.8792812154956637,-0.8978604870465134,1.3787641359268632,-0.6866705433478879,-0.557762547229048,-0.7925899387098257,0.6517286010779906,0.023611112959660056,-0.5156049466390515,0.9802473957578776,-0.7213739912975483,1.735251166131067,-0.5987281148601385,-0.35293925856115815,-1.0247949685500157,-0.6333834197204956,-0.805527354983178,-0.36736129722014904,0.48493280567613734,1.8709852680029195,0.43083609870189693,1.3931236870497874,1.4579567955067192,0
0.19583745713236575,-0.031790715207522094,0.7786176096193463,0.19583745713236575,0.1564088927400103,-0.3797924069366323,0.27625515721534194,0.056198174566797224,-0.5539030230586818,0.607698256476604,0.5427483757124095,0.2065532600593702,0.12940167421681667,-0.1150015890811239,0.49153222489656384,0.16429769272099923,0.5129572185833564,0.10212949586832389,-0.0317907152075208,-0.918612392416836,-0.2718272940265128,-0.03758852704878068,0.8099578679393651,-0.7230346492483811,0.4239975111078311,-0.12725065469056548,0.3415863748491851,0.2504991577664169,-0.9949654899089321,0.6506868382750939,0.9394720274370447,0
-1.1161467330254764,-2.0198388603167325,3.290006552095359,-1.1161467330254764,1.610715281274677,4.415548685237497,0.3257143064275676,1.1785031004660265,-1.1398180716879143,-2.403419230569631,-2.0046603387376125,-2.6147114014378476,3.1985690945392014,3.4812927680752375,-2.3058000918431945,2.81450439428082,0.11798790979607808,-0.7859504901660517,-2.0198388603167308,0.5394794326794833,4.180679141503487,-3.205375278340092,-1.1048208186979764,3.060741665860462,-0.4451867333437407,-1.9116022923123728,-1.7566119383713878,-1.4139318150850582,0.06477542967143432,-0.9225962877594589,-0.8529064251365781,1
-1.1409011517077,0.5713412023548246,0.4962066876558859,-1.1409011517077,0.5057163926549302,-0.3797924069366323,0.636600387190129,-0.9219421328076451,0.7406309504561299,0.607698256476604,-2.2162724380664107,0.42031055168180614,-0.022125316303062675,-0.2127257140020718,-2.9693182693987143,-0.6033244318461309,-0.1542292983358893,-1.2470060171824242,0.5713412023548282,0.5786990911801912,-0.36946373268227145,0.1653173034048284,0.509580187178467,-1.050819022841496,-1.8889775948776681,4.206174750962393,-1.5729358126776256,-2.083782579899377,0.6403173180758445,-2.034619790735116,-2.315559685457574,0
0.7899435055057282,0.4811726350166189,0.1684564178733627,0.7899435055057282,0.09944297429510404,-0.3797924069366323,0.21748917885027813,-0.6095292814794995,-0.0008432701792721987,0.607698256476604,0.9165263646867102,0.4910922957447864,-0.27444962106738063,-0.38290261676702303,0.5783635993054089,-0.22237052387236908,-0.4118568896466836,0.6700411220804317,0.48117263501662255,0.02265941160015434,-0.43141207914688595,0.47987669452097564,0.4184037968869241,-0.18834834816389454,-0.4455749895060917,-0.12725065469056548,1.2115543924591827,1.2192676889633465,-0.16182027536474666,0.6408247735162614,0.6937885929767897,0
-0.8686025462032421,2.1391324316334255,-0.5279698067111358,-0.8686025462032421,3.1218066047836928,0.05382886203656027,3.2041666357575243,-6.263963703364546,12.85267013354946,2.1132569999997215,-0.8962960640698678,1.7793743672450109,0.034211124564380316,0.9954063291760319,-0.3293629672097236,-0.9349974938522231,1.4544636408426075,-0.6461177043522381,2.1391324316334273,0.14728284767240415,0.6704173844077222,1.2038987542954693,-0.3822628237404893,0.9300480350191308,1.7343699626568145,0.5181531291300857,-0.40365300018824724,-0.718309292425476,-0.28134467569442523,-0.2692146049316015,-0.6912162800590712,0
-1.0913923143432531,0.5982831357281679,0.43907265081625907,-1.0913923143432531,0.5911026704119107,-0.3797924069366323,0.7246847767395214,-0.6113423324358815,0.16069865205374229,0.607698256476604,-1.827529736591332,0.502912470286904,0.4166294608883025,-0.08859824406312103,-1.84133736755433,-0.414371293491145,-0.3803422023455486,-1.1550930472039216,0.5982831357281667,0.5002597741787754,-0.05113544838504749,0.1608390827471406,0.5246211903388064,-0.254146907213277,-0.617579034233055,-0.12725065469056548,-1.419805252538995,-1.7111744985584714,0.4689109478681938,-1.3985929866842852,-1.700992573904029,0
-0.6375613051691567,0.6234289402099557,-0.27650738507430533,-0.6375613051691567,0.23248030383259286,-0.3797924069366323,0.3547303406320733,0.35791654593707406,-0.6210955825178585,0.607698256476604,-0.3869381505556423,0.556252928506579,0.04109591972160769,-0.020246326535102624,0.08876328671273823,-0.5466384903396352,0.3173544729004171,-0.6934194345508267,0.6234289402099576,-0.21876729833420328,-0.23142023007654652,0.34132089786446923,0.36365606879833057,-0.5776995672002169,0.603475131953616,0.27720238317038004,-0.0982823914780318,-0.8928795931802962,-0.23559067443204598,-0.9756896216067887,-0.9331611923474672,0
-0.6375613051691567,-0.43269484802510605,-0.2050935139661756,-0.6375613051691567,-0.7238460070455879,-0.3797924069366323,-0.6318148223211215,0.7374454835352661,-0.31372303555024805,-0.8978604870465134,-0.3869381505556423,-0.3355524636599263,-0.3636806356398522,-0.616863359743885,0.08876328671273823,0.15878655951897885,-0.7543290246436527,-0.7392668456041857,-0.432694848025106,-0.21876729833420328,-0.5840885246318511,-0.20347173015871473,0.7186283325518814,-0.09810905835919854,0.5161296462976322,0.27720238317038004,-0.4913708457866281,-0.6582925725069972,-0.18001369212864402,-0.938635777157653,-0.895973130261246,0
-0.9841231667202848,1.2040684255166774,0.26282899609079563,-0.9841231667202848,1.514826947964699,-0.3797924069366323,1.6775977182284028,-1.3455698818154254,0.5604962594492663,0.607698256476604,-1.2817309924282496,0.9777411018675419,0.012934010168570504,0.2756294253243325,-0.8045064375761511,-0.4744927466040951,-0.535706534054684,-0.896115165417184,1.2040684255166787,0.3303079206757077,-0.04660281059204976,0.26370775057387935,0.4159917230696875,1.6094720160048068,1.5957289468106042,-1.046462104374526,-0.9770435219522695,-0.8472370565738492,0.0956770904325015,-0.7859597632737971,-0.9229243825782899,0
1.2025171502094523,0.7476390885226759,-0.9454564331729377,1.2025171502094523,-0.3596076302513815,-0.31140247525294085,-0.27675788028511433,-0.8763287128708634,1.8084438813913493,0.607698256476604,1.1167038941233007,1.0037944936263836,-0.9556797633574422,-0.4121610999276175,0.6139767655431863,-0.8315899681138991,-0.48413820938431545,1.0006805797483516,0.7476390885226778,0.676320386611953,-0.5003001520852214,1.6012974990191722,-0.05253813666015937,-0.20596431532463044,-0.8628683841147011,0.07633308919917398,1.6208550090862495,1.5412606055485243,0.3547907990346654,1.0663770020853072,1.2453680136225636,0
-0.9428658022499125,-0.11638709691209909,-0.09751635245388152,-0.9428658022499125,-1.0447186508270827,0.15652863626705324,-1.125087403797719,-2.563091664283373,2.2423971618451177,0.607698256476604,-1.1279683709749313,-0.16662216307867464,-0.3170113443576163,-0.7597979716738521,-0.5946216339368443,-0.20552835109879225,-0.7892322634498768,-1.0489641075808012,-0.11638709691209649,0.26494182317452786,-0.5805884249088119,0.4541624534334279,-4.979572939147605,1.211479168785159,-0.1562586402261867,1.4692744947605232,-1.1255636553131954,-0.9041835785812221,0.3033683896966153,-1.3230843410222688,-1.4648638707704966,0
0.38562133369607876,-1.5738594725226942,0.8513277002551289,0.38562133369607876,-0.6613724289480183,-0.3797924069366323,-0.567367148359355,1.530141205307864,-0.7382620547527446,-2.403419230569631,0.6766116980543879,-1.4608486771083435,0.7649008689025019,0.92530128683711,0.5260999356467074,2.247589125494799,1.3674754887327865,0.826053208384923,-1.573859472522693,-0.6179283439114085,0.6530468632389739,-1.850517480711338,1.4420392836545435,-1.0812354884124689,-0.04330341074163822,0.025181394754510807,0.42471098671281476,0.20107777797215506,0.1136987524528429,-0.32673356921406926,0.00699709645286896,1
-0.29099944361802854,-1.4101574017273977,0.8097984943624907,-0.29099944361802854,-0.6911510904343681,0.6653460362295242,-0.9142871553034466,0.27885780974580665,-0.5041712910799184,-0.8978604870465134,0.09772822980927033,-1.302244124742132,0.825422045227181,0.6597834762854422,0.340711157666015,1.8070393202463173,0.9233150004455469,0.0578091199174558,-1.4101574017273961,-0.7678425173441141,0.5798180038474111,-0.9905868434618864,-2.126531329324778,-0.19576028787359231,0.4821566513315894,-0.3865154225501434,-0.5226905804000261,-0.2946487859999542,-0.9523650787563133,-0.3484199960986803,-0.3180088218137908,0
0.525896372895345,0.058696081223151536,-1.1780417183161873,0.525896372895345,-0.9529658523601521,-0.3797924069366323,-0.8681746009453246,1.0154903098418597,-0.3877037835043623,0.607698256476604,0.7659553050509174,-0.312843541966549,-1.1581306859194713,-1.259101165818937,0.5469184925236047,-0.861385430988357,-0.9584173506055292,-0.19866006134376113,0.05869608122315397,-0.39568361240739697,-0.9388634192221946,0.011808741707549588,0.35241260343057085,-0.1585903433230039,-0.02301389084425944,-0.12725065469056548,0.025059883335015905,1.0923818097261928,-0.7633652000340194,1.0776702390773287,0.6817872044979166,0
0.05556241793309959,0.5366047473766145,-0.4303197662782845,0.05556241793309959,-0.11185731439241253,-0.3797924069366323,-0.000487964896671418,0.19328740397914082,-0.4387487176583912,0.607698256476604,0.43203581290970455,0.3643490196434906,-0.14034805111599521,-0.3174215133477299,0.4595544930213326,-0.4933988639352115,-0.9215570614187064,0.32733081550710724,0.536604747376617,-1.1408571239208474,-0.3980707167722123,0.3848847412344295,0.3071051446354346,1.2346099921570304,-1.4940023910546716,0.0635290801495019,0.3880349837380161,1.1809780842506556,-0.5835819387034455,0.7432885046618322,0.5424803108265596,0
-0.934614329355838,-0.3301773374455127,-0.9666191722173139,-0.934614329355838,-1.0487517408695852,-0.3797924069366323,-0.9669872174270148,0.9065157035458223,-0.33078157018444837,-0.8978604870465134,-1.0996574937763623,-0.4549202149916551,-0.6950801971922935,-0.8887974622641597,-0.559102667167118,-0.39741396056185146,-0.8881013052369126,-1.0595442793623455,-0.3301773374455108,0.25186860367429187,-0.7359162860950147,-0.16379872384700958,0.5483701426972372,-0.317072968807254,-0.4561390857060007,0.6505436488881682,-1.1381602195598437,-1.3706914674446975,0.32090891994786713,-1.746117814248277,-1.8028602616717435,0
-0.8933569648854656,0.6754350358427423,-0.4891209888890274,-0.8933569648854656,0.1564088927400103,-0.3797924069366323,0.27625515721534194,0.5735603322158845,-0.5925041263284638,0.607698256476604,-0.9681841467177311,0.33166973378708237,-0.45340014253801836,-0.5439848827784828,-0.40572531066146866,-0.7751000121688454,-0.9665271636878436,-0.8966241771180142,0.6754350358427428,0.18650250617311206,-0.5883693869607356,0.2542958653659276,0.2990061429337133,1.1622978208341779,-0.9407825750981347,-0.12725065469056548,-0.7603109034301383,-0.6828644137614109,0.07488695289900693,-1.096151966335322,-1.3660336149104935,0
1.2107686231035266,-0.6013988071905411,-0.4491217663555662,1.2107686231035266,-0.9421378823547378,-0.3797924069366323,-0.8570044790821769,0.5859872863955469,-0.15240697060707462,-0.8978604870465134,1.1203551779638325,-0.6003627859133804,-0.7481245770906058,-0.8617619326830247,0.6145675391369663,0.14079704110703248,0.14337603009949734,0.1747000212152744,-0.6013988071905398,0.689393606112189,-0.7149919929802317,-0.40056520197327317,0.7407698721185108,-1.4465365643027739,-0.3559252131845909,-0.02579922378899123,2.2142321988694706,0.7578129942961813,-0.4664524238970441,-0.8372081941247054,0.3243316273096193,1
0.07206536372124854,0.706050869221542,-0.12158065553390274,0.07206536372124854,0.39434298688495584,-0.3797924069366323,0.5217077051691825,-0.26417739019968794,-0.07428934822183986,0.607698256476604,0.4456598322827577,0.4888516298991546,-0.09335691894219211,-0.25259571053893365,0.46366708404072626,-0.5827860472423281,-0.24508035504565595,0.008144121107869419,0.7060508692215445,-1.1147106849203754,-0.33086975957871423,0.2554603486802851,0.36146454588766547,-0.0051406587503412616,0.3541322430888066,-0.3156604549363467,0.6843382580591769,0.5242201560505783,-1.1828476326950994,0.8017150544888738,0.49777483361475466,0
-0.3487597538765499,-0.6875818661814036,-0.3836819166408146,-0.3487597538765499,-0.9303255514397405,-0.3797924069366323,-0.8448188915951067,0.8080229685489215,-0.2726469504421022,-0.8978604870465134,0.030487951879522614,-0.6792347786244574,-0.1082500618068305,-0.32552914259338867,0.31208071778496205,0.36720759697720556,-0.35764462089208293,-0.41771688259394996,-0.6875818661814013,-0.6763299808424623,-0.3638214270138021,-0.5694094750840119,0.7953592472249179,-0.41348133033892054,-0.6058587253324624,0.42427621511980806,-0.44376653915408326,-0.36652766046928015,-0.6644500269412035,-0.4048501207025667,-0.3556311045189183,0
0.92196707181092,0.48969898001135953,-0.13861191747659346,0.92196707181092,-0.024713514623281533,-0.3797924069366323,0.08940948241360044,-0.5167089888160143,0.3605917924459002,0.607698256476604,0.9846677552500233,0.5208921829191693,-0.19606511702780038,-0.34279655516150515,0.5912275066252374,-0.6247963793864703,0.4803786015382414,0.5081026852591303,0.4896989800113609,0.23183092360392976,-0.37650144161120597,0.563876225958515,0.3685353084862261,-1.1244924630014719,-0.16335636863062836,-0.12725065469056548,1.3631212075223258,0.5998573644271761,-0.3536534768848165,0.6325017400411488,0.9194420170715187,0
0.7321831952472069,0.35725903467867254,-1.165115401363576,0.7321831952472069,-0.8795962464728435,-0.3797924069366323,-0.7924865967854904,-0.09684424458905065,0.38862437306819014,0.607698256476604,0.8853203440162615,0.28519946990243816,-1.0854603120959152,-1.1046976519610705,0.5721985316894751,-0.883617987704668,-0.4934721732666086,-0.12790743492834744,0.3572590346786759,-0.06885312490149763,-0.8720840610703717,0.802778585666315,0.19741340228931467,-0.8639143566147969,0.04861506224956446,-0.25311778265558876,1.8897740996072203,0.7572512907625077,-0.6850359114977661,-0.3621000656817714,0.19996567835020682,0
-0.16722735020691135,0.5039863689214663,-0.6552637923464919,-0.16722735020691135,-0.20583592198657336,-0.3797924069366323,-0.09743619238814102,0.7315932374764381,-0.5168793999761739,0.607698256476604,0.22920156596883096,0.5088033509090889,-0.457720947520831,-0.49862928464940653,0.3918369431678962,-0.7751000121688454,-0.39852641507982556,-0.2937361754631377,0.5039863689214665,-0.9639408098476537,-0.5248496508989645,0.6501884935473597,0.2990061429337133,0.010994230537598812,-0.0034290661568217398,-0.12725065469056548,0.55485544621149,0.11846234619051212,-0.8708403074615257,-0.4196779831846713,-0.24452695740244737,0
1.4170554454553888,-0.5670386367842838,-0.5810492175124009,1.4170554454553888,-1.1282185520774113,-0.3797924069366323,-1.048965091841454,-0.19555710593591807,-0.04841384611635814,-0.8978604870465134,1.207874662790392,-0.36858595545489625,-0.5248228932333922,-0.7635348988905846,0.6281516850432627,0.006107758218561237,-0.43779880268126115,0.8367788120809904,-0.5670386367842826,1.0162240936180886,-0.6559799409999839,0.02600982430447321,0.6576400620380592,-0.7316753613659089,-0.5350868852035073,-0.12725065469056548,0.9603810817222165,1.1333253526200497,0.15214723000242109,0.4102049193988893,1.1816981269154134,0
-1.0913923143432531,0.6925799025348703,0.03907701479921585,-1.0913923143432531,0.2922506982624792,-0.3797924069366323,0.4163894133166481,-1.0757766309224759,1.1759284852554486,0.607698256476604,-1.827529736591332,1.2557765312605977,0.6614944191612939,0.8591959151167556,-1.84133736755433,-0.7450392856123703,1.1644683827481332,-1.14218596479001,0.6925799025348696,0.5002597741787754,0.5536530228628735,1.177369075813561,0.3341018169745054,-1.106677642443015,-0.8027889560818836,-0.12725065469056548,-1.3557303966144565,-2.079627985125276,0.4777106067664395,-0.7104246655755174,-0.5768784802579129,0
-0.29099944361802854,-2.0388025137720773,-0.5699286292895677,-0.29099944361802854,-1.0487517408695852,-0.3797924069366323,-0.9669872174270148,2.8817100374507794,0.7319331156277125,-2.403419230569631,0.09772822980927033,-2.086550344628988,-0.43102385443507496,0.9736420690284102,0.340711157666015,3.2766748407850965,0.48711920973733375,0.2579234343010308,-2.0388025137720764,-0.7678425173441141,0.4775852627804236,-2.342793495325341,1.5273547343614415,-0.21172660200937726,0.27494332415388356,-0.3865154225501434,-1.080104280962479,-0.15016691061465942,-0.6601592637942255,0.22955077102097046,0.07483503167382316,0
-0.5963039406987843,0.9518960112533001,-0.3850585077528705,-0.5963039406987843,0.889954642561342,-0.3797924069366323,1.0329801401623948,0.7417575308500343,-1.0754785883297968,0.607698256476604,-0.31659713568786335,0.9427748061333263,-0.7102187532472052,-0.35779564072133235,0.13262921067335434,-0.9930402797032892,-0.5421925275108049,-0.5719474279455352,0.9518960112533014,-0.2841333958353831,-0.43659426254368117,0.8206801884228169,0.35974865569662273,0.690184264328793,1.252066914423996,-0.12725065469056548,-0.7533029093415368,-0.16602961138989436,-0.4287799592804483,1.564430270783294,0.906360006036189,0
-1.1326496788136255,-0.15609099872544738,1.7984407748623557,-1.1326496788136255,-0.006601273886952233,0.978887569179371,-0.3029664346700566,-1.5270224131630525,0.2838518188148312,0.607698256476604,-2.1410765888412966,-0.5080080522790671,1.3623862592705422,0.10496737455480087,-2.7186558467666293,0.24696469075130562,0.8198175004505651,-1.2324264677514987,-0.15609099872544563,0.5656258716799553,0.5569262936610219,-0.20139522733016016,-1.3680383740039177,1.54798036124228,4.384376997793802,1.8950145346141487,-1.6341301522088458,-1.5260002429186035,0.6151867754050984,-1.5227207463580885,-1.7643575673225527,0
-0.6623157238513802,1.9970185100275808,-0.7774130551119954,-0.6623157238513802,2.865698236215917,-0.3797924069366323,3.0711550427913914,-1.7138222613780976,0.5289124155362864,2.1132569999997215,-0.43143034660083496,2.053091541364684,-0.5822832601975204,1.233545751155336,0.059519337405662766,-0.9838550576999219,1.445812999588042,-0.4386954362638851,1.997018510027582,-0.17954763983349517,0.6632400819817036,1.0727436505600876,0.2303406937234678,-0.6934357781232172,0.3002039806578685,-0.12725065469056548,0.9960227211186157,-0.8919127374513077,-0.5842100584061067,-1.820335976559223,-1.5686172495935045,0
-0.4312744828172947,0.6360018424508487,-0.9900422539147378,-0.4312744828172947,-0.7238460070455879,-0.17599041051923178,-0.6934738950056962,-3.354738610795971,6.592889637546568,0.607698256476604,-0.07339132010383004,0.47846809873521723,-0.6399889403826282,-0.8739629938514726,0.2642269825551969,-0.9434400808851056,-0.9344418330451876,-0.6236484735584429,0.6360018424508518,-0.5455977858401025,-0.6269159830085691,1.1212878818363765,-0.645143783707165,0.7337265161657146,-0.15028367687385052,-0.12725065469056548,0.002837366580106086,0.09796544678287324,-0.35453517658688305,0.0742085620748697,-0.23340339871530907,0
-0.32400533519432645,-0.4765331089358327,0.2876007148647168,-0.32400533519432645,-0.5143851557691722,-0.19943665789468495,-0.47030079121816487,0.15448057097860976,-0.1016154710807135,-0.8978604870465134,0.059814584224722314,-0.46485709625792676,0.4430540987817395,-0.06186932447316835,0.3247852492618865,0.21184950574728162,-0.6010546672150159,-0.10060259297666416,-0.47653310893583045,-0.7155496393431703,-0.06633158472002729,-0.5201633134006862,0.367847657398344,1.020885039414167,-0.04885822050602174,-0.39569293645667847,-0.21669230877378998,0.46259958564612486,-0.9641148153853614,-0.003216839565223567,-0.23772588894113492,0
5.394265380399288,-1.0157592896629728,-0.3865036668349769,5.394265380399288,-0.9795387117530916,-0.2280787619608999,-0.9414871873672237,0.569757859567541,0.12454739254652017,-0.8978604870465134,2.201150715123526,-0.7807646247040391,-0.4035126744690978,-0.5240622303996083,0.725309002151144,0.7130178409370523,0.976503627681748,2.597668433124832,-1.0157592896629708,7.317515892731829,-0.4863202169902067,-0.5563072144562292,-0.12566960351350193,-2.247951746148667,-1.4036646967228872,-0.051980238215206545,0.17077278510126434,1.8869405692769456,3.276144938328625,0.5200789409797157,2.36942530651745,0
-0.9098599106736145,1.1101798698216925,-0.10075022217356694,-0.9098599106736145,1.3595791702247344,-0.3797924069366323,1.517444282684053,0.013413480349412796,-0.8190815148867965,0.607698256476604,-1.0188866599854054,0.8829785262581707,-0.22461552528242068,-0.08531992956528167,-0.4626940430778544,-0.7607853804752859,-0.6023468148773634,-0.8802630867341827,1.1101798698216934,0.212648945173584,-0.23488673903170784,0.07932061706858354,0.4306149205866842,1.3923960093779413,1.456821124822749,1.3172244805270894,-0.9131366291706116,-0.7337677850854153,0.05915854735965025,-0.3280422327005101,-0.5343490351314485,0
0.3938728065901532,-0.618145156078287,2.0060643903742044,0.3938728065901532,0.4416766843371951,1.2506235644025718,0.07726451355148735,-0.26495112805315096,-0.6801838947155152,0.607698256476604,0.6820749040543927,-0.8507805063920372,1.5984600889849168,0.9017419072761037,0.5274225263188878,0.8752338757816335,0.5138280823232043,1.3533166144878672,-0.6181451560782856,-0.6048551244111725,0.9996731325833373,-0.9077116250378044,-0.7132675149011748,-0.15277724836265139,0.17442045344649856,-0.7339302114819803,0.7278255763408457,0.5256561845212987,0.9731166182570603,0.33898892034071887,0.30793310960123804,0
-0.059958202583943125,-1.768890872384901,2.759559954835922,-0.059958202583943125,1.0239227680076393,3.1340351175013077,0.1080940498937747,0.8920518129921883,-1.0703525656556943,-0.8978604870465134,0.3315785497686747,-1.7002003197419426,2.9518280379678354,2.7400647646159952,0.4275897338567977,2.1625585761432315,0.7204320255968301,1.6326913222864483,-1.768890872384899,-1.1338926633507216,3.0085706522507536,-2.0044199630682513,-1.0448282135000408,0.4267661923272267,-0.9867919608529693,-0.3364505018600191,0.3526593606776682,0.00428824368608427,1.5437729875665005,-0.4102510056486355,0.04946622012038257,1
0.46813606263682356,0.7318326236457937,-0.8363012782919452,0.46813606263682356,-0.22966781769226965,-0.3797924069366323,-0.1220211495988965,-0.0335593430440966,0.02302953792551014,0.607698256476604,0.7300492292134314,0.3600504832588976,-0.7899125355753911,-0.8731843702532103,0.5387563057154092,-0.7592785771391216,-0.7005512279939837,0.07871495763012942,0.7318326236457966,-0.4871961489090487,-0.7303674246422853,0.5343846546999004,0.1395715094341145,-0.18895149897179944,0.544544445614647,-0.27238930464066535,0.5044968594530731,0.8922720277016627,-0.9659196558481041,1.0745293253228376,0.7242337956360168,0
1.0869965296924096,-0.3393720384342485,-0.8843323177721901,1.0869965296924096,-1.0757336812947778,-0.3080311405924772,-1.0165326983671297,-0.11339182016401382,0.549634325865144,-0.8978604870465134,1.0642583781585926,-0.4708646653158254,-0.970153769956018,-1.086731656891811,0.6052690956011065,-0.4003994065001073,-0.7598944682375867,0.24868850772882367,-0.3393720384342471,0.4932953136086493,-0.8412846031294706,-0.12237004423009584,-0.35114753084355266,-0.4848813114319722,-0.29600273413452405,-0.554489779191561,0.8918323863186328,1.2311633326151445,-0.5607471861805225,0.3713426009319455,0.7505419320093832,0
1.2850318791501971,-1.3513331338337726,0.3898728551474724,1.2850318791501971,-0.7168598570472895,0.7450887421204485,-0.9649339682533692,-0.3365275048340505,0.11537734565965414,-0.8978604870465134,1.1526776943612718,-1.1768367463243385,0.37737306339002946,0.0349945969253005,0.6197118728334273,1.0285435812196562,-0.03174995132802008,1.4684623328114104,-1.3513331338337717,0.8070525816143127,0.17939644849315464,-0.7444695496506827,-2.6166630880665207,-0.5370077262939936,-0.4839081898109448,-0.12725065469056548,0.8661269956228084,1.249937134191718,1.0694967253204517,0.34301978429842384,0.826382670593704,0
0.01430505346272719,0.6693118691669825,0.2959423711619183,0.01430505346272719,0.6609641703948946,-0.3797924069366323,0.7967538227344788,-0.3725518707352493,-0.3354439544372447,0.607698256476604,0.3972115290580313,0.5566069677307125,-0.07979607511670653,-0.06540574327750345,0.4488056755842819,-0.2168293761200235,-0.05569529667960419,0.14601357607562312,0.6693118691669845,-1.2062232214220274,-0.2977298936499046,0.19685935308066055,0.4976609016551788,-0.09895104053245554,0.6650856192841917,0.2666971094597004,0.7795252834576324,0.35936030938493146,-0.9481317236070922,0.3186074710058829,0.06811282706545801,0
1.1695112586331544,-0.025230179483493792,-0.8034863973907199,1.1695112586331544,-0.9580483688933057,-0.31047199999193825,-0.89439019307312,-0.5056614565384993,0.8443497912557861,0.607698256476604,1.1019751941724816,-0.1706842840586423,-0.5742422937341524,-0.7606050058827193,0.6115734824882311,-0.5808300106133945,-0.10433076033526674,0.368233541466686,-0.025230179483490968,0.6240275086110092,-0.6968360443262914,0.23244863610516198,-0.057550970991357295,-1.090936064241494,0.063280981174659,0.07910293605481379,0.8617137527534252,0.9260549711479845,-0.42279386415338327,0.7322584860991274,0.9130150824840098,0
-0.13422145863061344,-0.9798009911251668,0.15274573407249514,-0.13422145863061344,-0.9822650653159786,0.06977082045469239,-1.0344122969086387,-0.7498007180516735,0.18608775930233995,-0.8978604870465134,0.2617385310102772,-0.8990119596861518,0.4741783826387403,-0.10682442526561009,0.4035657998418585,0.28586680747144966,-0.4358561892409081,0.06249929916082084,-0.9798009911251655,-1.0162336878485976,0.09595846630205869,-0.5355911745975308,-2.3331694101257043,-0.40012266335610863,-0.2690007993528656,-1.019426473501469,-0.4388290463123024,-0.25852301824786916,-1.0198600962097142,0.013086250931700405,0.149094737777629,0
-0.3900171183469223,-0.7667748218545641,-0.3147842339046445,-0.3900171183469223,-0.746615681114116,-0.3797924069366323,-0.6553039928676262,1.8445840148943908,-0.45551048450742243,-0.8978604870465134,-0.020214558118430776,-0.7815550736416425,-0.23771545725313756,-0.3360890472677598,0.28929322481840775,0.7508397263646014,-0.4832894215161605,-0.3757961332327105,-0.7667748218545628,-0.6109638833412825,-0.4022775940121258,-0.8072677147954906,0.9122759109661139,-0.3082177021437091,0.5802374527836427,-0.4161456817340951,-0.6710045752879145,-0.30123232151928914,-0.7299302161743466,0.5473744832741965,0.093875488455939,0
0.11332272819162094,0.6005553469765229,-1.07442064105442,0.11332272819162094,-0.7339277603229181,-0.3797924069366323,-0.6422151478341823,-1.1155585775977606,1.3607202598480022,0.607698256476604,0.47899293033280466,0.7784516264057795,-0.9999146516182064,-0.6775739034854311,0.4735150053070496,-0.7569911407492821,-0.8772958415121416,0.031885881153740504,0.6005553469765241,-1.0493445874191956,-0.6516851754743853,1.3828625289912226,0.08912024916034779,0.8682108593406455,-0.5643176003556503,0.23821895783438077,0.2703054586022016,1.0685698193514428,-1.0357884741402368,1.0561746815731492,0.6614760069424178,0
0.9384700175990689,-0.1305670618454374,-0.7289325714054466,0.9384700175990689,-0.9323682853573717,-0.3031751150503915,-0.870106276154741,-0.059985077246518304,0.38054350032922724,-0.8978604870465134,0.9928935093407255,-0.1473163521540146,-0.756745059831744,-0.9670657700072034,0.592726683794088,-0.4044263914724616,-0.899294662881968,0.3446372133353379,-0.13056706184543557,0.2579773626044019,-0.7834152997965603,0.253418094552261,0.0095359180696985,0.038399961622977416,-0.7218726862406147,0.10082436665959198,0.540619344018538,1.5212217536597021,-0.5543049474717736,1.3249400047887132,1.080606872557073,0
1.5820849033368782,-0.49380500077735656,-0.7735980792696268,1.5820849033368782,-1.1325087038452757,-0.3797924069366323,-1.0533908076528649,0.15589394650085248,-0.28227491114435344,-0.8978604870465134,1.273158076677775,-0.07567144611940109,-0.8783962886420834,-1.087112392323517,0.6375974051036885,-0.056788464801913054,-0.4687925847275335,0.25316053910040426,-0.49380500077735556,1.2776884836228077,-0.8358569476087448,0.4167354674964781,0.6148672093008433,-1.3392692716034373,-0.7184764314842709,-0.12725065469056548,0.6459654115353463,0.8908331985072284,-0.2535904160030625,1.0323775923172716,1.4816013991323298,0
-0.3982685912409968,0.19570847743801795,0.27709427711117474,-0.3982685912409968,0.2922506982624792,-0.3797924069366323,0.4163894133166481,0.723811471626045,-0.8381485215215053,0.607698256476604,-0.030644373771887286,0.16242312577474313,0.16612579532366056,-0.10803623839583251,0.28447279361394456,0.005322696508871701,-0.7527062024290829,-0.1320158865136207,0.19570847743802047,-0.5978906638410465,-0.2603343366054496,-0.19824140637269988,0.7039562280197775,1.0287346936601922,0.09122113402178542,-0.12725065469056548,-0.14631542251598195,0.382418177983153,-0.9275381509617672,0.4345929614902504,0.08556896537318612,0
-0.7035730883217525,0.046576679187464644,0.2007010040573026,-0.7035730883217525,-0.13149463538223716,-0.3797924069366323,-0.020745803476978488,0.5031070774153351,-0.7065062071157596,0.607698256476604,-0.5098748005253362,-0.14884728378934403,-0.052014006632965806,-0.37457775763632445,0.004959730489469959,0.2074819454233981,-0.8849143457397839,-0.6241574852592732,0.046576679187466115,-0.11418154233231535,-0.4234052702398593,-0.39952021791089076,0.6340103042321849,1.6177387156455474,0.10190828129429098,0.3254952832134764,-0.6222436396527125,-0.04913851113746859,-0.30810333387384964,-0.22851437979204167,-0.5878630883470012,0
-0.33225680808840097,-1.0620135084041191,-1.180521705066097,-0.33225680808840097,-1.2020091624846783,-0.3797924069366323,-1.125087403797719,1.0229581731414268,-0.5152479168047421,-0.8978604870465134,0.05012645456953407,-0.8861315653109464,-1.7130900702753928,-1.2507365544352582,0.32062602764741843,0.5185848271365978,-0.8021271887010786,-0.815036873070641,-1.0620135084041173,-0.7024764198429343,-0.9569404707146952,-0.6082413339318052,-1.2802991889019373,-0.5597668136396196,0.7592933053377325,-0.12725065469056548,-0.8333202494264188,-0.15213870744498315,-0.02773554971899617,0.32881130049994084,-0.10445818258029586,0
-1.0418834769788061,0.10503850935465019,0.3089900448860355,-1.0418834769788061,-0.05257850037148016,-0.3797924069366323,0.06066399398256341,0.15429875367111257,-0.3371010533153637,0.607698256476604,-1.541576955057023,-0.24976898812765994,0.5045048598514921,-0.0004083578218533663,-1.2339630357919633,-0.05826730197597928,-0.05020900540384075,-1.0299488847569258,0.1050385093546504,0.42182045717735966,-0.08829737728930499,-0.6944740187711859,0.6248945447410696,0.8200573158928535,1.3093899156429367,2.2061322560456422,-1.2597607865913267,-1.4011054277448056,0.2724665379075843,-1.739851200680477,-1.9008643247865844,0
0.3443639692257064,0.2560928066976623,-1.1695002379685646,0.3443639692257064,-1.1095807174900087,-0.3797924069366323,-1.0297383223267271,-1.407437759875096,1.193451960542883,0.607698256476604,0.648877190925544,0.4248483172764929,-0.7003091407382172,-0.8159028029706811,0.5192824579550634,-0.7689019242190567,-0.7522340258424588,-0.08315076323391052,0.25609280669766543,-0.6832944414125884,-0.6704475445406589,1.065276394615299,0.1970265665324583,0.2560102337814969,-0.8117295534715472,-0.43997207571706665,0.6147257698109176,0.9401425455946273,-0.9995587821971244,0.5473549137461007,0.5248335848742088,0
1.0209847465398136,-0.05632775268357414,-0.7613432739318643,1.0209847465398136,-1.0937294624305365,-0.08442719473750113,-1.1027471600714238,-2.2392721398501787,2.807879089447751,0.607698256476604,1.0331160530252155,0.02367826285421773,-0.6644943142093798,-1.0713760355272117,0.5998966615581642,-0.5725168549404267,-0.6478195972942399,0.04635635664877373,-0.056327752683572305,0.38870955760676157,-0.7342694612502547,0.7084654795044933,-3.9105321769775476,-0.8435223637358361,-0.6386380130853696,-0.12725065469056548,0.8111375647654471,0.907425470935881,-0.6090157453046637,1.009968149979267,1.0541217619422714,0
1.9781556022524533,-0.030041239014447715,-0.051437160711893824,1.9781556022524533,-0.6530973769040898,-0.3797924069366323,-0.5588306138373392,-0.23706983325569705,-0.2916138771336249,0.607698256476604,1.4155219450610792,0.18317072399480613,-0.44576481377061017,-0.6477181087580446,0.6563346293868194,0.10524983698506617,-0.4296438347233098,1.2165015409004047,-0.03004123901444618,1.9052030196341345,-0.6043477246222627,0.5081446330979291,0.4971586845685234,-0.8051644378090551,-0.9830508056362182,-0.12725065469056548,1.0871432932571132,1.7268880981356485,0.7550170009264019,1.3453892022399896,1.5946945113972395,0
0.30310660475533396,0.6860938815375837,-0.447040914838791,0.30310660475533396,0.03134818289392782,-0.3797924069366323,0.1472426674712823,-0.25338073311849335,0.11685021989484237,0.607698256476604,0.6204184638460781,0.9062041764670656,-0.4414424904259491,-0.24597746720786368,0.5121042671580354,-0.6558114147225159,1.943621667295014,0.053409804503136656,0.6860938815375863,-0.7486605389137683,-0.3236936883920222,1.095977655380306,0.249872199276604,-0.5589976614267873,0.23328435360515154,-0.2877478919369731,1.2623768771526833,0.34875131879150106,-1.0354233650404931,-0.15793274917042374,0.17061565050601588,0
0.38562133369607876,0.7574977771706395,1.5232807549823117,0.38562133369607876,1.7114221237962117,1.1564035459583464,1.4156382043103835,-1.9553410832739107,0.9378716217559435,0.607698256476604,0.6766116980543879,0.7721709431644505,1.6592424649839315,1.215254225909271,0.5260999356467074,-0.24488317692649697,0.8313028470283811,1.37320442879888,0.7574977771706416,-0.6179283439114085,1.1394423165454033,1.1186851269847384,-0.5770023128085595,-0.22506490079746053,0.28897421442850935,0.025181394754510807,1.9649848354186839,0.5590438205678946,1.0070621123831358,-0.3359682576854162,-0.05703988271264303,0
0.8642067615523986,-0.1766381541385808,-1.1492887259948021,0.8642067615523986,-1.1554952368583076,-0.3797924069366323,-1.077103689646299,0.07167118159191269,-0.23062987008359287,-0.8978604870465134,0.9553786578693793,-0.17063570047007265,-1.1830982294883143,-1.338569492438275,0.5857966352470224,-0.6125147595871322,-0.8928528326390807,-0.15804819921322819,-0.17663815413857764,0.140318387102278,-0.9571382511453319,0.3045285318853699,0.429066582026061,-0.3603270988395611,0.07207855580922429,-0.24528169686788304,0.5753748930565961,1.2137676275019886,-0.5977657463734563,0.5953941062248482,0.836218119682703,0
-0.24974207914765614,1.0527626347637487,-0.9973768170126397,-0.24974207914765614,0.1697703818077942,-0.3797924069366323,0.2900388545367819,-0.009739245162518837,0.18900981912576942,0.607698256476604,0.14333770468729545,0.9983801758627957,-1.0237767858834383,-0.540125237391475,0.35914996555193773,-0.9130836750510258,-0.3943595980975131,-0.3932843209540949,1.0527626347637513,-0.8332086148452941,-0.5332297492183408,1.2670781408141263,0.030188214110623925,-0.04668490159839142,0.5703058620490575,0.3700276705482993,0.7500469352877567,0.13033492659565316,-0.7146577701929988,-0.25719791021234256,-0.42874728475498824,0
0.1710830384501423,1.9674939924821286,-0.17711124113685453,0.1710830384501423,3.082111594339542,-0.14418316252345253,3.2231246583514777,-3.6308404985478733,4.358633860163832,2.1132569999997215,0.5240102521332685,2.315491546680818,0.4859120795296351,2.127796517079246,0.48634576515345374,-0.7316596558733612,2.4307386237394875,1.4113075904038923,1.96749399248213,-0.9578320509175439,1.65496464472607,0.9307973058506954,0.18186653306747405,-0.19168772865761263,-0.11527069867218258,-0.30259156705802787,2.3631115175504283,0.2751038903255681,1.112917933790156,-0.37529440863727476,0.09055663464440676,0
1.1034994754805585,-0.7192339277668702,0.050049771249330716,1.1034994754805585,-0.7631356369505481,-0.23727352832306553,-0.7154641936554397,0.4734302471306173,-0.22401343985488845,-0.8978604870465134,1.071906881278548,-0.6221909519638935,-0.09293895225263925,-0.46807788431327607,0.6065652422757994,0.5891945007788676,-0.6328151547840883,0.8772088843183696,-0.7192339277668688,0.5194417526091214,-0.3673502632230432,-0.48632723334006933,0.3359937670575673,-0.21828673642702132,-0.9646663950970423,0.08487506446727464,0.3653605457219345,1.3907181523305208,0.16601575960524534,1.2160897298607287,1.167893197228067,0
0.2040889300264402,-0.3457500325287577,-0.7737214030397059,0.2040889300264402,-0.8980919026716971,-0.2646500360793439,-0.8464023295171554,0.3648695700663223,0.9236957977753999,-0.8978604870465134,0.5489235046391929,-0.5738677593458518,-0.8843000076604277,-0.9701026879413376,0.4932219754343433,-0.47788943887036345,-0.74142570523997,-0.24727067877305614,-0.34575003252875597,-0.9055391729166,-0.7829667674231006,-0.3527815274330936,-0.010170033139932415,-0.39714331786308477,-0.7571446997106318,-0.2986290605638448,0.3699938708301788,0.46193313011441584,-0.8409940127819099,0.10756562552427557,0.20455292579664147,0
1.1695112586331544,0.12230897946576769,-0.53721951389476,1.1695112586331544,-0.5514470462410179,-0.3797924069366323,-0.45396824532615787,0.3760823176103695,0.057961277842124695,0.607698256476604,1.1019751941724816,0.008925339337484219,-0.691601513673929,-0.9264431241813057,0.6115734824882311,-0.6258188530788673,-0.2426246330184907,0.21683891844829828,0.12230897946576924,0.6240275086110092,-0.7480733141870257,0.19983302201228262,0.43563815637496567,-1.1011522052191332,0.003796616479747306,-0.33360424543594475,1.087623092868406,0.836846019250969,-0.5046407727418453,0.6264722539734012,0.7763430864709456,0
0.30310660475533396,-1.6089597021175952,-0.16479613511442276,0.30310660475533396,-0.9806373312628772,-0.16412891866425083,-0.9619681638914368,1.192329354117626,-0.08344256759507365,-0.8978604870465134,0.6204184638460781,-1.7852559628716536,-0.2495517333952135,0.47445654715507735,0.5121042671580354,2.0035290510143224,0.42973983983929115,0.9017505198941169,-1.6089597021175934,-0.7486605389137683,0.2630985988594015,-1.8589130843031676,-0.25056897254023097,-0.4622903973755844,0.5144354212694416,-0.2877478919369731,-0.14596193672764576,0.44758093858186476,0.24282885248296554,0.14425521929428534,0.2436923988156122,0
0.476387535530898,0.050463823803518854,-0.516550049790654,0.476387535530898,-0.7181535885284559,-0.28274383721406066,-0.6553039928676262,-0.4595080467473035,0.8612809508508216,0.607698256476604,0.7352516605902557,0.2047949752996924,-0.3978149033582006,-0.6740173907936033,0.5399556474504932,-0.5718322421202999,-0.5369218118939356,0.12554403410651835,0.05046382380352207,-0.4741229294088128,-0.5768185474571558,0.580507198332125,0.09026122403518838,-0.06899804005633021,-0.3313266184993459,0.16164437235296417,0.7127606542259279,0.9251809839339965,-0.9345671239826298,0.15680746563601541,0.4607121087233962,0
-1.107895260131402,1.0802443882957555,-0.8597045676590621,-1.107895260131402,0.4582795716788301,-0.3797924069366323,0.5876646152182444,0.7606522370843556,-0.7832910727540482,0.607698256476604,-1.942362954043748,1.776611708904995,-0.3581583374396793,0.43722307988961784,-2.1337768606250966,-1.0757072777335956,-0.13683331983977723,-1.1454945408454071,1.080244388295756,0.5264062131792474,0.4220774784867992,1.949650097400618,0.09653110039068097,-0.23583260570458228,-0.5273401624956976,3.2431913274839603,-1.3649206408046797,-1.9224804577525993,0.45419504508069014,-1.634674107767041,-1.6789782926670256,0
0.5919081560479408,0.08301865996297578,0.4359098837205174,0.5919081560479408,0.07878500387002806,-0.3797924069366323,0.19617843944316699,0.1861040344689724,-0.5183054036386401,0.607698256476604,0.8055926656488668,0.14800301948722713,-0.20294749819781188,-0.46873632566318985,0.5556220488649986,0.046201981249133106,0.28564647006493293,0.1932062323383194,0.08301865996297729,-0.29109785640550917,-0.4802494649461695,-0.01947368861410618,0.693832475892626,-0.864977918693,0.4986859521567432,-0.12725065469056548,0.7212513727052304,0.5984697394180722,-0.797133385354096,0.7072629735790447,0.8376817952391892,0
-0.12596998573653895,1.0718318624654735,0.6015190314782094,-0.12596998573653895,1.5901844459187693,-0.3797924069366323,1.755336429642266,-1.226940896734644,0.2229904390814289,0.607698256476604,0.2697232361993307,0.74813799355866,0.3789531521318861,0.39980251269091394,0.40639099889470953,-0.39988948361722276,0.6334176429018152,0.18673451214204825,1.0718318624654766,-1.0293069073488335,0.07956352326565587,-0.34501709926108537,0.5946751776609356,-0.37980707814884634,1.2713734057886013,-0.34866655132976754,0.40587416130474785,0.22101409914557338,-0.8249249068194915,0.8229660837706421,0.4619931769060937,0
-0.48903479307581604,0.9957490775370624,0.5165562877627298,-0.48903479307581604,1.6901066970259493,-0.3797924069366323,1.8584161131978303,-0.6021210787451471,-0.22723414229588482,0.607698256476604,-0.1524866572261098,1.1425027167706958,-0.33082741984214337,0.14300043180050168,0.22460614801012613,-0.6490389008029823,0.16838479364826078,-0.36099843593000064,0.9957490775370638,-0.45408524933845074,-0.11230925217766063,0.5333308034798109,0.7377020684436162,-0.3831347296669872,0.8461834062953079,-0.45342245941713205,-0.08442838275210175,-0.35743791384499163,-0.7316326533522105,0.1268555110324029,0.10264815324093396,0
-0.24974207914765614,-0.1375408150913423,0.30573407242295036,-0.24974207914765614,-0.41813513717469397,-0.3797924069366323,-0.3164438276065756,-0.06054759873541931,-0.3286640596009743,0.607698256476604,0.14333770468729545,0.10532285390845997,0.429960666995243,0.09886263308483861,0.35914996555193773,0.11686580860524974,-0.2292339266057666,-0.12739842322751713,-0.13754081509133967,-0.8332086148452941,-0.09179217539994944,0.19366387470217566,0.6466519706962778,-0.2560984311445311,-0.29456631096221114,0.3700276705482993,0.782259987770195,-0.23426556368166856,-1.0660327204038822,-0.9255451003893288,-0.5846742660072928,1
-0.6293098322750822,0.007687596254614164,0.7447187308474925,-0.6293098322750822,0.13496018660488368,-0.3797924069366323,0.25412869572566205,0.03224537328985757,-0.5561894184909338,0.607698256476604,-0.37250207924245515,-0.27139416590083326,0.9971536250281187,0.530399410652082,0.09799821807286425,0.2295611122186095,-0.09116949961273328,-0.37379644440802,0.007687596254615835,-0.23184051783443926,0.3165295490082406,-0.8220478920095867,0.7719054795850665,0.34709233310505505,1.0869411367943749,-0.12725065469056548,-0.10597217220551187,-0.503665525200035,-0.6940280329755273,-0.8340202950088234,-0.8968068338495461,0
0.5589022644716428,0.39254473542263674,-0.248480065260603,0.5589022644716428,-0.006601273886952233,-0.1945178647389955,0.052040347453252256,-0.11746304040507054,0.6486371451242632,0.607698256476604,0.7859541651386714,0.5381885239204734,-0.16010713022411638,-0.3546665048556119,0.5513493939337704,-0.7149785590558954,-0.3126070681604646,0.39332054672189437,0.39254473542263824,-0.343390734406453,-0.3500244292328096,0.6444338104565522,0.1434684966165657,-0.2141051843692672,-0.255296679088158,-0.12725065469056548,0.6720141463053753,0.8924667733563829,-0.5859316423379003,0.9902855941711702,0.7456063692124313,0
-0.05170672968986865,0.36835403310360704,0.2956205945753302,-0.05170672968986865,0.3127200114233992,-0.3797924069366323,0.43750553409903675,0.009522955874788006,-0.41827543850394844,0.607698256476604,0.3390693515837243,0.03154780305433476,0.172106803833232,-0.1840637159075974,0.43007622931039824,-0.2150645585139682,0.8383390045304898,-0.2889732802625112,0.3683540331036093,-1.1469658828509575,-0.27066439663831054,-0.4192465818818171,0.5839572578520721,-1.1380001156397348,0.9579317800469351,0.28828328831725425,0.6923800880354993,-0.2568001560651705,-0.7768462873487763,-0.23420388531297845,-0.23311681310683094,0
0.30310660475533396,-1.429346812961973,0.3400866403069624,0.30310660475533396,-0.9490127839454771,0.4828615461528937,-1.125087403797719,-0.46120867517319514,-0.2211211555093472,-0.8978604870465134,0.6204184638460781,-1.556120271050588,0.573480118951181,0.39141613043994855,0.5121042671580354,1.093754681156983,-0.40121172513355685,1.1051370523544581,-1.429346812961972,-0.7486605389137683,0.5860575770139791,-1.1779969281762903,-4.2760349012237056,0.11097631016641427,-0.21682012977936874,-0.9297368409225967,-0.07859093060505636,0.50116902049316,0.5817184487124745,-0.11119935833845981,0.24597522570181887,0
-1.0171290582965828,-0.13007809753739163,0.2604348242110608,-1.0171290582965828,-0.37758992896900523,-0.3797924069366323,-0.27461743573461994,-0.049815725502669904,-0.02148876807561961,-0.8978604870465134,-1.4225598274821654,-0.29302626502748674,-0.017420141894101116,-0.5295053459797914,-1.02452361104632,-0.16351971326125,-1.1024020424043808,-1.0109700199116813,-0.13007809753739194,0.38260079867665175,-0.4125316304624072,-0.38199270115216705,0.656982018149794,2.2593330929455115,-0.02120612002758406,-1.1732498905378304,-1.5596772436194493,-0.9363353016534207,0.28946425374785906,1.483056644441934,0.9028435231645925,0
-1.0666378956610296,1.7954420882306452,0.20596011201895298,-1.0666378956610296,2.9559313195943684,-0.3797924069366323,3.164239391650954,-2.7707224443914282,2.4890351054511295,2.1132569999997215,-1.6752021461245543,2.3279783942870544,0.04366793799784606,1.8237406616159204,-1.498038832210382,-0.7881698932803562,1.5516144369928317,-0.9953724470790952,1.795442088230642,0.4610401156780675,1.345342150880766,0.8399887872597747,0.6750312219422017,-0.16018657773388695,1.9446621802263355,1.1916179470298998,-1.164442267888382,-1.7299329448504135,0.22979208869307582,-0.21850799836719165,0.3920686355759088,0
0.2123404029205147,0.3397616626850754,-0.32293394542489384,0.2123404029205147,-0.42969507715468674,-0.26529690333135114,-0.36300897735915555,-0.730136453547133,0.695061650893024,0.607698256476604,0.555063843916542,0.6060611390584452,-0.40042580992455656,-0.42547133317114383,0.49489274001101535,-0.40694055209516244,-0.7701785024516367,0.3640160159455206,0.3397616626850782,-0.8924659534163639,-0.45547121140818614,1.0514425925879314,0.07351766778522922,0.48408406652202884,-0.2625966494974664,0.21358055699000525,0.11566394117540096,0.9235937296323976,-0.6123217112851884,1.028385335126255,0.6741209807926645,0
-0.5880524678047098,0.230409329420541,-0.06525713401831973,-0.5880524678047098,-0.021359395968405772,-0.3797924069366323,0.09286958750252157,0.7556018394911741,-0.7858903182221362,0.607698256476604,-0.3030577386600485,0.2897316081691922,-0.2904464175353581,-0.434748595172333,0.14075252992532072,-0.17759668184878624,-0.5580623667863951,-0.5772920508042535,0.2304093294205427,-0.2972066153356191,-0.5064269078723196,0.22608018542400923,0.5500751956870732,0.7271378896723398,0.19738630086579356,-0.5017442082655142,-0.07043167682515798,-0.21880215094909747,-0.4246699095652398,-0.608330878073171,-0.7016617504391716,1
-0.4725318472876671,0.7173948411682128,0.3800227505360071,-0.4725318472876671,0.8742255913955828,-0.1652639896551581,0.9518497813669018,-0.7431115129012723,0.3225618637020578,0.607698256476604,-0.12929626256851112,1.0141659004757022,0.4666110513137956,0.4573023597192142,0.23652218847480713,-0.44917845055653716,0.5490657205011986,-0.5606037386127454,0.7173948411682141,-0.4802316883389227,0.2910331204430246,0.6210660179632229,0.30929812945593976,-1.263554093524071,-0.7215381746316712,0.19205437519965363,0.37213485372030053,-0.9630484379172171,-0.39347771430606904,-0.424027010570605,-0.3871221920850892,0
1.1612597857390798,-1.734354972855366,0.12684984531554622,1.1612597857390798,-0.8348190260553426,0.7331195188921761,-1.0829992995761664,-0.19937137026544988,0.05829371757126062,-0.8978604870465134,1.0982617077436059,-1.5776464202880327,-0.10454403882321713,0.12458126946077454,0.6109624088104322,1.7231207784460587,0.9601241686450495,0.9413443586229893,-1.7343549728553644,0.6109542891107732,0.16143436932063382,-1.2243306258338909,-3.5323779570468354,-0.9992827034083266,-0.37861000010827495,-0.6448953277207835,-0.08934285698589511,1.0387356561045404,0.26785625418315395,0.736861383837918,0.7898269276141495,0
-0.7035730883217525,-1.7549137911495276,2.2858584655677787,-0.7035730883217525,0.49297217209418687,2.053664266703971,-0.11277427017037346,0.9481197819498761,-0.9565005799211682,-0.8978604870465134,-0.5098748005253362,-2.2514770450062604,2.5621214007464954,2.455978145238706,0.004959730489469959,2.0829123484990038,0.09497570118236999,0.33449333729736236,-1.7549137911495267,-0.11418154233231535,3.114424666643384,-2.7209328205796224,-0.7769533375274168,1.565802636740294,0.4116288725745211,-1.485488468402688,-0.9657350595551257,-0.5615746957427521,-0.27730673555706625,-0.25176819800181044,-0.16073880792290163,1
1.6563481593835485,0.7083405519444887,-0.7565689148336352,1.6563481593835485,-0.08448903999955203,-0.3797924069366323,0.027745116650419517,0.4252507927177181,-0.3690008425589448,0.607698256476604,1.3013064542835222,0.8728537147284958,-0.8033693110501177,-0.4730548591049074,0.6414987818311931,-0.8321557821202284,0.7666123833490651,0.7531918192089266,0.7083405519444919,1.3953474591249315,-0.5154546767318077,1.195720676314445,0.19812136563875285,-1.484369902607522,-0.3255049557596554,-0.21318260324459168,1.45914633174736,0.848572435718046,0.1277174779854197,0.2506915157015545,1.1245035258484721,0
-1.0666378956610296,0.23749550620687396,1.1239160098675616,-1.0666378956610296,0.8769610785548452,-0.3797924069366323,1.0195759939266178,0.21553208369468874,-0.9529965890868435,0.607698256476604,-1.6752021461245543,-0.10277548681709035,1.4788589588790957,0.9427378567991864,-1.498038832210382,0.6495170289858406,-0.05858236085953429,-0.961704958867033,0.23749550620687163,0.4610401156780675,0.660637387358189,-1.4654688977941277,0.9658239497087658,0.5636264688488732,1.73558689988428,1.1916179470298998,-1.3138690780850053,-1.5451677984493821,0.17343247168290343,-1.471719034814414,-1.4558532061435714,0
-0.3570112267706244,1.2003982705672924,-0.0255359266529897,-0.3570112267706244,1.375246377152621,-0.3797924069366323,1.5336065559958685,-0.9430921664607163,0.22817505612301853,0.607698256476604,0.020534390344368065,1.26043695313546,0.060111900217308986,0.5109331047176155,0.3076904668464519,-0.6509960951925723,0.42002291603036335,-0.12728934929162491,1.2003982705672946,-0.6632567613422263,0.20464745509728097,0.6456104486873273,0.3499514762187343,0.24285955024285943,0.48397366017936194,-0.4055440293655245,1.3367864118639103,-0.05930203150639124,-1.0194338145451527,-0.6817138272937938,-0.7176819094244842,1
-0.3900171183469223,-0.3177425989655073,-0.4046489891028997,-0.3900171183469223,-1.0312366069707173,-0.3797924069366323,-0.9489186246989342,-0.4145589087943026,0.00451617392095341,-0.8978604870465134,-0.020214558118430776,-0.3867849803889865,-0.8076610572763122,-1.0901662154192169,0.28929322481840775,-0.06795720650700415,-0.8965158419875788,-0.5775101986760379,-0.317742598965506,-0.6109638833412825,-0.7896669926977912,-0.057555924661192144,0.5467403126334233,1.620888723438799,0.9403703062740759,-0.4161456817340951,-0.7018479104602936,0.8022039707854938,-0.378917452112655,0.8296176253799237,0.31221053476823685,0
2.398980719850252,-1.0594667963047766,-0.029358778216238147,2.398980719850252,-0.8512122651535171,-0.19577254561166574,-0.8188798193596507,0.6881086957010732,-0.10613509447075867,-0.8978604870465134,1.5488262239317334,-1.0519617435558173,-0.29467587902594733,-0.2976278779056382,0.6717938968258351,0.9247221102683993,-0.25656550838122294,2.1711529858076593,-1.0594667963047748,2.57193721414617,-0.3052715591754133,-0.9857400718205337,0.18470728198735892,-0.916479693829073,-1.0559314398965636,-0.05877666408205471,0.6880684338048031,1.7051305088959121,2.1632201482782687,0.9572227860809205,1.631263398352285,0
-0.059958202583943125,0.8193927958266414,-0.8071674482606226,-0.059958202583943125,-0.2127060822658706,-0.3797924069366323,-0.10452344212200014,-1.0537557865497384,1.5198859533955,0.607698256476604,0.3315785497686747,1.2087056388219204,-0.6031722357425104,-0.027028953453342747,0.4275897338567977,-0.8020510083918919,0.27303248733167135,-0.03857588143262729,0.8193927958266436,-1.1338926633507216,-0.19876278276947545,1.7269052390158477,0.0858216766528678,-0.10662205092254985,0.8094628902639468,-1.1732498905378304,0.7137796599669342,0.2680001007139922,-1.177799478320333,0.3842145835522656,0.25750812533996936,0
-0.6128068864869333,0.20175314197690908,-0.4532591399535081,-0.6128068864869333,-0.28246463279411976,-0.3797924069366323,-0.17648628557349308,1.1040335021627545,-0.6105559842764751,0.607698256476604,-0.34419120313379753,-0.02902761459411338,-0.40172794772555115,-0.5665215664237704,0.11575770145773322,-0.5669872898547874,-0.8051852161835042,-0.657315961770505,0.20175314197691002,-0.2579869568349111,-0.6133434196886721,-0.07241002680386346,0.47448451313767437,0.4981482470669514,0.6998317316241827,0.6505436488881682,-0.5801139902416576,-0.2914810709909804,-0.30795609449300476,0.11217762674556753,-0.3276640106674818,0
0.4433816439546001,0.32546336380198193,-0.9694584744662408,0.4433816439546001,-0.7087583346652282,-0.28085939896702045,-0.6461819848884012,-0.2537234639581576,1.5650743337664133,0.607698256476604,0.7142912587265098,0.4664189116540099,-0.7881859679429055,-0.839400625160303,0.5350884159430732,-0.9151888349563019,-0.30584005866561403,-0.03548545324901466,0.3254633638019852,-0.5264158074097567,-0.6964706785853939,0.9778448401832326,-0.07472510117014791,-0.4312444247148294,-0.12473212056646149,0.1672539845285676,0.7729797645709784,0.6363905204260623,-0.9681641808053263,0.43950791958471075,0.5703596216988226,0
-0.8520996004150931,0.436631535488108,0.546841362679259,-0.8520996004150931,0.7496771862463028,-0.3797924069366323,0.8882700716169644,0.08394085970692007,-0.5337907163525926,0.607698256476604,-0.8508766805475935,0.8449099234588104,0.05039244264667764,0.1954103125995066,-0.28364945548350684,-0.26590811335508474,0.034723736395556794,-0.7881683268625266,0.4366315354881091,0.12113640867193223,-0.09452954197395602,0.6114343910300499,0.7297257788888909,0.27248270147551523,-0.18955832806778475,-0.7463114269267033,-1.1344108944815157,-0.9433736642942858,-0.10127738251431444,1.3631088922772197,0.9828194503239892,0
1.0127332736457393,-0.43040886579948945,0.20357962265136342,1.0127332736457393,-0.6803766292783978,-0.1574629562994681,-0.6542363032973305,-0.15619090272754704,-0.09706174212955875,-0.8978604870465134,1.029159942575958,-0.539609274277158,-0.008772976750633198,-0.3911543723936424,0.5992031291635297,0.3431590157320256,-0.08185485227620821,0.7864593696560507,-0.43040886579948756,0.3756363381065256,-0.3387706477141378,-0.404206255614642,0.012193388446960166,-0.3363947703523242,-0.13462857429815878,-0.01694528072848942,0.43040249425453386,1.284746680547692,0.02467261309849103,1.2798236458769048,1.1017344048761157,0
-0.11771851284246448,-2.946728648280307,2.461205794806353,-0.11771851284246448,1.0935204786631287,5.527511837045992,-0.5442410669140445,1.5686165389048146,-0.9470875395975068,-3.1561986023311897,0.2776498702834647,-2.9831394906951636,3.014955011449884,3.6504984420679305,0.4091752530337499,2.8060474123851367,2.309278261925974,1.3841845383453626,-2.946728648280306,-1.0423801268490696,4.721557895061575,-2.0525160584769715,-2.466384954209511,-0.8244117882485026,-0.9840067385625672,-0.5668735219307194,-0.6663403655435851,-0.8390125815425985,1.1370305764405026,-0.40657768160467606,-0.5606268934184155,0
-0.33225680808840097,0.4871476605631263,-0.2694445136103676,-0.33225680808840097,-0.08131426692431018,-0.3797924069366323,0.03102020903805629,-0.15097025694990343,0.019459165946228412,0.607698256476604,0.05012645456953407,0.4206445573771701,-0.45240625406598345,-0.5725285780321072,0.32062602764741843,-0.5442765761101978,-0.2932887835579733,-0.5070847940683009,0.48714766056312897,-0.7024764198429343,-0.5531040497164083,0.5076961584165204,0.35107115387335,-0.14000956388230515,1.1131541101695455,-0.12725065469056548,-0.28409283118708345,-0.0983321366128741,-0.5335118347867354,0.1710977322184815,-0.12354464327663096,0
-0.5632980491224864,1.065276647532787,-0.20375365322974592,-0.5632980491224864,1.003803012903983,-0.3797924069366323,1.1504259928949183,-0.4426455471111052,-0.05358450127510793,0.607698256476604,-0.26342037261256,1.5117138908718721,-0.7780475193394915,0.3950930348704792,0.16396201350236503,-0.7607853804752859,0.4446390714964706,-0.37306928483540525,1.0652766475327888,-0.33642627383632695,-0.022532857361060074,1.6800258913911217,0.3089388808697867,-0.11133896092524119,1.0909696295326359,-0.12725065469056548,0.17667488877199153,-0.4264505388466817,-0.7089253630476915,-0.6790533314658272,-0.5368947415274795,0
-0.11771851284246448,1.5084519283841606,-1.115660300626096,-0.11771851284246448,1.0502085986414722,-0.3797924069366323,1.1982979437369792,-0.2876141211395323,0.3058111684883976,0.607698256476604,0.2776498702834647,1.2718035809961175,-0.838522866288339,-0.10807847215654517,0.4091752530337499,-0.9798614829158491,0.11311424208621565,-0.12852552056506997,1.5084519283841626,-1.0423801268490696,-0.2569872478987129,1.2114407344844187,-0.06827416679550795,0.11505879421562597,0.6747690624397729,0.31237221254959185,0.8951134793176345,0.41589114091256285,-1.114095354301524,-0.02637283566827752,-0.20227846475210776,0
0.5754052102597917,1.2643071463268554,-0.940899003697782,0.5754052102597917,0.6826429141333582,-0.3797924069366323,0.8191175907609421,-0.17933059158990539,0.38015514629671504,0.607698256476604,0.7958176468589303,1.2636924988870841,-1.0482404363515379,-0.20159452636305816,0.5535049675927697,-1.016127459333375,-0.560934135102846,0.8494313886444868,1.2643071463268578,-0.3172442954059811,-0.3489604524831518,1.4390954211566922,0.021935032085353627,0.6001080122575948,-0.9374342393535309,-0.4005297343263383,0.9411344414665784,1.5092951982359195,0.13902756282858453,1.437131453624437,1.1399749238570265,0
0.92196707181092,-1.8248580234258693,2.489274962920081,0.92196707181092,0.7224164157502972,2.939709807437694,-0.14414761108857635,0.869762556318429,-1.0123785345700838,-1.6506398588080722,0.9846677552500233,-1.729213282868808,2.630171235130531,2.427821770245432,0.5912275066252374,2.2309726434786574,3.5912771612446375,3.0441807686889097,-1.8248580234258676,0.23183092360392976,2.6662874071562155,-1.609179227864032,-1.349498677644873,-0.8258444781721891,0.2201241395724385,-0.12725065469056548,1.9496452839817129,0.17563055115675105,3.670320754800081,-0.683164655714274,0.1659800520068814,1
-0.538543630440263,0.39017992622372266,1.064313429023368,-0.538543630440263,1.0651437296834225,-0.3797924069366323,1.2137050083758034,-0.2052395227381272,-0.5720093585521377,0.607698256476604,-0.22517408209838416,0.8844807947609579,0.9709836677663181,0.7687652218502584,0.18557084303961235,-0.08750408288855444,1.3283328253938202,-0.4290242139481091,0.390179926223723,-0.37564593233703486,0.5874514779015877,0.01724295955691687,0.9424268336815711,-0.5332821233113132,1.067164392639131,0.2214157572585262,-0.39567398110855534,-0.7442287640555996,-0.6243896947739901,1.3090261567481807,1.2180886313459354,0
-0.4477774286054437,0.7445393454691751,0.17600434695920877,-0.4477774286054437,0.8716575830419893,-0.3797924069366323,1.0141049138303821,0.02069348869723985,-0.6281722158633736,0.607698256476604,-0.0954104008040992,0.7063276517159501,0.8127409906607495,0.6587896751328511,0.2534843072995359,-0.40087464075150314,-0.22870882251456193,0.06955274701518377,0.7445393454691763,-0.5194513468396306,0.37034166413827685,-0.017313974653833646,0.5293215038264124,0.8013548776959848,-0.361913091011198,0.49181011754557236,0.45453988473995727,0.012530181787964749,-0.8125876409025689,-0.4777138705728422,-0.4389052306712182,0
1.2602774604679736,-1.170167704056537,0.08104825877931256,1.2602774604679736,-0.9668469548916829,-0.045690773465483905,-0.983574777964269,0.1442444189921611,-0.19651626635962868,-0.8978604870465134,1.1420096757654048,-1.3165274584893492,-0.22057897468846616,-0.052629259332720335,0.6180308282703246,1.0492411306519833,0.481051170010655,1.1651277170951737,-1.1701677040565357,0.7678329231136047,-0.10374095397030571,-1.1786000420210752,-1.220708411307077,-0.8394239459190049,-0.11893724724941933,-0.22670631973833708,0.3835263147873383,1.1178670810934985,0.6033631285276372,0.6212499552722155,0.8295437966993416,0
0.476387535530898,-1.9342586013661118,2.645779905467253,0.476387535530898,0.9326477814398325,3.405101812243663,-0.06807472920501016,0.9722329097788492,-1.0360295326475486,-2.403419230569631,0.7352516605902557,-1.7740371107539004,2.9570526664820833,2.8176427627628384,0.5399556474504932,2.356941402381982,1.460010460241011,2.844975403771103,-1.9342586013661105,-0.4741229294088128,3.0911075943815245,-1.6518920134304138,-1.373887653010717,-0.184029295722846,-0.3399100857050106,0.16164437235296417,0.9388868665742888,0.15760068355927648,3.428365554569043,-0.2400322929345008,0.27743814760622293,1
-0.5715495220165608,1.4071903401422863,-0.21099129745895534,-0.5715495220165608,1.606479250485883,-0.3797924069366323,1.772146131983501,-1.3082407158034917,0.6246301129581467,0.607698256476604,-0.2764733123538397,0.9198300475378,-0.14877235607089345,0.10612091698174389,0.15641194053151478,-0.6773121065032037,0.034279948096758946,-0.37565070131818756,1.4071903401422863,-0.323353054336091,-0.16114925576413094,0.1542643811025523,0.25114840560536034,0.8237490309791754,1.3641246042745703,0.23821895783438077,-0.06199302138702411,0.03328293418288708,-0.6868350321846919,0.18002902988357303,-0.3034621963665828,0
-0.918111383567689,0.2394954376343757,-0.5960264721892904,-0.918111383567689,-0.03575756385275045,-0.3797924069366323,0.07801645346227484,2.4003937220350973,-0.7794703777001952,-0.8978604870465134,-1.0451507618737341,0.23174373140070023,-0.8235778700004327,-0.9839144389085402,-0.4932626312037183,-1.0757072777335956,-1.1045156189658756,-1.0086794672579449,0.23949543763437697,0.22572216467381995,-0.7857527377789469,0.21458775374524472,0.5382948295754784,1.4736510985338216,0.21275985588197893,-0.8671037727288764,-1.2684023577184045,-0.8277584740232202,0.24889855228614285,1.5116993842136197,0.819971696547863,0
-0.6870701425336035,-0.7191383599480732,1.3941787963176797,-0.6870701425336035,0.010723478121710473,1.0970336540590235,-0.3208386296510927,-0.3245809812732894,-0.3091136103268179,-0.8978604870465134,-0.4778163876618818,-0.5425818643116251,1.4985146992580287,0.7967197582801787,0.027732435984927042,0.8412086186213337,0.6533758771197732,-0.5242094020033778,-0.7191383599480711,-0.1403279813327873,0.7866904480345064,-0.276899001610675,-1.1312565212222092,-0.4256112372801863,0.4356598003531938,-0.5668735219307194,-0.9189725141782192,-1.0714560119310894,-0.4819972417598712,-0.03294035629421122,-0.2971268001798163,0
0.715680249459058,0.9833611457839886,-0.4245234844298203,0.715680249459058,0.6486222968507133,-0.3797924069366323,0.7840219596577312,-0.11560130576237593,-0.26442981613716465,0.607698256476604,0.8762377308644607,0.9178623234458614,-0.25700345273227465,0.01739762950375703,0.5703707531255177,-0.7713266992119656,2.3103731792912745,0.6640056976277294,0.9833611457839919,-0.09499956390196956,-0.21717678334961427,0.7812187044475417,0.23838634231779943,-0.7541503270636241,0.399710958579694,-0.5080118828023311,1.6111202779432647,0.7400409755325192,-0.16884176318301827,0.6168140124100662,0.6195284174452879,0
-0.1507244044187624,0.2576888436800805,1.0345020980465216,-0.1507244044187624,0.4483674001315853,-0.07561032273155692,0.4854107633366942,-0.7430850400876159,-0.1675384269187751,0.607698256476604,0.24559145959982506,0.23546960229717948,0.84931253560816,0.37955839171042,0.39778890028602426,0.2074819454233981,-0.5554554792213428,0.4089544775331112,0.25768884368008194,-0.9900872488481257,0.2402781781619392,0.007810819532032398,0.3346494229222024,1.0495853472004444,-0.9855010743369164,0.3254952832134764,0.3694068383217591,0.5868519230804166,-0.4241211530337282,0.24368434102079067,0.17642294053465313,0
-0.5715495220165608,1.2254134402739447,-1.0888915429693942,-0.5715495220165608,0.38226635252435626,-0.3797924069366323,0.5092494625404053,-0.2721260621088059,0.6473002911645895,0.607698256476604,-0.2764733123538397,1.7162096355759695,-0.4107607424885245,0.7308793625845383,0.15641194053151478,-0.9163492092414389,0.4356362519147947,-0.46545490853610727,1.2254134402739472,-0.323353054336091,0.3595483231767357,2.037427114968966,-0.037567124506671275,-0.6963379942424839,-1.598908705179442,0.23821895783438077,0.6803425174629061,-0.9237199341159393,-0.5536351812729605,-1.8335739558757835,-1.3495611623399741,0
-0.2332391333595072,0.047711690824521875,0.18922000982814935,-0.2332391333595072,-0.18976861165595876,-0.3797924069366323,-0.08086117284927688,0.15674034009521165,-0.36647444155260783,0.607698256476604,0.16106016668625944,-0.1941494601617025,-0.05709842572531365,-0.3587874689447946,0.36610912852823924,-0.062369882523389056,-0.06599738441330681,-0.2747936685965239,0.0477116908245239,-0.859355053845766,-0.4193077930766261,-0.39459412972924013,0.6107783929077416,0.1647188918081597,1.0479964728888782,-0.12725065469056548,-0.09760068039983853,0.2043562455638439,-0.8936239993427252,0.28060326813432873,0.05318831232287749,0
0.8642067615523986,-1.7396896194948077,0.9845716516730838,0.8642067615523986,-0.2252167243308944,2.1578199998169927,-0.8851688330406191,-0.2673817698257464,-0.21284282621869535,-0.8978604870465134,0.9553786578693793,-1.9283917445039263,0.9059879724228782,0.8436980247461013,0.5857966352470224,1.1887894776491146,0.4927506615739726,1.6649772073105424,-1.739689619494806,0.140318387102278,1.1869687802768913,-1.3071854299249226,-3.004301303078529,-0.5990543753147648,-0.802947758013861,-0.24528169686788304,-0.31522178577855814,0.9498623108887733,1.4137024790355674,0.699874903338548,0.6023271783765501,0
-1.1409011517077,0.436631535488108,-0.517396151445273,-1.1409011517077,0.07878500387002806,-0.3797924069366323,0.19617843944316699,2.0147895931585147,-0.9582001081449443,-0.1450811152849547,-2.2162724380664107,0.8444624343308329,-0.6026806815666739,-0.3527963052098246,-2.9693182693987143,-1.0757072777335956,-0.4945693512490451,-1.2146110582224376,0.4366315354881105,0.5786990911801912,-0.4777532436892896,1.1440678179122632,0.44257935491877237,0.10690646538670422,0.7370445595605013,4.206174750962393,-1.6154345038364595,-2.01286910446494,0.5539945950374977,-0.7546218290176425,0.02812462877191157,0
-0.6375613051691567,0.573137331246381,-1.3692348954492441,-0.6375613051691567,-0.8035398662854364,-0.3797924069366323,-0.7140269192338878,0.2036799702141869,0.15794436858924873,0.607698256476604,-0.3869381505556423,0.5462076983001705,-1.2403513592660618,-0.9857957281510773,0.08876328671273823,-0.9875291465012689,-0.29338301119667337,-0.9082950882584807,0.5731373312463827,-0.21876729833420328,-0.8502120368098328,1.1183288512270553,0.08843209868895971,-0.2546352885868417,0.36556470685532805,0.27720238317038004,-0.3492448586177298,-0.6241496212435634,0.0872531068549679,-0.004206457253701749,-0.40599811445971673,0
-1.0171290582965828,0.7803734440445582,-0.4004612357370061,-1.0171290582965828,0.03461968778883134,-0.3797924069366323,0.15061754829692958,-0.6381020496435771,0.1754414901798161,0.607698256476604,-1.4225598274821654,0.8282863374200027,-0.004894366629293577,0.14877951409638052,-1.02452361104632,-0.3915666043793364,-0.43856933915760465,-1.0181325417019365,0.7803734440445581,0.38260079867665175,-0.14971147502410015,1.0315282993554509,0.1845637275833038,0.8257653541614788,1.4409767307449817,-1.1732498905378304,-1.045915952160475,-1.2416938188066804,0.25433149112279335,-1.704782527714794,-1.9809167686604479,0
-1.1326496788136255,1.352657270181784,-0.39262992962041665,-1.1326496788136255,1.1888066147107739,-0.3797924069366323,1.3412755035852684,-1.2137894941852223,0.8591817342255772,0.607698256476604,-2.1410765888412966,1.1459336633141062,-0.2997895697366405,0.09187092377429162,-2.7186558467666293,-0.634816621571962,-0.5816768426528593,-1.148839474879435,1.3526572701817832,0.5656258716799553,-0.13377345910931834,0.9262678748588626,0.1235277727297523,1.5028050841875003,2.2101228339641783,1.8950145346141487,-1.4428343985194296,-1.5290080239715855,0.4703140240731285,-1.4507081044957773,-1.852287242651072,0
0.1298256739797699,-2.2575618018462333,1.6975262168143241,0.1298256739797699,-0.02794784332619743,2.4103539725873038,-0.758069114008584,0.9637421110687427,-0.85918887139961,-2.403419230569631,0.49204586898417557,-2.1646329344397763,1.7303251015670467,1.8820704894801787,0.4772900417924718,2.427798829265101,1.2959442591390413,1.589752549523548,-2.257561801846231,-1.0231981484187238,2.1678816685676705,-1.7887727655783998,-2.2899201956511925,-0.4856920048589174,0.1958652570743262,-0.12725065469056548,-0.7150475177719352,-0.3397811642367635,1.4169765154672265,0.7166719628436516,0.46740661709769055,0
2.5640101777317414,-0.28317778595521403,-0.19488797668640984,2.5640101777317414,-0.9180029686493654,0.19243782058522657,-1.0052317549508136,-1.8143294897030797,1.7305033558624325,0.607698256476604,1.596953558619985,-0.08075924687286178,-0.20907720144955236,-0.7646073792777834,0.6769266904870312,-0.27581926223516723,-0.3054660011296835,1.3806214564395505,-0.2831777859552117,2.8334016041508896,-0.5031784451658694,0.6091467978009999,-2.703117316140116,-1.121564440224434,-1.0437894390601914,-0.061734503849163014,1.2913920580906657,1.5702771104317284,1.0888422664542945,0.7629830717401855,1.610337719942572,0
-0.12596998573653895,1.567406111376608,-0.13434826628225535,-0.12596998573653895,1.8955806218378966,-0.08227124428349289,1.9803695416297653,-3.047800401477937,3.99639427700457,2.1132569999997215,0.2697232361993307,1.6809235779637284,0.02154229533614721,1.0117077562281838,0.40639099889470953,-0.8343437798348912,0.3344070160119865,0.5261362426599757,1.5674061113766098,-1.0293069073488335,0.5701383370750877,1.4431908583071882,-0.08857412416210322,0.17283031190183906,0.12834039601964214,-0.34866655132976754,0.9895698246884809,0.34096295896609746,-0.27945787452648596,0.7064266900628667,0.40185010047985464,0
1.2355230417857501,-0.029945655050256453,-0.9817916384377218,1.2355230417857501,-0.9447193851374857,-0.3797924069366323,-0.8596675544932585,0.6910849099396433,-0.37934640650249585,-0.8978604870465134,1.131236205491691,-0.1758818681378733,-0.923321430603062,-1.0956656534470524,0.6163163854708621,-0.615837884717322,-0.658638667820606,0.26054120876244385,-0.02994565505025393,0.7286132646128969,-0.8551338516672491,0.18378121184278667,0.4064790547887344,-0.6940540037168248,-0.49889192252293596,0.07363661577016879,1.2450553257347297,1.2947302858291216,-0.4720176693129003,0.6619297118273386,0.983705260386558,0
2.5062498674732203,-0.8484277865957061,0.4354226672172417,2.5062498674732203,-0.7825677980644236,-0.06693846506781574,-0.7870442421498315,0.032534169739095335,-0.34944958316208213,-0.8978604870465134,1.5803496483401664,-0.4648360444364749,0.5593293438438232,0.09304516901805798,0.6751814280809625,0.7806744324206515,1.225929272433143,2.123269527950979,-0.8484277865957038,2.741889067649238,0.024375625444532926,-0.22395264260866304,-0.29137096814164176,-1.300471869723176,-0.7513438703926465,-0.3933381795990814,1.3197883695157637,1.5037163902293516,2.098881716775298,0.5137421593337805,1.5065327040729914,0
2.044167385405049,-0.12780196868343657,-1.4408823082577942,2.044167385405049,-1.172123965269735,-0.3797924069366323,-1.0942578674554317,0.8116001251194034,-0.7173615128237643,-0.8978604870465134,1.437541019221912,0.1433948874180504,-1.2940897381946435,-1.3076339716659438,0.659020298200736,-0.8938398820669218,-0.31853733710467425,0.3030436857817751,-0.1278019686834353,2.0097887756360224,-0.9752971790368955,0.7264508437422516,0.39688603787160137,-0.8833347355444834,-0.7867408132792195,-0.12725065469056548,0.9172673488512849,1.5966026552077408,0.005682804241870771,1.040741249128527,1.4984627725490804,0
2.918823512176944,-1.7416184532539452,-0.892520738229567,2.918823512176944,-1.1901968315696811,-0.3395153325458417,-1.125087403797719,1.0300839097089391,-0.29468921113416563,-0.8978604870465134,1.6937477803106895,-1.4133223837081865,-1.1540807387458858,-0.3824856696157778,0.6865882108874446,2.100273832363549,1.007971844615873,1.846221730784765,-1.7416184532539434,3.3955500426610357,-0.4699007852502088,-1.290959375827011,-3.980233716594568,-1.46933338715975,-0.8888404366411277,-0.0073535090796147074,0.0069614821902174,1.706324527282895,1.7601450467050925,1.2127043902397943,1.8595756609178087,0
-0.11771851284246448,-0.4868129924533002,-0.27524431579726105,-0.11771851284246448,-0.5956428421814839,-0.3797924069366323,-0.4995605794614541,1.080174665740333,0.07865519562522676,-0.8978604870465134,0.2776498702834647,-0.5780962473789136,-0.29485492815070485,-0.5265844362759518,0.4091752530337499,-0.16517222696500422,-0.21569001683479563,-0.2790839100749508,-0.48681299245330084,-1.0423801268490696,-0.49679657947694933,-0.6553861953610415,0.7999685869030861,-0.6792244994766765,0.5919026815044494,0.31237221254959185,0.2915720937577392,-0.0073691744243592075,-0.8512619619444498,-0.7793833259478545,-0.26345240439901507,1
0.6579199392005366,-0.9267231964215978,-0.2881007125019934,0.6579199392005366,-0.9186150509636656,-0.20410103071473532,-0.8858927252799724,0.1613132012327085,0.427652728285638,-0.8978604870465134,0.8438389507135124,-0.9573109543644645,-0.3663808073270333,-0.4277311733461254,0.563725359941467,0.29257406897492283,0.08478529258044125,0.30526152247825,-0.9267231964215948,-0.18651210040362132,-0.39330959308482616,-0.8335149252774088,-0.06501583194846516,-1.1809926572718301,-0.014822575672320027,-0.6502502726141997,0.5187030447918493,0.3961342298597004,-0.6451720714901753,-0.3395646585677993,0.3259112515070459,0
-0.8273451817328697,-0.729125197012328,-1.78746334989279,-0.8273451817328697,-1.2020091624846783,-0.3797924069366323,-1.125087403797719,1.6488109773347766,0.877642383004894,-0.8978604870465134,-0.7861106502456601,-0.6677656947410718,-1.5182366115098755,-1.4452840264731581,-0.22167248285469532,-0.6941672868244895,-1.3457264132977516,-1.0389656634573485,-0.7291251970123263,0.08191675017122435,-0.9874539267147456,-0.32239317970240156,-1.2802991889019373,1.3071472964029454,-0.02157841376700255,-0.12725065469056548,-1.5374597803549044,-0.5567543890309196,0.29045132401129287,2.190052882777456,1.5150941263947346,0
-0.6705671967454546,0.7629704467708592,-0.9187352984706844,-0.6705671967454546,-0.10762165883887277,-0.3797924069366323,0.003881532680409018,0.7631433018021015,-0.4675401731482891,0.607698256476604,-0.4466740559890621,0.3997896925098606,-0.5945225844239057,-0.6699232052449408,0.049222172156690475,-0.982561364460011,-0.8646566606074619,-0.7799150657133493,0.7629704467708611,-0.1664744203332592,-0.6332448813410501,0.4722796010758145,0.1537826641442284,0.7281187286333345,-0.3201544037576726,0.29998846981043,-0.7020680992069077,-0.24118666082554996,-0.11782257057625241,0.4752088666579425,-0.1744611183357319,0
0.22884334870866366,-2.9745165843924273,0.6479853437415827,0.22884334870866366,-0.2722474713531136,2.564014207981375,-1.0565773230370805,0.9752780299722713,-0.5237931635773418,-2.403419230569631,0.5672417062203091,-2.888659321398092,0.6141891304908617,2.0878858757500374,0.4981785770118123,3.4801628359366195,1.2127416454979205,1.4705347375933624,-2.9745165843924255,-0.8663195144158921,2.224490439242432,-2.519784021425536,-3.2108911077060442,-0.5436146171701456,-0.8241715562260488,-0.12725065469056548,-0.8051255050733832,0.09130762332059106,1.1971242585158086,-0.5114019430379523,-0.21636763290945185,0
0.7486861410353559,0.0286220095049645,-0.10356060160345738,0.7486861410353559,-0.36571557786898523,-0.3797924069366323,-0.2623678682933819,0.401950082299672,-0.39621496208199036,0.607698256476604,0.8943278933733796,0.1944983997830149,-0.34335787157244535,-0.5799338028451532,0.5739962233634927,-0.15038120924621617,-0.4114666752876097,0.43389605087379657,0.028622009504968415,-0.04270668590102571,-0.5493874448434455,0.3333916327891893,0.5584454558189955,-0.5614201880813766,-0.22053206325452374,-0.002419470165580292,0.12766353004104733,1.0026114770236505,-0.4999236052637624,1.3736580893686312,1.2038203765225235,0
3.397408940033264,-0.8569634215156856,-0.4520334540244652,3.397408940033264,-1.0748381105061968,-0.3436573011888663,-1.0048303471434068,0.1902968950937438,-0.043092494710338484,-0.8978604870465134,1.812021847344442,-0.47122205293860625,-0.934237769441516,-1.068014443498524,0.6972863169748882,0.3665680070504722,0.09681056239660336,1.1202619714648447,-0.8569634215156849,4.153796773674722,-0.8256756130521437,-0.11546930652756543,0.3924674488032142,-1.6132369344205597,-0.8600721504945745,-0.12725065469056548,0.8181840479416745,1.8568318165939148,1.1173480328569518,0.889136855268089,1.9668314397815299,0
0.9632244362812923,-0.4617667632438269,0.48232368036985784,0.9632244362812923,-0.4687664055381177,-0.07674111114867617,-0.4603613413989585,-0.022016478215782283,-0.21943396993891223,-0.8978604870465134,1.0051168962341912,-0.2423902466649556,0.474605803539195,0.04770914361868278,0.5949336509274177,0.44856153353153205,2.441445544962027,0.6497533700044806,-0.4617667632438257,0.2971970211051098,-0.06704675601602857,-0.0965481484513415,0.10703442822676025,-1.475486144255931,0.1555222727667385,-0.2400163715662934,2.594642610153298,0.16975023745700202,-0.14655273049716608,-1.3125502393821014,0.186359786006013,0
-0.09296409416024104,0.7614633563014678,1.1209792730654364,-0.09296409416024104,1.4261925784039393,-0.3797924069366323,1.5861626007722318,-0.9240553592900499,-0.2484169497175854,0.607698256476604,0.3010896420772519,0.85294085693872,0.9498448966502466,0.9449538483044169,0.41729105765181124,-0.04383552927019752,0.5169991164082076,0.5402067803900708,0.7614633563014698,-1.0815997853497776,0.5593789311093009,-0.2631136971390918,0.8121137823908656,-0.1534831932470469,0.6445142950596617,-0.34238524929745034,0.18157652300742144,0.12054299930541065,-0.26815919325108334,0.5107162064473834,0.45123999667119,0
0.2783521860731105,-0.7279552619402849,-1.0599861759385085,0.2783521860731105,-1.0092014385173032,-0.3797924069366323,-0.926187169331349,1.690362272192644,0.5569917476857266,-0.8978604870465134,0.6029795745614633,-0.8203243400104219,-0.8495466369281386,-0.7279836993898167,0.5076121090463523,-0.186814825794818,-0.28324687132660775,-0.06686238880734047,-0.7279552619402831,-0.7878801974144761,-0.6870329389766986,-0.6609940536326846,0.7903455795048048,-0.5842966543028104,-0.17712904356011533,0.1989211500360011,0.16228226296073145,0.4425919292431133,-1.0301430142741403,0.25813572407741464,0.22722628351899038,0
-0.4477774286054437,-1.930409753741349,1.1921842817589554,-0.4477774286054437,-0.5311169801084035,-0.3797924069366323,-0.43299577162392155,2.0993703477295598,-0.6931632996690827,-2.403419230569631,-0.0954104008040992,-1.7896738196351403,1.681413610663197,1.9182558004786976,0.2534843072995359,3.175738335253587,2.215459209457091,0.1306341511148215,-1.9304097537413483,-0.5194513468396306,1.711895023283797,-2.644881909101777,1.733087995979879,-0.8781413229023743,-0.5056947542534792,0.49181011754557236,-0.39762601528200026,-0.933963594557754,-0.7378462597549099,-2.0562443512186994,-1.406532785251261,1
0.7651890868235048,-0.6949296661923153,0.5198134236688366,0.7651890868235048,-0.42133462299228575,0.3688679880660635,-0.5462471296159975,-0.12737898369296388,0.12764287956824308,-0.8978604870465134,0.9032616095106627,-0.4508081416233029,0.27276249875345093,-0.316649386146832,0.5757645649693592,0.5168977455441426,-0.2269857362857521,0.6135044653096361,-0.6949296661923142,-0.016560246900553556,-0.179306110206152,-0.1356972965903582,-0.6996449691865411,-0.18305751645911933,-0.3186875981067831,-0.2510628091377944,0.3953222324242508,1.1816798246943405,-0.24745459588891144,0.90846614310939,1.0476962356378507,0
-0.42302300992322023,0.37794613606102345,0.04305285469356307,-0.42302300992322023,0.21827743782945153,-0.3797924069366323,0.34007867979613476,0.43261333783853234,-0.6347828249334952,0.607698256476604,-0.06254638064706915,0.4946785455437021,-0.12251999468943266,-0.22336237598876313,0.26943877550101253,-0.2899615538811791,-0.4067454411194256,-0.3601622024214937,0.3779461360610259,-0.5586710053403385,-0.3488809341161295,0.37760608463871315,0.5382948295754784,0.13371735939165352,1.034866475998762,-0.42758706894374116,-0.07728616493223855,-0.13234900234121047,-0.7550209783555738,-0.4045340737099762,-0.4726380702001858,0
-1.1491526246017745,1.2656141008217519,0.5708858271100269,-1.1491526246017745,2.016396691432276,-0.3797924069366323,2.1950165099870715,-1.0970488666593667,-0.24900913732313504,2.1132569999997215,-2.2970432740371822,1.0225394871288522,0.16271410742991166,0.5057362535133751,-3.2585441416665053,-0.05826730197597928,-0.02148685048882413,-1.1991589173043746,1.2656141008217516,0.5917723106804272,0.026960505852925698,-0.15474262063093985,0.6499628833416359,-0.5105471283350026,-0.5393770971829653,-2.460633565426773,-1.5142009169341852,-2.0456335060337762,0.5435049416696818,-1.8640184238583664,-2.042558727720382,0
1.7553658341124423,0.05058684633033766,0.38231450197628564,1.7553658341124423,0.10802687981419944,-0.3797924069366323,0.22634432627515066,0.41461190941120496,-0.5753792272901166,-0.8978604870465134,1.3377412834251803,0.11517671058406577,0.07668038998712444,-0.2074319439691574,0.6464013337737077,0.01142036759646008,0.6337199091595981,1.2691115359790808,0.05058684633033993,1.5522260931277636,-0.3173231288273671,-0.14144738100659687,0.7293899351181656,-1.5111101047319364,-0.2429585981165698,-0.5427845976983852,0.861666885526335,0.9015264061440862,0.802417450230299,1.4782448130898447,1.6180720106637607,0
0.5671537373657173,-0.936066065343778,-0.39686634809295956,0.5671537373657173,-0.9315548890462787,-0.19535621108378115,-0.9018871406861364,0.5770840053817937,0.304399097432798,-0.8978604870465134,0.7908970638240936,-0.8139698923150617,-0.6397574435253897,-0.7056868423634519,0.5524320576267508,0.5701515065801954,-0.646286089662593,0.2872279650774046,-0.9360660653437763,-0.330317514906217,-0.5938592853250494,-0.6098707591359835,-0.1625601862757582,-0.1548684764104885,-0.05646640394146311,-0.813539746083569,-0.06419356388032757,1.0529588591061358,-0.7300706580957048,1.2650548056229225,0.8817873438553593,0
-0.7860878172624973,0.2475653363769262,-1.0322571947922683,-0.7860878172624973,-0.6777074569593599,-0.3797924069366323,-0.584218345161099,1.42290071615831,-0.4493446261374623,0.607698256476604,-0.6860489162337158,-0.18395440613340686,-1.1914502495390276,-1.3097447703237102,-0.13287506593037388,-0.9596834208489552,-1.32871461634959,-0.9508339232564427,0.2475653363769266,0.0165506526700443,-0.9641812890667605,0.06277315655616439,0.31925364718801647,1.638009611816601,0.3454100804191808,-0.6594257045075973,-1.1613156744211022,-0.1083941691182239,0.16732724532012289,0.6958915486734825,-0.04959100403069203,0
0.7074287765649835,0.753595457527442,-0.3539566413561055,0.7074287765649835,0.15412583718501086,-0.29416131600495143,0.24799278623692736,-0.8452661564893458,0.9568837997152208,0.607698256476604,0.8716678823563512,0.8849003528203933,-0.13585350878997554,-0.08241880441978916,0.5694453442307386,-0.6866861105321541,-0.11441413363641069,0.7960578760145652,0.7535954575274451,-0.10807278340220552,-0.16803671795937802,1.0772049321077868,0.11568634797426136,-0.2043597094144301,-0.30131201390125883,0.12765672211254891,2.0710751862716594,1.080626018929743,0.03058636979062394,-0.1134164046759824,0.27806154758666346,0
0.7486861410353559,0.1372767202287362,-0.4237219923375622,0.7486861410353559,-0.464103058412008,-0.3797924069366323,-0.36386428423506867,0.3902712068177531,-0.09588549687383033,0.607698256476604,0.8943278933733796,0.3016423200170957,-0.29415765725241283,-0.5694063875684641,0.5739962233634927,-0.531397825682196,-0.6451624868538951,0.5005038677253063,0.1372767202287407,-0.04270668590102571,-0.49951733747600385,0.5208357835873553,0.4547123024104677,-0.273365618673018,-0.8156529762143936,-0.002419470165580292,0.4730830535129311,1.0103302990863718,-0.41106517086346794,0.6093575762198332,0.7238507426359869,0
0.6744228849886855,-0.4027133119122063,-0.6890018784709027,0.6744228849886855,-1.0232088372670698,-0.3797924069366323,-0.9406371863652306,0.4089787873152263,-0.24432545843718312,-0.8978604870465134,0.8531944354390701,-0.3180147494588401,-0.9035678104317543,-1.0767159550066205,0.5656646138742968,-0.11479174507362461,-0.7586957637245042,-0.07751527654614633,-0.40271331191220305,-0.1603656614031494,-0.8374738852542251,0.03391626479781982,0.598169707995092,-0.5856827242681087,-0.1378732579328107,-0.3865154225501434,0.2993518174538856,0.8595832074350448,-0.782976811998376,1.03188067096823,0.8783267228796005,0
1.6893540509598466,-1.5972202975976202,-0.7727726385338951,1.6893540509598466,-1.185266755081349,-0.3227050129821784,-1.125087403797719,0.045568854964162665,-0.11140412082067352,-0.8978604870465134,1.3135872281068472,-1.5055838491114901,-0.9670423349944363,-0.21274479893031212,0.6431695861813519,1.3695686303897512,0.17329903339167788,1.4111258005107385,-1.5972202975976182,1.4476403371258755,-0.3263803405286759,-1.4024005820417107,-4.063307273653524,-1.0845491439674535,-0.7566278756596853,-0.2122197802916036,0.04766107979652646,1.2208831942114817,0.9940324241861799,0.7878523128289351,1.2130066071077958,0
-0.9841231667202848,-2.053456245987571,2.5803927079895455,-0.9841231667202848,1.1525821332381152,3.943280244341561,-0.004013354987270204,1.043774800968864,-0.8819629404342303,-2.403419230569631,-1.2817309924282496,-2.73388463090145,2.8824200857748576,3.3091861798588407,-0.8045064375761511,2.331175065333574,1.1020015580981606,-0.4604011495064349,-2.05345624598757,0.3303079206757077,4.087748652438495,-2.900579304965984,-1.4301307203837816,0.532258099993401,1.6753451024073958,-1.046462104374526,-1.4374401086899837,-1.6552018266723172,-0.48261783820538445,-1.7189768184214116,-1.6790247660089408,1
1.903892346205783,-1.9593012339533449,0.7508004841688976,1.903892346205783,-0.6714103607572282,0.3119637166733434,-0.787008937380991,1.3097490424957894,-0.49842934336328115,-2.403419230569631,1.3902068354368489,-1.913888345670413,0.6446225233589656,1.1032106911582673,0.6531791438352199,2.533149659777427,2.0104460436510068,2.847593178232516,-1.959301233953344,1.787544044132011,0.9732141667404752,-2.080752712770778,-0.5357657297506958,-1.3790658184196543,-0.5066279274813794,-0.36485361426944957,0.5764535252064057,0.950715414286419,3.226663045374014,0.02765744279707974,1.0170205439798314,0
1.128253894162782,-1.8436442095360435,2.61232973119151,1.128253894162782,0.9282159677154218,3.428272578025177,-0.07965675966479194,0.8400834691352923,-1.0209493342610387,-0.8978604870465134,1.0832799293696016,-1.851386192673147,2.920506482116572,2.7015620097853614,0.6084758252634127,2.173763648301975,2.6135558373966767,3.6590305453132985,-1.8436442095360426,0.5586614111098294,3.1266379395113764,-1.6239320127787296,-1.487322997407519,-0.9901410169779143,-0.2934169992328239,-0.23221251572714396,2.1884085772510766,0.14895914919313255,4.648776832590069,-0.8843951265108437,0.0800869887379565,1
-0.6128068864869333,0.08085985119908567,-1.3744330493152985,-0.6128068864869333,-1.0487517408695852,-0.3797924069366323,-0.9669872174270148,1.1024233474700253,-0.5980200755176129,0.607698256476604,-0.34419120313379753,0.04216270971564192,-1.1780049389899803,-1.193674613113493,0.11575770145773322,-0.9909206130871275,-1.111031663913475,-0.8381241895011589,0.08085985119908655,-0.2579869568349111,-0.9504203031419963,0.5351737512883814,0.31285969847613126,1.2570177659913255,1.3822965039845474,0.6505436488881682,-0.3497307491832815,0.007798133403300112,-0.011962795867856101,-0.4103004901594949,-0.6414576484124376,0
-0.5467951033343375,-1.2613368236226046,2.988836589540508,-0.5467951033343375,1.4390082658126233,2.937914511486167,0.5956309036787837,0.49912224927921534,-1.079614481355839,-0.8978604870465134,-0.23777430842405867,-1.117130886323148,3.1059756564204988,2.4308193249770254,0.1785354101670179,1.6157763790670754,2.6343942302877568,0.25097906038256007,-1.2613368236226015,-0.36257271283679887,2.749110177990944,-1.5477980492934487,-0.631491004332028,-0.3942726094542205,0.060159356431640686,0.5781906904157316,-0.30555593016231236,-0.9433668373320607,-0.5465791557543688,-0.9609221923750672,-0.786123059234946,0
1.0127332736457393,0.2622437485624664,0.28981163403684346,1.0127332736457393,-0.028335962770547393,-0.009243322541358661,-0.026434835963479154,-0.8615774874435828,0.5640608868835983,0.607698256476604,1.029159942575958,0.3034181584748503,0.687067812740687,0.19356980550309785,0.5992031291635297,-0.16186119041675479,-0.027359875421524796,1.391019838327941,0.26224374856246874,0.3756363381065256,0.13730841561913218,0.44882978583239697,-0.08124110471790669,-0.716266682372668,-0.504122328505175,-0.01694528072848942,1.4615671887992547,0.9294560293451365,0.9581536332906134,0.0846442020697028,0.506099664377656,0
-0.505537738863965,1.514308870421844,-0.5813762577967033,-0.505537738863965,1.5566244265869973,-0.3797924069366323,1.7207159508749588,-1.2384964524952513,1.03370158774361,0.607698256476604,-0.17618123023542795,1.6579296836455275,-0.1503678000406416,0.7452841678689461,0.21216632554699685,-0.9303587097682218,0.581320921396677,-0.3680518837843636,1.514308870421845,-0.4279388103379788,0.4414844118963638,1.1524233206619188,0.11636539027244751,-0.5771628843721227,-0.26183419948802483,0.2060897611288918,0.35936311972478874,-0.647661180314061,-0.7109212578681056,0.18032854321941025,-0.17018932630108646,0
0.48463900842497254,0.1531666440718879,0.029666053997154492,0.48463900842497254,-0.15390271987529763,-0.3797924069366323,-0.04386195861797335,0.32825083526002846,-0.5006870865183285,0.607698256476604,0.7404293772303489,0.1976845791306355,0.14224112076605055,-0.15554097751553095,0.5411436210174664,-0.1040762108371043,-0.06442277008316691,0.528717659142758,0.15316664407189026,-0.4610497099085768,-0.2644335434203547,0.1691629036653014,0.5531472308153121,-0.1404420021119026,-0.19311027401413142,0.016512273459056905,0.6051531619613086,0.8973058629015211,-0.38292552441409666,0.9327203887735718,0.8847930893935829,0
-0.25799355204173063,0.36760674750681466,-0.11939984943827091,-0.25799355204173063,-0.2634657788748934,-0.04292960294092897,-0.2588029115350995,-1.4154418250724026,1.737303894162125,0.607698256476604,0.13436722277296587,0.22368227141428643,-0.1662689463091605,-0.5503178407512934,0.35558411344838065,-0.5838044795367315,-0.6450887762583609,-0.3543085678619451,0.3676067475068168,-0.8201353953450581,-0.448743263840023,0.5334053069597635,-0.2861028499754697,0.09412753717933812,0.02266198369424391,-1.3807208133505118,0.5061983532045031,0.15227615258671384,-0.7788526938248965,-0.5327369717338304,-0.5319673937152096,0
0.4516331168486746,-0.6644735675963618,-0.8701130587239514,0.4516331168486746,-1.2020091624846783,-0.3797924069366323,-1.125087403797719,0.28034807653411975,-0.5405172443524525,-0.8978604870465134,0.7195692705293142,-0.776715683746951,-0.849665143410349,-0.7839954031739339,0.5363228587166928,0.1383394566245263,-0.18522759834150826,0.1949877732912255,-0.6644735675963603,-0.5133425879095207,-0.7037004127377181,-0.46501232242543483,-1.2802991889019373,-0.3006846975203947,-0.06416211717281094,0.019290301056153626,0.5768170411506964,0.6085434970934582,-0.8688504365584744,-0.16009719427821203,0.23435689022297548,0
0.3773698608020043,-0.30086987301452517,0.3011387570432354,0.3773698608020043,-0.8095772798642127,-0.07100150327390425,-0.8136779457948167,-1.046330449011168,0.2793859497160954,0.607698256476604,0.6711209694844033,-0.2823597121923737,0.22283127791116222,-0.3312274315443024,0.5247639854727884,0.0933209772404332,-0.5611899996700686,0.4675635390858588,-0.30086987301452256,-0.6310015634116445,-0.23640081383234507,0.075716274351168,-0.6910420921172429,0.5442826413879984,-0.7080210483671739,0.1791531618707569,0.6092291245414515,1.071373133291364,-0.4573885167455955,0.447093326308842,0.5954552263331243,0
-0.45602890149951814,1.0532407322800907,-0.8273624631024784,-0.45602890149951814,0.4000838840895936,-0.3797924069366323,0.5276300083661384,0.22981405987557418,-0.31619980760931937,0.607698256476604,-0.10658903650239755,0.6395509865669324,-0.6954258737880588,-0.6307151280079293,0.2479468458275483,-0.9393493428382449,-0.7933217536447275,-0.5436972785494527,1.0532407322800923,-0.5063781273393946,-0.5892411158016342,0.5629093565981079,0.09881250932074355,0.8981436299781008,0.03438319454907064,-0.43997207571706665,-0.195159499563212,0.29660849704937897,-0.47338032984952866,0.5745779462579107,0.10549288507939017,0
1.128253894162782,-0.5907044706511458,-0.8830463770150679,1.128253894162782,-1.0779183782011774,-0.3797924069366323,-0.9970754881896056,0.8445242710912673,-0.21852574971412758,-0.8978604870465134,1.0832799293696016,-0.43278322514020334,-1.0162141387214152,-1.0819275726004187,0.6084758252634127,-0.06882896262398226,-0.8285503725525227,0.24105333221636896,-0.5907044706511452,0.5586614111098294,-0.8669714720315976,-0.08006674939898638,0.6877868429969064,-0.5404583750896876,-0.65264772824954,-0.23221251572714396,0.5955510447531767,1.26813095747449,-0.5407167277970878,0.9984018074392114,1.1420582439723843,0
0.2618492402849616,-0.16224078786501456,0.7210958724536668,0.2618492402849616,-0.06507231191618883,-0.2690304523619581,0.014265026243334833,0.11072435493755446,-0.5665404647072755,0.607698256476604,0.5911966778472257,0.1307872774167478,1.1758417622278168,0.6461727815097146,0.5045359572959571,0.505748336759221,0.8406259264666726,0.6361191280179543,-0.1622407878650137,-0.8140266364149481,0.49052357804773294,-0.1833681744284312,0.6185012771785091,-0.4553056210669294,0.09475008041423048,-0.12725065469056548,1.0475764082128591,0.12382859136483064,-0.18804111682309985,-0.8031214367736368,-0.05569825835714669,0
-0.8108422359447207,-0.9453898616259895,0.014054840825804348,-0.8108422359447207,-0.7592655000410761,-0.3797924069366323,-0.6683535320601288,1.1986841912606014,-0.2849949718441148,-0.8978604870465134,-0.7449771846820037,-1.1010906471064006,-0.19793446448264435,-0.141376982502439,-0.18418024015331114,0.883806749651443,-0.5352323732898033,-0.7471565269670555,-0.9453898616259876,0.05577031117075219,-0.23718626598599787,-1.238476498104147,1.0149578933658752,1.202857523922878,1.0741301536999373,0.9962300060342743,-1.273849631534543,-0.39336720057799746,-0.14718253436599474,0.2512516757014408,-0.4993210445889,0
0.7486861410353559,0.28473668478242686,-0.590932077745528,0.7486861410353559,-0.4886999285477636,-0.3797924069366323,-0.3892383882204903,0.21554683792655452,0.05614032148467524,0.607698256476604,0.8943278933733796,0.2867273236788472,-0.27348337435120906,-0.5143227421137058,0.5739962233634927,-0.6674751886950459,0.031768983495224036,0.21763879397817448,0.28473668478242886,-0.04270668590102571,-0.49178948274824047,0.4739323247268785,0.3531256402863368,-1.1247168525915996,-0.8240224380608818,-0.002419470165580292,1.7502099917810998,0.4391652528323204,-0.6989747753121769,-0.8121783291939458,0.12916236837289488,0
-1.0253805311906572,0.9081153695216176,-1.874239320939472,-1.0253805311906572,-0.7750777736997762,-0.3797924069366323,-0.684665456050757,0.49506227010313075,1.7914955695752364,0.607698256476604,-1.460806120176158,0.48386865542986746,-1.3342459580761887,-1.2333727492715023,-1.089350099658068,-1.0757072777335956,-1.0026895799666147,-1.2027219992101867,0.9081153695216168,0.39567401817688774,-0.9112878288608408,0.9454719479146468,-0.10594394215235092,0.23314432935734916,-0.12479943190143468,-0.12725065469056548,-1.238675691978791,-1.4126158581661816,0.5333446803543165,-0.633738641927072,-1.0616534107557294,0
2.6300219608843376,-0.06559813546296446,-1.209543365971067,2.6300219608843376,-1.0624180077651986,-0.3797924069366323,-0.981085323218033,0.6533169756809282,-0.2268587325784128,-0.8978604870465134,1.6156247993583548,0.07384396496193091,-1.4145306707777803,-1.4147043896721367,0.6788577542593555,-0.7948852037452939,-0.7759494283598024,0.43611388757027153,-0.06559813546296246,2.937987360152777,-1.0243906797472675,0.5836296472624567,0.3928489235210489,-1.19369779331644,-1.0262098624895815,-0.06284730471270833,1.6067253807447328,1.7721790511204323,0.37807488131138695,0.636309437890529,1.8340472439476891,0
0.06381389082717406,0.7279411900873832,-1.0999216529341913,0.06381389082717406,-0.4175227355924206,-0.3797924069366323,-0.31581207481267626,0.2017879744717991,0.11757338820095387,0.607698256476604,0.43886911026850184,0.4664438985627623,-1.085166019569162,-0.9777306618760674,0.4616236403779665,-0.910373281672983,-0.8611301328147861,-0.26973990956685145,0.7279411900873847,-1.1277839044206115,-0.8201327406754655,0.7967166745111479,0.09070448046138518,0.4205061746132633,0.07424838335818043,-0.12725065469056548,0.12275899026868271,0.9326243706652946,-0.8655703874917059,1.3016239986923117,0.5515102219890254,0
-0.7365789798980504,0.6162444246437301,0.28641681714371636,-0.7365789798980504,0.22109546679832875,-0.3797924069366323,0.342985755358821,-1.2011429266958245,0.5444982130588544,0.607698256476604,-0.5769672074240032,0.3349760671906385,-0.09381776244775282,-0.3549413056458393,-0.0449233386910395,-0.3408895174642061,0.41006092377541514,-0.771807236478695,0.6162444246437313,-0.06188866433137149,-0.3871645688839397,0.19364488477301373,0.3648105317601988,0.7356974838518883,1.98181859274425,0.35424105704865055,-0.21897499043073235,-0.39344220885913395,-0.12160955991654765,-0.9192738382680906,-0.947756403561223,1
2.712536689825082,0.3873406802520531,-0.640126097775367,2.712536689825082,-0.4688587942178816,-0.3797924069366323,-0.3687702960243497,0.060845454768171096,0.03358934577967538,0.607698256476604,1.6385228477284202,0.3745055096475069,-0.45972294852019957,-0.5876612232863709,0.6811812535488224,-0.6494824230243239,1.0568958280593468,1.2969617476102253,0.38734068025205626,3.0687195551551367,-0.5664083950290667,0.6422850067781544,0.2940162366719891,-1.6186575582883116,-0.7698335955471525,-0.19031505768343432,2.51927674882053,1.4291840914740275,1.036253045762565,0.2664069612618998,1.533924279568991,0
0.15458009266199335,-0.18256026660101293,-0.366588479737435,0.15458009266199335,-0.8874281391694873,-0.26060995289136885,-0.8366239058581884,-0.7598272707751662,0.740039822293881,-0.8978604870465134,0.5113367681152549,-0.4784804410981505,-0.3024852881623614,-0.7472933776269277,0.4827870247449317,-0.3408895174642061,-0.625491030085516,-0.1606296156960105,-0.1825602666010103,-0.9839784899180158,-0.5229439511102669,-0.19815611869841823,-0.10394418864575303,-0.33051004742204443,0.12187519701335259,0.05014102858177622,0.5481146085277714,0.49814737253444913,-1.0024118715938157,0.16563897475277273,0.13813641763952314,0
0.05556241793309959,-0.768130390829324,0.6317477411672664,0.05556241793309959,-0.4501803017313915,-0.12343769446191467,-0.4270601658591377,0.6062204618742095,-0.5295061048466506,-0.8978604870465134,0.43203581290970455,-0.635295377534544,0.7414213789322369,0.2692754630512141,0.4595544930213326,1.045559086817661,0.0634111876424222,0.35605361862538926,-0.7681303908293231,-1.1408571239208474,0.19533171264829058,-0.7799857786416784,0.43534904927923723,-0.4107975364700362,-0.1784206416651713,0.0635290801495019,-0.12344417994901126,0.061523399376082755,-0.6114329236272046,0.23228525979061995,0.1307058466377206,0
-0.5880524678047098,-0.42151893492209,0.3185685845572484,-0.5880524678047098,-0.537893668819275,-0.3797924069366323,-0.4399865961913337,0.4016229749776277,-0.5248295104653021,-0.8978604870465134,-0.3030577386600485,-0.2166440015908573,0.12665143220774736,-0.38309398054483007,0.14075252992532072,0.47557466061289333,-0.44429926721183927,-0.7045813339904629,-0.421518934922089,-0.2972066153356191,-0.3099998567651695,-0.16545689246127798,0.7815716609946067,-0.8024454400353095,-1.0262293411274348,-0.5017442082655142,-0.26433828951215155,-0.9298949850013883,-0.20599271658103613,-1.6962453112909517,-1.3519498451716547,0
-0.40652006413507125,0.44447870054830513,-0.7875082223372128,-0.40652006413507125,-0.737773089242843,-0.3797924069366323,-0.6461819848884012,-0.983571445688627,0.7972925199984814,0.607698256476604,-0.04117496216199085,0.210189921426609,-0.7370858045597671,-0.9070065061484776,0.27955876180356787,-0.5620482608462554,-0.3983967126590201,-0.7913678289820314,0.44447870054830607,-0.5848174443408105,-0.744734387790614,0.5983227807284145,0.1826362763774021,-0.3675888913156767,0.057421983148284235,0.1672539845285676,0.21641341766455002,-0.284356950907121,-0.08110353911796561,-0.9795188931602634,-0.8859168154412249,0
1.3675466080909418,-0.4893915203944187,-0.029019490585028403,1.3675466080909418,-0.7885032890703707,-0.31570372881795294,-0.7179048483335466,0.43303562196342316,-0.4899865584333189,-0.8978604870465134,1.1875019727634073,-0.3613840553558001,-0.4396613536608561,-0.6980489886072136,0.6250862815519556,0.5672343183404168,-0.4527132288718287,0.7281048139537183,-0.48939152039441747,0.9377847766166727,-0.6136607277707139,-0.14967368399272743,0.4723287592039649,-0.6064380466116592,-0.33650556566209794,0.0635290801495019,1.0459058924405225,1.4254205561141247,0.0021627733460821644,0.7771493464125923,1.113965343498389,0
0.15458009266199335,-0.4913683918159428,-0.02692251258154247,0.15458009266199335,-0.8175212450994448,-0.26060995289136885,-0.7645080313733057,-0.107323739679153,0.006667460020921629,-0.8978604870465134,0.5113367681152549,-0.2274136759230164,0.2554662217751475,-0.3350811058288883,0.4827870247449317,0.1618805290359025,-0.4130765728268952,-0.004399381519734754,-0.49136839181594183,-0.9839784899180158,-0.21987114128227242,0.07520377029569195,0.20867466372644727,-0.4868777679056368,-0.4236182038081137,-0.6594257045075973,0.4965733375206261,0.1679403915433535,-1.1235409668052112,-0.254577310137719,0.13208455578121003,0
0.9632244362812923,0.13416075932640834,-0.45714748388227866,0.9632244362812923,-0.6465222254039507,-0.3797924069366323,-0.5520476948332703,-0.12009078100882392,0.050334418369690576,0.607698256476604,1.0051168962341912,0.10780259852595989,-0.5713619759235012,-0.7622523070070178,0.5949336509274177,-0.4119127954084593,0.11447624840106978,0.19266086265885835,0.13416075932640942,0.2971970211051098,-0.6801731611567039,0.409642621868525,0.3982521064097243,-1.1765341073612157,-0.059705970488924995,-0.2400163715662934,1.8732256402916956,0.5692933255646265,-0.6144848296748218,0.10636982060815028,0.6665317432295751,0
-1.1986614619662213,-1.7187231343793645,-1.5125408455864946,-1.1986614619662213,-1.2020091624846783,-0.3797924069366323,-1.125087403797719,0.25164469723015415,-1.9346086150958732,-0.8978604870465134,-2.9717387635860164,-2.030929219551178,-0.6960495353594497,0.726295327089669,-6.729254608880008,1.7585897975911922,1.9710070773669304,-1.3020519968293596,-1.7187231343793634,0.6702116276818432,0.21513313884041432,-2.10681936527306,-1.2802991889019373,-3.864680633213087,-7.302450742307408,-13.127526871649446,-1.9409961493229793,-2.717911086310074,0.9849589389229597,-3.1787694154109376,-3.0823146693069448,0
1.0127332736457393,-2.0557422282131883,0.7900799214169618,1.0127332736457393,-0.5934378737440178,0.954184296886353,-0.9008725940356291,0.818019373888244,-0.49357759862076944,-2.403419230569631,1.029159942575958,-1.8380823980023866,0.9084530958550556,1.1252303307179943,0.5992031291635297,2.3391912590819675,0.7633838508706277,1.8649460897795944,-2.0557422282131865,0.3756363381065256,1.0979213403289956,-1.6485711178210578,-1.9918543384103076,-0.8747020397878845,-0.7903065331670242,-0.01694528072848942,0.050163148046593775,0.6690020685813348,1.7218086164249753,0.5674865226516048,0.9092760908844547,0
-1.0088775854025083,-0.847600621974595,0.30629598104855715,-1.0088775854025083,-0.6043052181858153,0.2995475811213694,-0.7140269192338878,-0.17978374300484684,0.5995575579236109,-0.8978604870465134,-1.3856102720409507,-1.0068393458539624,-0.37885382072822976,-0.2482906236859825,-0.9640188883420252,0.46741001883212246,-0.23008288612011776,-1.0504184267260306,-0.8476006219745952,0.36952757917641577,-0.3954279123507941,-0.8844876647493074,-0.9293424484940148,0.6872081903336297,0.4464153528224855,1.8950145346141487,-1.4883597713759824,-1.1530371881962658,0.2989259041802792,-0.9627080718090826,-1.6091762719655267,0
-0.6870701425336035,-0.8011355484756405,2.4037492777528975,-0.6870701425336035,1.1368323586847857,2.8692249272538106,0.3046881946851722,-0.2693994180544968,-0.6125750342023146,-0.8978604870465134,-0.4778163876618818,-0.8197968561677066,2.6723411220667397,1.7043298524978412,0.027732435984927042,0.7453628238035872,1.242059640517476,-0.1654652268538985,-0.8011355484756386,-0.1403279813327873,2.078652497313918,-0.44718374445095643,-1.444636075283425,-0.17823545458303536,0.5739609668857499,-0.5668735219307194,-0.41843992550635395,-1.142845494386512,-0.818636151810053,-1.1701768437380546,-1.1280309564140703,0
-0.6540642509573057,0.2779324758917011,-0.6969808408657033,-0.6540642509573057,-0.3832366360478797,-0.3797924069366323,-0.28044257250217547,1.2620210625122472,-0.5462581212289974,0.607698256476604,-0.41639690200199264,0.22037662185759288,-0.8310530732494191,-1.0211358476290036,0.06953438853821782,-0.8039253664010817,-1.09695941100941,-0.8158367486005172,0.2779324758917026,-0.19262085933373113,-0.7862915087459841,0.3805286347182407,0.3909233844691217,1.052691401811252,-1.0102603273803943,-0.5427845976983852,-0.3953816475235463,-0.1751025572313255,-0.05302493714986632,-0.6442889746258234,-0.8842731143632786,0
-0.17547882310098584,0.010907855466574383,-1.4262103756314681,-0.17547882310098584,-1.1107566519046992,-0.3797924069366323,-1.0309514149663073,0.9921997134504933,-0.6934714757987805,-0.8978604870465134,0.22091325690795918,-0.1244286387966855,-1.339584717790448,-1.464104762688027,0.38879281242808844,-0.9747399518950536,-1.02763702606047,-0.772498038072679,0.010907855466575137,-0.9508675903474177,-1.0131981625874773,0.3277200610629346,0.3357341739066355,-0.006554327275121669,0.896254915949374,0.1043064280542462,-0.2091391012102883,0.3074776150470792,-0.08674026992296095,0.6616356839934359,0.16221289474555944,0
-0.32400533519432645,0.1576752341888884,0.5614012565549872,-0.32400533519432645,0.014556387858140262,-0.019080908852737596,0.020789168216500824,-0.7751885419661654,0.25765699938308007,0.607698256476604,0.059814584224722314,0.17652697118811678,0.6277372449355058,0.06571349446988091,0.3247852492618865,-0.022251727612877883,-0.3618097918974575,-0.21851151767614338,0.15767523418889068,-0.7155496393431703,0.05943138522820139,0.18010528101997875,0.040111967763231525,0.4646489086368199,-0.4167159643188849,-0.39569293645667847,-0.008380727016347412,0.10050082531598828,-0.95166142454802,0.24680757917443918,0.010408896948231942,0
-0.3075023894061775,-0.2380881872530138,-0.0055178404762834575,-0.3075023894061775,-0.5263438341468332,-0.2025732796171536,-0.481688384480418,0.16194429200303845,0.016057376649384406,-0.8978604870465134,0.07893625728406307,-0.17582226716575994,0.04116288692223633,-0.4545601759699992,0.3328866896239888,0.07444226007936189,0.18755755622930959,-0.5006130738720297,-0.238088187253011,-0.7416960783436422,-0.3612001958777938,0.011169550953100266,0.21404602704310705,-1.2805440656788185,0.9771869209716009,0.1365230656535262,0.4912612386437415,-0.6555339966310031,-0.477135012235503,-1.4136841324471354,-1.0344524229043526,0
-0.728327507003976,-0.14430390287460948,0.6890676878420909,-0.728327507003976,0.012076974372387169,-0.3797924069366323,0.12736251010770422,0.47231354700481704,-0.8136675031647146,0.607698256476604,-0.5598029556315302,-0.4331718593931516,0.6729203649809542,0.2957891247533116,-0.031868004178954634,0.6809664304104137,0.19871964438883571,-0.6981096137941917,-0.14430390287460917,-0.07496188383160746,0.08380750787220272,-0.9659971449830139,0.8254412535455969,-0.6267284785307846,1.455232554578619,-0.12725065469056548,-0.8514388642865571,-1.0175917420750165,-0.21843470168212112,-0.40540413131133934,-0.4888504598270575,0
0.5836566831538663,-1.071150206661335,-0.5727464834991671,0.5836566831538663,-1.17520629502733,-0.3797924069366323,-1.097437595418986,0.4623098565326379,-0.43900875006034756,-0.8978604870465134,0.8007161148343129,-1.086796046523271,-0.8500372280718775,-0.5724431770177676,0.5545682550478778,0.8222973407200742,-0.12863659488862855,0.081950817728265,-1.0711502066613334,-0.3041710759057451,-0.559961131632742,-0.889080582175801,0.9250370852829805,-1.083546597510621,-0.3411490659802516,-0.5353310740569889,-0.031355513840881054,0.43904079527970064,-0.8423931835558911,0.5135537178545347,0.4830019440180192,0
0.41862722527237667,0.15792187990179682,0.12903181100204938,0.41862722527237667,-0.23037220869834932,-0.17900226268303573,-0.183495653442145,-0.45006252708396377,0.20126817456885032,0.607698256476604,0.698302111688486,0.1566607053202765,-0.3665289203337774,-0.680430741855073,0.5313121156355931,-0.09836345865608234,-1.065651404304558,0.4414948684076206,0.1579218799017979,-0.5656354659104647,-0.5689482450574632,0.3761590514208408,0.1409817710495046,0.9604611775727162,-1.7090972922829348,0.02217780757333288,-0.27415488139310773,1.629516694161654,-0.4680104780180842,1.8214581795518694,1.1642678071309718,0
1.268528933362048,-0.4543892675780206,-0.6832757601216856,1.268528933362048,-0.9676154588380653,-0.3797924069366323,-0.8832871187601713,0.7144004895086523,-0.15834627718154873,-0.8978604870465134,1.1455772966249504,-0.4231929490144507,-0.9400184426867868,-1.127594168999547,0.6185948388644807,-0.12476664679673864,-0.8671048577866628,0.30726121130294054,-0.4543892675780191,0.7809061426138407,-0.8375559187549141,-0.14192519022318661,0.6463816921129835,-0.30573817486195315,-0.6151336856961238,0.07101063837852349,0.21717838210451534,1.618311679236947,-0.4396514603825391,1.654539699008112,1.2991982263914497,0
-0.5137892117580395,1.2059734107046909,-1.5043977537467401,-0.5137892117580395,-0.006601273886952233,-0.3797924069366323,0.1080940498937747,0.31295276383915716,1.2994632684284133,0.607698256476604,-0.18822452883698287,1.0775787393732146,-1.2575083711355393,-0.5625093385796532,0.20573908394104592,-1.0022255017066568,-1.0450365321406194,-0.41531725600432134,1.2059734107046942,-0.4148655908377429,-0.5677369184941214,1.5443946457926725,-0.12506658505919277,2.154590725658046,-0.46602740130809067,0.546837741744337,-0.14654444597648975,0.6797590101757836,-0.5318123062666532,0.6876858946668307,0.10201113985730607,0
-0.6458127780632311,0.3638154993439368,0.1999440227700777,-0.6458127780632311,-0.07121791651385635,0.17102379959688263,-0.12521054945326465,-1.6272120738548455,1.7118575766124389,0.607698256476604,-0.4015680004331958,0.2093309432371128,-0.12236110811855712,-0.525841588625405,0.07927876261314587,-0.45011918453127747,-0.8446375508657927,-0.6578976894285968,0.3638154993439386,-0.2056940788339671,-0.4306724207445841,0.5977858111623249,-0.4881396891240554,1.0919542536757827,0.49237445574909766,0.6925865842167496,-0.5732289252262438,-0.01266623077828899,-0.2916846615635556,0.4969735756072862,-0.1290017402439665,0
-0.33225680808840097,-0.8094328830290253,0.3564753565683058,-0.33225680808840097,-0.7750777736997762,0.16610579775283332,-0.8498236864558677,-0.2782405072132635,-0.009023779699485686,-0.8978604870465134,0.05012645456953407,-1.157480675371173,0.2819175117536375,0.03773716444013248,0.32062602764741843,0.6957283943443969,-0.5035613617696084,-0.0995482115963728,-0.8094328830290225,-0.7024764198429343,0.09713597113765521,-0.9948315516037527,-1.1993091718847244,0.3286403300812573,-0.3854611375712667,-0.12725065469056548,-0.25979022201819013,0.034238833248825463,-1.0357216888631156,-0.6899336152757072,-0.6709337175930353,0
-0.5715495220165608,1.9752431522308527,1.296122422917998,-0.5715495220165608,4.342955140046942,0.6023858890508401,4.297939470869693,-3.902840055642181,3.338787408685148,2.1132569999997215,-0.2764733123538397,2.1129718033883806,1.4677610097485843,2.754049377313716,0.15641194053151478,-0.43827500376496853,1.4715725499909469,0.3302030958189354,1.975243152230853,-0.323353054336091,2.1611756818098753,-3.3946780361849136,1.78031706023988,0.2059171728545354,0.5286866675009779,0.23821895783438077,0.20774841993390608,-0.5444662269465963,-0.4162510965187532,0.44130655689510767,0.03995279843091832,0
-0.16722735020691135,-1.7534210788753373,3.0177768858925083,-0.16722735020691135,1.3337045406014072,5.024048407161109,-0.14414761108857635,0.4427364299970756,-1.1060630531842055,-0.8978604870465134,0.22920156596883096,-1.8229868010196226,2.5876789748653226,2.1144561837338856,0.3918369431678962,1.4794544795667817,1.1068587712309916,0.875209195493679,-1.753421078875336,-0.9639408098476537,2.6947752140163206,-0.6186216821863816,-2.5201924099483475,0.041379321677023524,-0.6876234586766966,-0.12725065469056548,-0.04546766452701504,-0.08728951266793529,0.3086684804523973,-0.5429233732906746,-0.7589891995441135,0
-0.8686025462032421,0.2130708117518539,-0.021350586023359024,-0.8686025462032421,-0.0574696946783449,-0.3797924069366323,0.05561824335371108,0.4138506500599177,-0.3339787282120433,0.607698256476604,-0.8962960640698678,0.46930648286064125,-0.5536024388414551,-0.696051056752807,-0.3293629672097236,-0.3721583583267333,-0.9818897603956835,-0.898187570199136,0.21307081175185436,0.14728284767240415,-0.5951695962944078,0.5322265446117924,0.5483701426972372,1.4194685178897808,0.241185277084206,0.5181531291300857,-1.5207784631394765,-0.6125373943962903,0.08142767334200063,2.7127489623292886,1.9100982861398694,0
0.5176449000012704,0.5631959666838138,0.2871618637740212,0.5176449000012704,0.5772025786840301,-0.3797924069366323,0.7103454575105506,-0.09875710397165792,-0.48852840008792553,0.607698256476604,0.7608977215090336,0.25867136328452517,0.19494623727080015,-0.010908885520768009,0.5457850061163555,-0.2144325075573809,0.2821268135648958,0.45378386518480957,0.5631959666838158,-0.40875683190763296,-0.2180111459904699,-0.24753416455430824,0.5465352346783738,-0.6662612825577645,0.383261585928348,0.01383761433069663,0.7525913326445784,0.5799806072928118,-0.4915091388085088,1.009534295766207,0.7567820343738384,0
0.5589022644716428,-0.7132991662195951,0.28896887617537914,0.5589022644716428,-0.8488204681262593,-0.009243322541358661,-0.8728457428153681,-0.4394197092484453,-0.022491448478490272,-0.8978604870465134,0.7859541651386714,-0.7971540380377401,0.18137832659874642,-0.17934050387088687,0.5513493939337704,0.42732905009015565,0.2979425304800791,0.5839817866614778,-0.7132991662195929,-0.343390734406453,-0.14045676371605095,-0.5568148421745983,-0.8808266895078583,-0.1346044664565248,0.09401138640541533,-0.6787775245009424,0.1803294801257459,1.0280593701791967,-0.2976424072785798,1.011092505306319,0.8208194829670464,0
-0.20848471467728374,0.45572424417787877,-1.1571296180422228,-0.20848471467728374,-0.6372495300763038,-0.3797924069366323,-0.5424819926048874,1.1367567564258299,-0.4751559089671409,0.607698256476604,0.18711497066059454,0.7375216656805356,-0.841904442117054,-0.6983398907071896,0.3761368988011768,-1.023633578186946,-0.6363277551403703,-0.487451485607703,0.45572424417788626,-0.8985747123464739,-0.6074678045170935,1.210886640908296,0.20287451403936924,-0.3310092907103974,-0.477750604767042,0.11159956451865236,0.07188387035832709,-0.12988007392894618,-0.5521473980934443,0.23893592396906735,0.13025378776636198,0
1.0127332736457393,-0.25896019887821337,-0.35921968526280773,1.0127332736457393,-0.832519451463563,-0.3056825900575776,-0.7663437081783754,-0.08802347311222646,0.1886365262262938,-0.8978604870465134,1.029159942575958,0.0019301146824261455,-0.3773618311381291,-0.6830624900362013,0.5992031291635297,-0.16186119041675479,-0.19521237212180514,0.34234666068160147,-0.258960198878212,0.3756363381065256,-0.5922656534667691,0.38833798504759176,0.24643464761953085,-0.9684712635124014,-0.8186717069626391,-0.01694528072848942,1.2121483916710092,0.7396140159025278,-0.5102634332871389,0.18327787066833792,0.809613774433088,0
0.3608669150138553,-2.0266309443604325,2.411180742936694,0.3608669150138553,0.7496771862463028,3.1555483472427643,-0.1813260871970861,1.0569594974860312,-0.9562639546609754,-2.403419230569631,0.6600558255339363,-2.2388353756569646,2.6411910759923423,2.754277097735069,0.5220511886910602,2.4334224345732856,1.7268297562427202,2.713250447191944,-2.0266309443604307,-0.6571480024121163,3.2200785123392164,-2.2235037490015714,-1.380999844530347,-0.20499730214402462,-0.004910908936783334,-0.12725065469056548,0.9297904186402364,0.021379895619633483,3.2338775264783233,-0.8782828601692005,-0.2279641400004259,1
-0.45602890149951814,0.29497807136021964,-1.416953834501402,-0.45602890149951814,-1.0171522724953392,-0.3797924069366323,-0.9343892408557355,0.5355739372590825,-0.46714833618404217,0.607698256476604,-0.10658903650239755,0.5312348185486969,-0.9257764780097131,-0.7363783272173874,0.2479468458275483,-1.0075283102859203,-0.2937571925237139,-0.7861322800592053,0.29497807136022236,-0.5063781273393946,-0.7347003256292135,1.1511121446807049,0.1981994196250548,-0.8522882183426045,-1.0359886760781303,-0.43997207571706665,-0.4420419082593436,-0.7337419063864699,-0.07189145749061907,0.46733585026269114,0.19032175576122262,0
3.0260926597999123,-0.23821457983648645,0.08331572848939561,3.0260926597999123,-0.6377029337632084,-0.301255992132239,-0.566710444997139,-0.04114690370518676,-0.26224756238079217,0.607698256476604,1.7213956836238098,-0.13889171213062168,-0.29328645662041075,-0.5851340949457917,0.689193968439537,0.23677068714063196,0.21918928613186273,1.6991900652020657,-0.23821457983648361,3.5655018961641045,-0.5505077598562507,0.09038208879413329,0.3932752873611304,-1.4836399576293473,-0.8651080449419399,-0.06880368390141134,1.873092239281032,1.6750185571918137,1.591850115745147,0.6106579665017475,1.7118298655533943,0
0.08856830950939751,-0.9451755994882779,0.5253661244564903,0.08856830950939751,-0.6886438115531395,0.49543089056140677,-0.8602938401216315,-0.39840234908572386,0.03135153801112876,-0.8978604870465134,0.45911564955935086,-1.05892397997532,-0.05535433751438741,-0.23142534154077787,0.4676787525811196,0.7500669118928018,0.31018480633238776,0.16233830848082392,-0.945175599488277,-1.0885642459199036,-0.16787345487125205,-0.7770818721645094,-1.834999271895667,0.02483720717990701,0.7904500450230678,0.05884736886508204,-0.07980555629972634,0.47928857669369196,-0.9339172239338629,0.17885961560673905,0.18607249625599068,0
1.7636173070065169,-0.14784647266584486,-1.005400281149919,1.7636173070065169,-1.0550327827390562,-0.3797924069366323,-0.9734667332618796,0.47480064086156787,-0.45559439384694284,-0.8978604870465134,1.3407232473483361,-0.042955494019942954,-1.118651752081976,-1.2322191995004603,0.646795368572365,-0.49749002375112517,-0.8277506869275648,0.4031372009521933,-0.1478464726658428,1.5652993126279995,-0.9312870821869993,0.4278227522073201,0.44204313377223625,-0.5983156661662883,-0.8219886753507991,-0.2930100964368537,1.0812390937076355,1.7653350907417291,-0.13251801441975442,1.2720740698825381,1.472257440841163,0
0.3278610234375574,-1.8043199018675917,2.4102887768265804,0.3278610234375574,0.6035548359181369,2.698466913951188,-0.19377849345778897,0.8431048481463222,-1.0026864319042017,-0.8978604870465134,0.6375827134587376,-2.0427460098253585,2.5851431789364283,2.5369666678892706,0.5164560453287322,2.1276388959407746,2.4033463861841593,1.6987174114798662,-1.8043199018675897,-0.7094408804130603,2.9280919483136576,-2.1184065508868533,-1.3195853911864066,-0.9886267073015539,-0.08413573035966682,-0.75920852634829,0.7370458852014579,-0.17287863981541077,1.5553552306903027,-1.0025082523583795,-0.3150650407314544,1
-0.43952595571136915,0.6706725728727068,-0.18499831448028325,-0.43952595571136915,0.4884666395727119,-0.3797924069366323,0.6188055610185346,0.3703554798430127,-0.4953589336041651,0.607698256476604,-0.08434525576372551,0.5974254250628515,-0.05089704905848739,-0.1544415874620979,0.25890990086300397,-0.7416992048838732,-0.40583740256515266,-0.39063018851405107,0.6706725728727077,-0.5325245663398666,-0.26716451830911475,0.3887431698340484,0.42505398631965735,0.45585601390157415,0.48559987108061375,0.1791531618707569,-0.3259439433623593,-0.08970107446776057,-0.7109780832740694,0.9008310430364403,0.6789194707023508,0
0.5919081560479408,-0.1948200279496286,-0.5850054562397835,0.5919081560479408,-0.8551274090969452,-0.28880937282172137,-0.7947709429874975,0.14826508025692822,0.2514193066666841,-0.8978604870465134,0.8055926656488668,-0.09210440262612805,-0.20097435814170583,-0.5415369858589216,0.5556220488649986,-0.2785612252984989,-0.6433398068418342,0.49370492572135855,-0.19482002794962547,-0.29109785640550917,-0.5006624901932091,0.28356120224464204,0.1011371677091952,0.13617664369077861,-0.20207828868593003,-0.12725065469056548,-0.09838464212116392,1.2383552813915977,-0.4320436834278279,1.2162282059002711,0.8583638406746188,0
0.27010071317903606,-0.07453703824397544,-0.13461954792296277,0.27010071317903606,-0.5558427362156372,-0.26962916562992933,-0.4918320627128979,-0.06597184637946382,0.10330233255264049,0.607698256476604,0.5971040491182281,0.2649957610256375,-0.27040571533475133,-0.5712064958903683,0.5060823470948078,-0.1462621106901515,-0.2543270304695435,-0.06820763401667773,-0.07453703824397363,-0.8009534169147121,-0.4961062900929993,0.5829757497683045,0.26231521098197613,-0.5722217761183366,0.052565458044616806,-0.2912181024720272,1.173346684158116,0.3514241361176447,-1.035305411460433,-0.22714990678541927,0.0716443316233303,0
1.7388628883242934,-2.017088346943664,1.8013674009849712,1.7388628883242934,-0.08234337151160158,1.8098158190354394,-0.6324942611385824,0.9612150089456906,-0.9172808544568465,-2.403419230569631,1.3317527676138208,-1.8755368504920884,2.125409256204322,1.9103035202735992,0.6456067512045107,2.3129564431781344,0.42007646464679876,4.990859660535816,-2.017088346943662,1.5260796541272916,2.256827920631581,-1.5917578393594773,-1.6441849936748374,-0.3793703131212115,-1.2342548299033558,-0.043685977446571524,0.5072234505184987,1.006410076560572,6.749568690798496,0.2896513468756519,0.9973088055922713,0
0.4433816439546001,0.6092691668124444,0.49838886188492604,0.4433816439546001,0.8290236579483514,-0.3797924069366323,0.970123803930547,-0.3179647832046048,-0.36839032708755765,0.607698256476604,0.7142912587265098,0.5100812846997899,0.201958943313664,0.053667841408023394,0.5350884159430732,-0.27311506384712647,0.22425756539709002,0.6453176966115307,0.6092691668124456,-0.5264158074097567,-0.13947757510913386,-0.06542560794064108,0.6241572406645823,-0.4794305966454729,0.3511285728368246,0.1672539845285676,0.8207998940529194,0.8034247911778091,-0.19386261110627645,0.6938742366615125,0.55248475388616,0
-0.2332391333595072,-0.19563480416051598,0.16479288465042247,-0.2332391333595072,-0.38257633562333393,-0.3797924069366323,-0.2797614073156468,0.523719693890788,-0.5573835984448822,-0.8978604870465134,0.16106016668625944,-0.15139901098786201,-0.28592132814915033,-0.5953626311323041,0.36610912852823924,0.2576314001745708,-0.9391750561339768,-0.1525945024186177,-0.19563480416051457,-0.859355053845766,-0.5508520359130703,-0.13798081064132572,0.6975224416212138,1.3369818843445285,-0.38117572175182035,-0.12725065469056548,-0.6146662841586968,0.9036674746469456,-0.9221238731385996,0.9312885631574057,0.2923584374995384,0
-0.5632980491224864,0.7285024803659947,-0.3474889822568698,-0.5632980491224864,0.2922506982624792,-0.3797924069366323,0.4163894133166481,0.007123682928043803,-0.08699536996812263,0.607698256476604,-0.26342037261256,1.102399474221655,-0.42504035788054056,0.017026337449692158,0.16396201350236503,-0.7607853804752859,-0.3919675534646728,-0.45254782612219574,0.7285024803659961,-0.33642627383632695,-0.19155598110171526,1.3165932290277946,0.3073622558005686,0.16991638367257073,0.8647159389196322,-0.12725065469056548,-0.9626819495270905,-0.41939482609590356,-0.6101263229149059,2.190679706045126,1.4949176545880207,0
-0.6540642509573057,0.5621145128434059,-0.20542512013597075,-0.6540642509573057,0.27178138510155914,-0.3797924069366323,0.39527329253425936,0.5370035146164168,-0.7272577220726434,0.607698256476604,-0.41639690200199264,0.3408805174858297,-0.19048989506213312,-0.300495176478476,0.06953438853821782,-0.5321434550685678,-0.5206358980784426,-0.681494017559945,0.562114512843406,-0.19262085933373113,-0.43911031764646513,0.09447743137514704,0.42343625998743123,-0.37431883081142453,0.48455141013486025,-0.5427845976983852,0.2570354454647177,-0.7579729685966761,-0.2606071067333975,-1.4313405337972358,-1.302239564577721,1
-1.1491526246017745,-1.9259687757127755,0.5129271074277066,-1.1491526246017745,-0.742236897639399,-0.3797924069366323,-0.650786844685606,2.5681583948699647,0.33191451437496317,-2.403419230569631,-2.2970432740371822,-2.049934561527899,0.9867790251814692,1.6106994452894667,-3.2585441416665053,2.9940526252968698,0.3861473640927417,-1.1169171696416482,-1.9259687757127733,0.5917723106804272,1.2650514979128773,-2.59238342156142,1.6150939194634222,-0.2259710587383619,0.2258419361252041,-2.460633565426773,-1.8285909592701397,-2.0630801972277117,0.4116250121429373,-2.696503713698014,-2.6960106477677552,0
-0.8768540190973166,-1.5664426413995982,2.9136915364943103,-0.8768540190973166,1.1368323586847857,3.1645901394529417,0.21532721977999145,0.6630222560001373,-1.0987702859300608,-0.8978604870465134,-0.9197358380434665,-1.437502822751755,3.0502214635750775,2.621446899850463,-0.3537103810639017,1.7996665667987979,1.0337894284354794,-0.372414841220052,-1.566442641399595,0.16035606717264014,2.855185880296712,-1.4349717935994986,-1.0630402543637,0.60941222262061,1.2235347449415075,1.1916179470298998,-1.1330382158462415,-1.2734083698719338,-0.6041380346755204,0.10535517672019896,-0.10804273246782913,1
-0.03520378390171969,1.6380961318669363,-0.49526780104863294,-0.03520378390171969,1.9480521655768968,-0.3797924069366323,2.124512372821757,-1.5320399884490281,0.9337779550637906,2.1132569999997215,0.35389825206261577,1.6031862419407124,-0.4913552034526105,0.6672463530744306,0.4349484163478593,-0.8075980949326022,-0.0024189338292388714,0.5488963372828168,1.6380961318669365,-1.1731123218514294,0.20525571759095973,1.2320029726610624,0.16363711449065757,-0.05875310936037914,-0.11216909896323539,-0.9470878935978806,0.6454857489862542,0.3785025032688052,-0.270830366194105,0.5070235325692628,0.3547496031624716,0
3.6284501810673495,0.6441572384989959,-0.34367049977501984,3.6284501810673495,0.16099814292658024,-0.3797924069366323,0.28098942262416987,0.0850730213648237,-0.2601606817734728,0.607698256476604,1.8648304344417668,1.0059423073045748,-0.494424977431126,-0.1713259871995365,0.7017006566489017,-0.6400298556819812,0.8775764550065632,2.547530780593046,0.6441572384989988,4.51984691968133,-0.286197308224503,1.1876173043125657,0.3231968154125965,-1.938753282812028,-1.168591506582371,-0.12725065469056548,2.1698963683352326,1.4606927865491552,2.8260121109440246,-0.09828591726799156,1.8945461465675832,0
-0.043455256795794164,0.4238020434055631,-0.31263877900772374,-0.043455256795794164,-0.14484572358873013,-0.3797924069366323,-0.0345187712814321,-0.02244990502668332,0.06010087565592847,0.607698256476604,0.34650902123989474,0.5592883776495244,-0.3169464692571207,-0.4128952604698301,0.43252889489388346,-0.6258188530788673,-0.1667909000319221,-0.23240026551308482,0.42380204340556515,-1.1600391023511933,-0.4309782991791258,0.6991728633419613,0.37296810062298635,-0.6000006554318928,-0.1664927515766561,0.07910293605481379,1.244582302373592,0.09227826664528291,-0.9225693585503376,-0.9698241904740884,-0.6356196108697048,0
-0.7943392901565718,0.5376637856381454,1.7115793485993582,-0.7943392901565718,1.6797777118134112,0.3480718659826552,1.6275497696207937,-1.0160913453440579,-0.12412130167225804,0.607698256476604,-0.7053398175446092,0.31710792009333993,1.919706494296449,1.3176829576282736,-0.1493660147877476,0.10524983698506617,0.07086653455742756,-0.4489483862377528,0.537663785638146,0.029623872170280265,1.1854077301970818,-1.1198548872173684,0.4717951894563877,1.116482336053499,1.0666494318676276,-0.12725065469056548,-0.411410580855934,-0.49451528925560506,-0.5370999874325794,-0.9761762245516142,-1.24077246733459,0
-0.03520378390171969,0.7333568827756058,0.0747167608483738,-0.03520378390171969,0.6961047146806297,-0.3797924069366323,0.8330047692935039,-0.09325963577590163,-0.4476659297997619,0.607698256476604,0.35389825206261577,0.9126989586737887,-0.19254267331258948,0.0030785762240842307,0.4349484163478593,-0.45011918453127747,-0.2168796479245877,0.15532121860509174,0.7333568827756084,-1.1731123218514294,-0.1861269767042683,0.7269408655849661,0.46058523628983616,0.129710952786527,0.5467284599528225,-0.12725065469056548,0.5584499061126795,0.5155112724869912,-0.9181433533782983,0.5214390637899492,0.33594855450537436,0
0.7239317223531324,1.5412508037951873,-0.3362305283424664,0.7239317223531324,1.7865105590096366,-0.3797924069366323,1.957866230431015,-1.7070412338424672,1.2589307828545657,1.3604776282381628,0.8807884985253714,1.3802622742714221,-0.1643116790133078,0.6103368511754482,0.5712884502795038,-0.7725949516224724,0.7073681974211428,1.240097869031753,1.541250803795189,-0.0819263444017336,0.1754314795710644,0.86790862042454,0.19371912081133652,-0.7487093575376531,0.31192642762912326,-0.12725065469056548,1.246127849629019,0.8330087939629425,0.7400061153205821,1.5566335593654816,1.3296208965212633,0
-0.21673618757135824,-2.1378198757424847,2.437223151430651,-0.21673618757135824,0.6954636765593312,3.3404027657619486,-0.2931792802756797,1.0932796874146882,-0.988486579084978,-2.403419230569631,0.17849905706078564,-2.344918992939535,2.6573689982482844,2.9344979967423934,0.37284736569576954,2.493407557860582,1.8150312542805018,1.249478227518483,-2.1378198757424838,-0.8855014928462379,3.3618314603903263,-2.2897571290295713,-1.6261548138969537,-0.06751545374372131,-0.2006989779797696,-0.6087423664297849,-0.18600040023289333,-0.40130324586564553,0.9419321617673465,-1.0331755975149244,-0.6408696902230536,1
-0.32400533519432645,1.0589186691555976,-0.8210410812483492,-0.32400533519432645,0.43770962275999,-0.3797924069366323,0.5664446786994625,0.3069311943041645,-0.4166719115414747,0.607698256476604,0.059814584224722314,1.3776118833081685,-0.35366963772144233,0.2575445339032309,0.3247852492618865,-0.9586566610535159,2.6720738905782175,-0.5957982619272985,1.0589186691555983,-0.7155496393431703,0.06490113192480815,1.4504900888093017,0.10640793173424355,-1.7260981134253581,0.452994945105639,-0.39569293645667847,0.7298729738174897,-0.9867236662866005,-0.29750438252356914,-0.41136774273247073,-0.4041391807831018,0
-1.0336320040847318,0.48652400469800333,-0.7267289356909347,-1.0336320040847318,-0.537893668819275,-0.3797924069366323,-0.4399865961913337,-0.1913385709612194,0.11061614723564657,0.607698256476604,-1.5004434884034585,0.3046876678265759,-0.32518049021735174,-0.6187742680492545,-1.158978550389201,-0.585828770887336,-0.5374017509909383,-1.087939860672951,0.4865240046980031,0.4087472376771237,-0.539149204432317,0.5320690059009845,0.21126695783173258,2.097545067995778,-1.3555377620041364,0.9962300060342743,-1.2580825594655463,-1.0173737629856827,0.39768568517513664,-1.165231434222615,-1.3441061777972712,0
-0.48903479307581604,-0.018194651567259402,-0.010935033940569164,-0.48903479307581604,-0.495047507937636,-0.3797924069366323,-0.39578654408769587,-0.09928556284675213,-0.1058550126396974,0.607698256476604,-0.1524866572261098,-0.20328663142311415,-0.14544885443322803,-0.5393505024244033,0.22460614801012613,-0.15125912771726693,-0.432904419797577,-0.6280841469513927,-0.018194651567256512,-0.45408524933845074,-0.4727551584207166,-0.14828221444272063,0.5429638771197084,-0.09680145661707253,0.8376659259798578,-0.45342245941713205,0.18150575552560913,-0.29064712184860997,-0.35096376896054043,-0.9219590286217509,-0.8658001956657657,1
-0.07646114837209209,-1.1478555950700604,0.7161021807112113,-0.07646114837209209,-0.7004394190171009,0.1902831075176349,-0.7801415426252732,0.2599781076400825,-0.481663786831823,-0.8978604870465134,0.31644070398633284,-1.1977738860840785,0.30149880939927276,0.10485006002567286,0.42251241446902604,1.236656303533714,-0.20654631010422272,0.17899026269370133,-1.1478555950700595,-1.1077462243502496,0.13665154244173425,-1.1093480315906188,-0.7525245487465119,0.365337543119284,-0.10007901178702366,0.08487506446727464,-0.5102984091395852,0.5029118892183239,-0.8601321507968342,0.839600651894714,0.35853365982085367,0
-1.0831408414491785,-0.1920135765565718,-0.19157881796284687,-1.0831408414491785,-0.9173882366280769,-0.3797924069366323,-0.831472771966411,-0.6542738037635003,0.3696868807629873,0.607698256476604,-1.7743529702463066,-0.3057854678910058,-0.4452281368231792,-0.961358070673527,-1.7160061562382816,-0.13094158595866626,-1.1009305424352291,-1.1552021211398138,-0.19201357655657203,0.4871865546785395,-0.6520755377245397,-0.007526655563593433,0.509580187178467,2.404915249930062,1.0695113247894596,-1.5717257899082204,-1.546255805524924,-1.1735528334837853,0.5084347702815198,-1.2208742210851578,-1.5667613671969143,0
-0.6045554135928588,0.7606168102308447,-0.6582112614651948,-0.6045554135928588,0.008530471538335352,-0.3797924069366323,0.1237039417126543,-0.17001250746578356,0.5169187291498446,0.607698256476604,-0.33030684407353783,0.9977186502327582,-0.5664857121967872,-0.1426689305499846,0.12430023776944005,-0.9082804462798106,0.041941008590191904,-0.5997612815980488,0.7606168102308452,-0.271060176335147,-0.33402604403953123,1.2996144182950633,0.1903766756645944,0.16777750729082833,0.5402765785509878,0.2567237483419773,0.24052947358216198,-0.4529939542564965,-0.39578456751595226,-0.950574591342187,-0.8854117112402052,1
-0.90160843777954,-1.0420420170953912,0.2696672697225068,-0.90160843777954,-0.7850064106482622,-0.3797924069366323,-0.6949078269285933,0.941980409034792,-0.4484317108901715,-0.8978604870465134,-0.9932405947069987,-1.4840390698374633,0.5102160758025727,0.5431361372292756,-0.4335472497485428,1.0774796477069413,-0.1500348272651622,-0.7222513116050009,-1.0420420170953892,0.19957572567334803,0.4604991023335798,-1.7438979744036627,1.0623370533209446,1.4196950678837033,1.4264545247905402,0.5781906904157316,-1.311906262606587,-0.6003218258535634,-0.16213429473023333,-0.45873042222523663,-0.7289552155466831,0
1.3510436623027928,-0.3136501533898101,1.3102937574798093,1.3510436623027928,0.21659197113604078,0.007173409045773746,0.22126576558065222,-0.005044907863685633,-0.6531580769042085,0.607698256476604,1.1806255639163423,-0.23399691142853316,0.9197493260246707,0.4395211141207329,0.6240386120042926,0.7241311603945927,1.3553769763361367,1.4182156063437323,-0.31365015338980984,0.9116383376162004,0.26761833400114,-0.5876446798451185,0.4916682871493485,-1.4519949565224601,-0.053095197270077894,-0.12725065469056548,1.9498425383446862,0.5614015704571211,0.997667688819643,0.13279858849383824,0.8065826797992742,0
-0.6293098322750822,-0.11638709691209909,0.20362574415338147,-0.6293098322750822,-0.4942018600254985,-0.3797924069366323,-0.39491417463828205,-0.07387608783363955,-0.31717525294575466,0.607698256476604,-0.37250207924245515,-0.3708532360385396,0.5787555947253691,0.2037968988294616,0.09799821807286425,0.14254321955512908,-0.1952242757037315,-0.44251302402011244,-0.11638709691209932,-0.23184051783443926,0.008613952048988193,-0.43815089650149436,0.6054385207525708,0.3138374172076882,0.6870052325795865,-0.12725065469056548,-0.45346596184472804,-0.6300577820687944,-0.6131485600284348,-0.41470188689617626,-0.549784052493554,0
-0.09296409416024104,0.6143336492271815,-1.4711848216710026,-0.09296409416024104,-0.9476670585277153,-0.3797924069366323,-0.8627083710974012,-1.1215999697430226,1.23700175450953,0.607698256476604,0.3010896420772519,0.48552065834360686,-1.3719915371109357,-1.1701534580850914,0.41729105765181124,-0.8880942325584322,-0.7424236961751667,-0.5997976395766795,0.6143336492271833,-1.0815997853497776,-0.9153331375878379,1.0783931283126365,0.029939308620972858,0.1985150839768011,0.4333856153753071,-1.2029236277249897,0.6131668714935516,0.46568004665341967,-0.35986020534005325,0.2935067776844292,0.08387855623947642,0
1.6563481593835485,-0.6807336333100441,0.3767811893720131,1.6563481593835485,-0.6432491012421152,0.1975503591183267,-0.7233427375809435,-0.36662356614465336,0.15057587774969527,-0.8978604870465134,1.3013064542835222,-0.49767562656080583,0.11605750913835867,-0.3611146377945981,0.6414987818311931,0.3856016959466067,-0.15506187799223825,1.240643238711214,-0.6807336333100426,1.3953474591249315,-0.27019029743960843,-0.19676924817291977,-0.8586525823152602,-0.698618921448369,-0.7401912391054497,-0.21318260324459168,1.1803155940579784,1.4447656154803008,0.7416116186480376,0.7550994661732692,1.2429945871910069,0
-0.6870701425336035,1.8501068805823568,-0.09679668928898187,-0.6870701425336035,2.9559313195943684,-0.3797924069366323,3.164239391650954,-2.094438184465554,0.802268944954261,2.1132569999997215,-0.4778163876618818,1.4480547797754317,0.15256119129781145,0.9994153636283118,0.027732435984927042,-0.5006325088271169,1.044777782659131,-0.4992314706840617,1.8501068805823573,-0.1403279813327873,0.4175001043955356,-0.5749862450898114,0.574757867539938,-0.27564630463652706,0.8790934938090285,-0.5668735219307194,0.8565404836861802,-0.7122889145901576,-0.5192115222074923,-1.3651096096927529,-1.3480784749617953,1
-0.9758716938262103,2.4176560482339466,-1.103575883087952,-0.9758716938262103,4.071849169564112,-0.3797924069366323,4.315419009547106,-3.4710985388389894,2.4562904742325777,2.1132569999997215,-1.2491940241170818,1.9874308447823852,-0.7559670885940343,1.2468001143784029,-0.7575910108803079,-1.0757072777335956,0.5023644488723288,-0.8333976522791631,2.4176560482339466,0.3172347011754717,0.4933547963925377,-1.1618037907575613,0.8254412535455969,0.8102372039979204,2.6601815888979243,1.657100982931242,-0.45938415034796976,-1.0723738261824098,-0.008586772746156214,-1.0807227112939146,-1.35665421482827,0
-0.3900171183469223,-0.5692006437833799,-1.2852071698504899,-0.3900171183469223,-1.0881607921420378,-0.3797924069366323,-1.007641551065196,1.2293470342557131,1.049768176293223,-0.8978604870465134,-0.020214558118430776,-0.5260955167229938,-0.7338659108045381,-0.8714828585207605,0.28929322481840775,-0.634816621571962,-0.9560831769870516,-0.5495872710876321,-0.5692006437833768,-0.6109638833412825,-0.7302950057117399,-0.21028602019013673,0.6721106388042717,0.43481967335190375,0.18811498837854196,-0.4161456817340951,-1.021758297365479,-0.005815537065185378,-0.475432818884886,1.3613605610704091,0.9239818523206458,0
-1.0006261125084337,1.0363068267012352,-0.4811448432241786,-1.0006261125084337,0.7260680771890733,-0.3797924069366323,0.8639149408659804,0.1554240468502755,-0.5435008862927092,0.607698256476604,-1.349872398250264,0.6855718762032935,-0.8119344412630395,-0.5963387810663086,-0.9074176961347789,-0.8623730892682889,-0.6256790341600805,-1.0172963081934294,1.0363068267012372,0.35645435967617983,-0.6311012005844597,0.5603563965854305,0.22380112713201547,1.6753533743156543,0.645135167240042,0.8512647594891343,-1.0575171954452478,-0.9115057621341149,0.27107119300981963,-1.1531939313327557,-1.5801332498345948,0
1.1777627315272288,-0.7378541024142522,0.6914727162868358,1.1777627315272288,-0.6549580948213122,-0.3797924069366323,-0.5607501283795778,0.3533190496817025,-0.7362785328296435,-0.8978604870465134,1.1056760711118252,-0.4935125515700161,0.2463423323362772,-0.17254371026429488,0.6121804132936386,0.9195097594724418,0.5966764108747847,0.9348726384267181,-0.7378541024142502,0.6371007281112451,-0.18755242655886573,-0.45414668018855897,0.931513999713663,-0.9883331093889494,0.011670178604725906,-0.024423611166598556,0.06182775338915093,1.0057879035657213,0.2596139930945074,1.350551794461074,1.3032127720486242,0
-0.522040684652114,1.3780856117925804,-0.26953232134593796,-0.522040684652114,1.4843006995326835,-0.15080139972606996,1.5768270172117336,-1.9016213091140575,2.475248149773884,0.607698256476604,-0.2004023922306594,1.391483780440049,0.016233338584228117,0.5907304704095508,0.19916740993945214,-0.8527850358541179,-0.5996084625952227,0.05224634918695308,1.3780856117925813,-0.4017923713375068,0.2857095187006039,1.1277936717818897,-0.015243387380523379,2.0180611518766867,-1.0993929896357344,-0.4680818663711362,-0.3745847789254,0.44989031545373076,-0.6360893573406066,0.6288861636593616,0.2345812766617184,0
0.1298256739797699,0.14476059061022045,-0.6753781495783525,0.1298256739797699,-0.6327673107714755,-0.3797924069366323,-0.537858140135103,0.2871321226920083,0.3330536606091529,0.607698256476604,0.49204586898417557,-0.015133886169744499,-0.7527747862770064,-1.045548544412931,0.4772900417924718,-0.7607853804752859,-0.9133867754996384,-0.22407428840664612,0.1447605906102222,-1.0231981484187238,-0.7791836092714279,0.22272026759280875,0.3959810317306392,0.47406460515624993,0.18097879647413886,-0.12725065469056548,0.3753548336960746,1.0229019983686896,-0.9144749192793071,0.5559491058068908,0.22257988818284527,0
-0.6045554135928588,0.5457634175067142,-1.0858847916273573,-0.6045554135928588,-0.6723980725996098,-0.3797924069366323,-0.5787411901369307,-0.05160533306913763,0.2040176468403337,0.607698256476604,-0.33030684407353783,0.11314830804437057,-0.8392257820948656,-0.9958426116969237,0.12430023776944005,-0.8245670305529181,-1.2280596322081963,-0.6767311223593184,0.5457634175067148,-0.271060176335147,-0.8075337255018558,0.43664025026961645,0.138150970246749,1.7849998784889824,-0.590421628547606,0.2567237483419773,-0.5248543297600263,0.3795886082233942,-0.2273995433110497,0.19176008336428543,-0.3299604509568758,0
-0.4312744828172947,-0.15609099872544738,-0.9590729372673542,-0.4312744828172947,-1.1422387680547919,-0.3797924069366323,-1.0634283311131443,-0.3808896848360305,0.04339871189446826,-0.8978604870465134,-0.07339132010383004,-0.011753095295821633,-0.6993977376706073,-0.9295574412348969,0.2642269825551969,-0.4805048919153901,-0.8411764061289877,-0.6628060165437463,-0.15609099872544563,-0.5455977858401025,-0.7566700606906871,0.5041481081088822,0.42130924943950465,-0.03529100418437563,-0.28029948115638786,-0.12725065469056548,-0.33039154069990445,-0.34704580457122647,-0.29628640864959677,-0.04392813158114566,-0.3658101746814734,0
-0.315753862300252,-0.8112053786456919,1.0441352015382837,-0.315753862300252,-0.10097558088150968,-0.3797924069366323,0.010737619339182975,0.9619884842092452,-0.7925271215532899,-0.8978604870465134,0.06941735479052075,-0.5580105821999806,0.8261869497093886,0.3492947110664516,0.3288715020761024,1.070734074632253,-0.11307124150316368,-0.20360474643754134,-0.8112053786456893,-0.7286228588434063,0.23577786231050957,-1.1828114458782197,1.233003919825765,-0.5319138134284801,-1.0722943018233282,0.40492439512646633,0.13149699349648353,-0.45680777528659,-0.9412002722654988,-1.1385246862951077,-0.7653544043895832,1
0.19583745713236575,-1.1462070501958175,0.4879870288108386,0.19583745713236575,-0.7944837459172718,0.19919053743098278,-0.8798524556204333,0.04327612605262125,-0.2808814327831958,-0.8978604870465134,0.5427483757124095,-1.3102087391845703,0.3549498731125613,0.2873552819049093,0.49153222489656384,1.0285435812196562,-0.08804009626909921,0.642918070021902,-1.146207050195816,-0.918612392416836,0.24711441814293134,-1.2261237379716075,-1.2332196261642896,0.06572901800108323,-0.0483850695261149,-0.12725065469056548,-0.16509206737780283,0.6365384044519686,-0.1641759716482719,0.7107808183983922,0.6012127570259733,0
-1.0831408414491785,-2.6167875801574785,2.5747219464056847,-1.0831408414491785,0.5057163926549302,3.5021503819662345,-0.537858140135103,1.5318049700070189,-1.0613927505045353,-3.9089779740927484,-1.7743529702463066,-2.081770765142366,2.7388565176526383,2.82590071043437,-1.7160061562382816,2.703355489366122,1.6704740642697153,-0.9709762434178709,-2.616787580157477,0.4871865546785395,3.006964261113055,-1.7216245635266154,-1.9120213216361974,-1.2509681750436596,-1.004221666117792,-1.5717257899082204,-1.7315618788819416,-2.268885299069591,0.23289567064762798,-0.6363017293027299,0.46950824489319687,1
0.15458009266199335,0.43505598382884764,0.2078253350380433,0.15458009266199335,0.2660356129862132,-0.3797924069366323,0.38934596038481695,-0.11990282913255698,-0.3505977510905617,0.607698256476604,0.5113367681152549,0.7327826132852416,-0.13930515081421865,-0.07960616132070117,0.4827870247449317,-0.22486566057956567,-0.21341096595843884,0.28322858742802354,0.4350559838288486,-0.9839784899180158,-0.25349945481352765,0.7369242984692302,0.5152934364409212,-0.34443320061578936,0.3108326988221836,0.05014102858177622,1.0922756767182087,0.43811558117680977,-0.7491141803342208,-0.18193777874882644,0.0721494358243499,0
1.301534824938346,-0.2960152333418438,-0.20254513937476623,1.301534824938346,-0.7199898525662404,-0.05107950948921213,-0.7272869348649791,-0.5313686225766874,0.8581018373415763,-0.8978604870465134,1.1597321344946485,0.24830955223736323,0.09788652352713667,-0.3001896628870595,0.6208144934608452,-0.20103710502583835,0.9948578399697856,0.8514310774691772,-0.29601523334184227,0.8331990206147846,-0.2807686233519957,0.7819688900701993,-0.5081943600045081,-1.2155886580277848,0.08760367009597263,0.06845242814537178,1.1205700106066638,0.6826518125526546,0.16152321432074723,0.3335744578677333,1.110607057760383,0
-1.1161467330254764,-1.1323398786065966,-0.16811756357168872,-1.1161467330254764,-0.8504186070147588,-0.3797924069366323,-0.7623869762413974,2.303225577137858,-0.28530840284474923,-0.8978604870465134,-2.0046603387376125,-1.1585289776889613,-0.6632390755404222,-0.2900645208322478,-2.3058000918431945,1.647440892676495,-0.7792642608970749,-1.183343196600004,-1.1323398786065957,0.5394794326794833,-0.4638864553927699,-1.2226961966578824,1.0886588088515388,0.29312751434065837,-2.4261208410699044,-1.9116022923123728,-1.7011750977559905,-1.7603535955666807,0.5154365770615648,-1.9649951653660689,-1.7859378626544982,0
0.27010071317903606,0.4147867246448562,-0.7612067802468142,0.27010071317903606,-0.5558427362156372,-0.26962916562992933,-0.4918320627128979,-0.6882424174029643,1.6232143099105845,0.607698256476604,0.5971040491182281,0.6692464272569045,-0.688608874999966,-0.6350534039043285,0.5060823470948078,-0.8254720404526683,-0.6795773077366378,0.11009189318845522,0.4147867246448582,-0.8009534169147121,-0.5701005672515777,1.183314696591964,-0.04397430791948347,0.4880277868985287,-0.09657533084200842,-0.2912181024720272,0.40168158132913057,1.055012323320184,-0.9909034775127599,0.953962714671174,0.569891602285796,0
-1.0913923143432531,1.1640637365683792,-0.88424248153024,-1.0913923143432531,0.2922506982624792,-0.3797924069366323,0.4163894133166481,-1.0266196685464153,1.6062924393438145,0.607698256476604,-1.827529736591332,0.5490338461250021,-0.8833673364245631,-0.8996881526496701,-1.84133736755433,-0.7450392856123703,-1.097876475838688,-1.1805436322454375,1.1640637365683788,0.5002597741787754,-0.7276765316283024,0.6019755581870659,-0.016854923433416626,2.0021750386579087,0.08791220778855084,-0.12725065469056548,-1.3675314587504261,-1.2441329119435067,0.5272098775332581,-1.3800395622942818,-1.648877884650595,0
0.6909258307768346,-0.8785001274818757,0.22893852606530488,0.6909258307768346,-0.948744779307194,0.13834826192116564,-1.0205805009425075,-0.5872037527389261,0.02785637575039456,-0.8978604870465134,0.8624702980341666,-0.7248548021856933,0.08286621989116519,-0.5049554629590489,0.5675709990964007,0.6056553940692447,-0.6304417664739956,0.5810731483710189,-0.8785001274818736,-0.13421922240267745,-0.2290578038377474,-0.24659226911181445,-2.3983914592280615,0.23987361568651275,-0.5903871126407694,-0.6413858723104068,-0.17040283379364426,1.3173465349244131,-0.29340828776483124,1.3197392372131167,1.0276192825027133,0
-0.8273451817328697,0.6490583178548542,-0.48929436843526525,-0.8273451817328697,-0.16752156658280007,-0.3797924069366323,-0.05791114579546491,-0.7231137531990653,0.8371041682190441,0.607698256476604,-0.7861106502456601,0.48042285956679703,-0.45390217137232536,-0.5286798811639251,-0.22167248285469532,-0.6941672868244895,-0.9308001746039479,-0.8494678788339487,0.6490583178548552,0.08191675017122435,-0.5406038722720926,0.7525734802462722,0.2133074039968949,1.1585196956977688,0.33207874406010873,-0.12725065469056548,-0.5250214261508996,-0.4864700845092366,-0.0005148484333426025,-0.8527783790848213,-1.3049683477752367,0
-0.5550465762284119,-0.3779657441529814,-0.10381128953527616,-0.5550465762284119,-0.8504186070147588,-0.14002535232792582,-0.8349270617526617,-0.601688418163419,0.48008711392493814,-0.8978604870465134,-0.2505219091712178,-0.5493136392361768,-0.24575736730776776,-0.6537786050728494,0.17133443769742637,0.013551990430440627,-0.7115764540020176,-0.693783014337134,-0.3779657441529798,-0.34949949333656294,-0.48044211320476327,-0.26531890201744485,-0.47748564521881476,0.3640146342978414,0.524787737490293,-0.4841209822149256,-0.773914593979555,-0.14823678520902145,-0.2541271954283536,0.32190455743461055,-0.3083940037419658,0
-0.5467951033343375,-0.07714486837565045,-0.3910789950300217,-0.5467951033343375,-0.43750411745124884,-0.3797924069366323,-0.3364248462043219,0.9379460027002645,0.058527151183022215,-0.8978604870465134,-0.23777430842405867,0.47960774487365315,-1.0059218752175458,-1.00640022457169,0.1785354101670179,-0.6143100794249091,-0.42706435333641074,-0.7815148167731018,-0.07714486837565043,-0.36257271283679887,-0.7866359912337741,0.8136318432405042,0.6008289396845266,-0.4153553518886475,0.7537729388822606,0.5781906904157316,-1.0310328550597738,-0.6233547689129117,-0.10429780850602827,1.9973147222450063,1.4504572186335878,0
-0.29099944361802854,0.5563734615918561,-0.4261681479311549,-0.29099944361802854,0.07513601764109729,-0.3797924069366323,0.19241414929148354,0.4973602804154486,-0.32579058606284456,0.607698256476604,0.09772822980927033,0.38461598934340874,-0.8632038897854186,-0.9604924214232334,0.340711157666015,-0.7930850622453689,-0.7703669803869896,-0.5375891381394889,0.5563734615918596,-0.7678425173441141,-0.7570442303961142,0.41936963261462373,0.3562273506089181,0.4313088731847914,-0.11197689311139643,-0.3865154225501434,-0.3537307070435014,0.29156912676723173,-0.48871270686766555,1.0845964186304202,0.6491521216363138,0
0.7734405597175793,0.9601373953441298,-0.7004364225480995,0.7734405597175793,0.4501806022438861,-0.3797924069366323,0.5793097273206056,0.46284786588689636,-0.439970257677847,0.607698256476604,0.9077011564426292,1.211684502867253,-0.6177413911862175,-0.03028016933106382,0.5766379532015311,-1.0219401245431525,-0.0209002940108156,0.7981666387751479,0.9601373953441333,-0.0034870274003175905,-0.20187163674149772,1.3440146565269957,0.18662111931994027,-0.5750194255160169,-0.46959805679426375,0.11936705132220257,1.1603075889131271,0.8510154754317251,0.033439875787682205,1.0817067282703854,0.9752175382131049,0
-0.711824561215827,1.4898162037188043,-1.3021472801827,-0.711824561215827,0.8808985221931778,-0.3797924069366323,1.0236378564223079,0.6167523022486466,-0.5384697528494491,0.607698256476604,-0.526264695246237,0.8477820063437804,-1.0445668816245446,-0.7594861557075951,-0.006944183746786252,-1.0757072777335956,-0.6034156672510765,-0.8635384165640438,1.4898162037188059,-0.10110832283207938,-0.6352436909144044,0.7384770405073138,-0.10500219776842966,-0.17672735992652175,1.4284651240509496,0.7919607949933949,-0.20314985651179676,-0.6235585031096096,0.016678523963093377,0.08883251898247284,-0.4271230649264307,0
2.2091968432865388,-1.575032823054867,0.20352305367083123,2.2091968432865388,-0.8889261440424167,0.3480718659826552,-1.0223222826567613,0.013982745494198394,-0.13072578939918572,-0.8978604870465134,1.4907177648587038,-1.4445420457803562,-0.4549759267366514,-0.1288949126938801,0.6652868587665359,1.3649374260183056,0.6320531939085788,1.5810266346521713,-1.5750328230548647,2.2712531656407426,-0.13693840790215342,-1.2293709284396674,-2.454376945871885,-1.2311276817425731,-0.5555786854414017,-0.12725065469056548,0.6401280089905833,1.5170853602577699,1.2896538282770271,0.5416538527009179,1.1536596800541676,0
0.7569376139294304,0.2025458848672556,0.12192124299234113,0.7569376139294304,0.07178612864404604,-0.2962669985688452,0.16368829575691582,0.28347383027920303,-0.3072554537428783,0.607698256476604,0.8988039048675597,0.3145109273920758,0.43246692112611934,0.11552687126731709,0.5748840178172611,-0.23548533054031823,-0.0674038831395579,1.238861697758308,0.2025458848672588,-0.02963346640078952,-0.044498556718278674,0.11429117588596437,0.4774372741747608,0.011635640501018157,-0.6986373505589264,-0.12725065469056548,0.3539730805268781,1.2086997124269336,0.7374243034074446,1.1936732013170632,1.3715628528860397,0
0.12157420108569543,0.04944207383526819,-0.5344547259371891,0.12157420108569543,-0.6293586769288814,-0.3797924069366323,-0.5343417972389196,0.45135782822431214,-0.12844965133088143,0.607698256476604,0.4855389401058538,-0.21873393340752179,-0.4927082669392529,-0.7595823471944124,0.4754138260542041,-0.48169292062959806,-0.32774522437659753,-0.09409451480176229,0.04944207383527141,-1.0362713679189597,-0.6559725072399515,-0.06147609492506502,0.45589077854652654,-0.42193661564622875,0.6290237290608675,0.05438993117512552,0.6070079483370895,0.31051110536014576,-1.0935894620369975,-0.17381838287290202,-0.16937158325445434,0
-0.9098599106736145,0.8856637583771649,-0.41948959567847705,-0.9098599106736145,0.648026855583231,-0.3797924069366323,0.7834077031057831,0.6416704291862197,-0.879543942150408,0.607698256476604,-1.0188866599854054,0.8931735663565765,-0.35917160257493574,-0.13032045177538915,-0.4626940430778544,-0.9182463291044407,-0.21467349719050255,-0.9952270151645722,0.8856637583771667,0.212648945173584,-0.3011353626250712,0.713806249094093,0.3171590777823989,-0.6335145813219528,-0.09713618720190825,1.3172244805270894,-0.6672360830349574,-1.3741602320243225,0.23045837296526211,-1.0347433647353135,-1.2536657684360812,1
0.8394523428701751,-1.1703381125676118,-0.14978202805685853,0.8394523428701751,-0.9431609976308399,-0.05884438108245828,-0.9551608255331431,0.15582042691105974,0.20603772353849975,-0.8978604870465134,0.9425811653913245,-1.252359587587618,-0.3299395890777411,-0.18795858228862164,0.5833774844418776,0.8249827557191166,0.04173872721810706,1.0249677094736838,-1.1703381125676096,0.10109872860157013,-0.20730483866899724,-1.1192693572621186,-0.9285546668095978,-0.29906741839405193,0.0500013662146244,0.11159956451865236,0.16857742398964842,1.1052318307792874,0.3864796507994165,0.7513447444447351,0.6475171049707455,0
-0.3982685912409968,0.10503850935465019,0.7850854382783548,-0.3982685912409968,0.2922506982624792,-0.3797924069366323,0.4163894133166481,0.03299766062522581,-0.6434454271445847,0.607698256476604,-0.030644373771887286,0.10251608983257887,0.7281277001605629,0.32204707110918906,0.28447279361394456,0.3232726889331268,0.003944852871144265,-0.2084039996167986,0.10503850935465323,-0.5978906638410465,0.12158114907752034,-0.4375855697638933,0.7714479088674552,-0.1447893953200131,0.7094616472487929,-0.12725065469056548,0.6623085377863441,-0.3873696451552533,-0.942145607155951,-1.523475694214401,-1.1114618017381512,1
-0.8933569648854656,1.4898162037188043,-1.3390717117214066,-0.8933569648854656,0.8356179203523545,-0.3797924069366323,0.9769264377218723,0.7096895572908034,-0.49978336370089477,0.607698256476604,-0.9681841467177311,0.969903233052373,-1.116145922730993,-0.6046481203401217,-0.40572531066146866,-1.0757072777335956,-0.7275314936375415,-0.9386540004151459,1.4898162037188045,0.18650250617311206,-0.5922163985804558,1.0216620952627464,-0.11851135858605641,0.6087064343213617,0.5126925896807775,-0.12725065469056548,-0.6344898991950213,-0.7301453363086147,0.12595510574095486,-0.7711184136848328,-1.3124113586109862,0
-0.522040684652114,-0.23237602355783532,0.010999152730583833,-0.522040684652114,-0.2618007107786017,-0.3797924069366323,-0.1551694065122746,1.101847781936929,-0.449487486734874,-0.8978604870465134,-0.2004023922306594,0.08546096368980934,-0.2500522909209579,-0.5463375387685032,0.19916740993945214,-0.03540348229603293,-0.46635912947794417,-0.6712774255647079,-0.2323760235578334,-0.4017923713375068,-0.5205906607711525,0.07937722421918582,0.7692881750803294,-0.5984146198430099,-0.38250335473897795,-0.4680818663711362,-0.4055678298037083,-0.6734900281673494,-0.2691582884538905,-0.7226906357349999,-0.5442196912976562,0
-0.018700838113570727,0.2588147752240415,-0.305293907511268,-0.018700838113570727,-0.24568285160649747,-0.3797924069366323,-0.13854224084452407,0.4137456766879849,-0.27242265355455464,0.607698256476604,0.36852810085025917,0.04784962992305104,-0.5763563119282982,-0.7425780773919054,0.4396906783976555,-0.5025494247234717,-0.8680283841446268,-0.12049040728767715,0.2588147752240414,-1.1992587608519012,-0.6914423848779693,0.10264830739551983,0.4494161745371086,0.8093035337249279,-0.07958838884453945,0.27720238317038004,0.4773772205301623,0.9895079502689964,-1.0558297935463714,0.4667794314546716,0.11380316358371197,0
0.3608669150138553,0.1768343208165819,-1.6114148927638763,0.3608669150138553,-1.2020091624846783,-0.3797924069366323,-1.125087403797719,0.1492291317599022,-1.1609476232870641,0.607698256476604,0.6600558255339363,0.406469385917753,-1.227783492922068,-1.0762323387568515,0.5220511886910602,-1.041965645884491,-0.3736646347105304,-0.3960111693514001,0.17683432081658415,-0.6571480024121163,-0.8919165292781244,1.083816106636335,-1.2802991889019373,-0.6419242095657414,0.20400801193974952,-0.12725065469056548,0.30657951781049697,0.33783738288158366,-0.5371801947858835,0.8773644379404779,0.7848890176787171,0
-0.6128068864869333,0.8787555703327179,-0.3264929124232167,-0.6128068864869333,0.6370798968964387,-0.3797924069366323,0.7721148326507329,0.26607606445828935,-0.6700717907841205,0.607698256476604,-0.34419120313379753,0.5898634589541555,-0.6068313371988118,-0.5917839266434324,0.11575770145773322,-0.7365606191477235,-0.5239504041692227,-0.615758792195573,0.8787555703327189,-0.2579869568349111,-0.5702252648924737,0.4133337121038037,0.31850373962304246,1.274158073813566,0.5632099726106192,0.6505436488881682,-0.3361273343908994,0.17194346738152635,-0.34574528130996746,0.05664505435437201,-0.4062668618157425,0
-0.3075023894061775,0.3686910078509811,-0.4558038612630333,-0.3075023894061775,-0.2664725540168927,-0.3797924069366323,-0.15998887482176738,0.36325622021278026,-0.2129631472508079,0.607698256476604,0.07893625728406307,0.19171587075169078,-0.5881961715074137,-0.8020639859827527,0.3328866896239888,-0.6156474626084126,-0.9496383641768711,-0.4028101113553479,0.368691007850983,-0.7416960783436422,-0.6778619467316209,0.2849313497936674,0.3695593020878835,0.9469527621656396,0.11512685524081501,0.1365230656535262,0.01528179477011142,0.3974764542701298,-0.679682356337078,0.16999181083830514,-0.10539656854482952,0
-0.25799355204173063,1.2871950519027515,-0.6785167687760938,-0.25799355204173063,1.0208567460648121,-0.3797924069366323,1.1680186051327444,-0.1850009830455178,-0.321193714682066,0.607698256476604,0.13436722277296587,1.3101369356216352,-0.6766620119073717,0.1260960620881923,0.35558411344838065,-0.9117396783346409,-0.3963727216330545,0.0453383332471131,1.287195051902754,-0.8201353953450581,-0.1532812087570737,1.346720960053144,0.1189099208822795,0.45632690503310996,0.39545357516534335,-0.3779446864225541,0.0034485045931057865,0.3480318869375559,-0.9724797920572136,0.9051635398908248,0.40009960460104227,0
-0.695321615427678,1.058673232490301,-0.13449736387310612,-0.695321615427678,1.3470223646722372,-0.3797924069366323,1.504490695985613,0.3584291625846096,-1.0454469466686367,0.607698256476604,-0.49372772802497866,0.597388076861719,0.09397366802730281,0.1368114247085787,0.01651352960113831,-0.8811966941328748,-0.9456235148222921,-0.3194776243336993,1.0586732324903023,-0.1272547618325513,-0.18348011268729678,-0.43322457249054974,0.47448451313767437,2.4727987218386893,-0.9667434092061943,-0.12725065469056548,-0.9358329343980708,0.3602574784929973,-0.529421170686462,1.2675887179689107,0.8267511713351542,0
-0.8355966546269442,0.12495034548276213,0.10122874238045285,-0.8355966546269442,-0.03004064425161361,-0.3797924069366323,0.08391402139001986,0.5575586022992057,-0.5225136412136824,0.607698256476604,-0.8072745671960514,-0.5542465773313204,0.1301910086732563,-0.1593326835089005,-0.2415213172260143,-0.167991220930232,-0.6439771510013337,-0.7707528550984036,0.12495034548276387,0.09498996967146031,-0.2647320488965401,-1.0294659501175398,0.6200031615994958,0.7743268088828332,0.7223896763380743,0.46753322451670143,-0.9886123582765373,-0.6444153358017707,-0.12416424837136167,-0.02321901221367445,-0.5751566194685634,0
-0.6540642509573057,0.2520977452597279,-1.0869973326077342,-0.6540642509573057,-0.7107456466225992,-0.3797924069366323,-0.6183005050203929,1.4479857232392768,-0.4726245292963726,0.607698256476604,-0.41639690200199264,0.15787842689493206,-0.9617686382531251,-1.0336597719785745,0.06953438853821782,-0.9851133072894243,-0.5512241130976869,-0.9220020462022684,0.25209774525972906,-0.19262085933373113,-0.8525033320229812,0.5000027960637011,0.30686338339060726,-0.9011686002396275,0.15667965759172545,-0.5427845976983852,-0.20288220991854514,-0.9247197619084863,0.1299258385789335,-1.243291691684215,-1.215966734302639,0
-0.9098599106736145,0.8856637583771649,0.43308780691782456,-0.9098599106736145,1.2172687072964339,-0.3797924069366323,1.370636966768399,-0.7322836104769629,0.07140999269974607,0.607698256476604,-1.0188866599854054,0.8306860678056337,0.47564058887473815,0.4751196408893857,-0.4626940430778544,-0.6033244318461309,0.41575451888545706,-0.8772453745078316,0.8856637583771653,0.212648945173584,0.17015079163385433,-0.03488293515755913,0.5727524004518926,-0.04658482344807083,0.606908854132055,1.3172244805270894,-0.9069843439488698,-1.189986816041523,0.03755331309910572,-0.5076799132664525,-1.0961924923527744,0
-0.7695848714743484,-0.20723500784094678,0.411632450181963,-0.7695848714743484,-0.5941746428587159,-0.3797924069366323,-0.498045986666451,-0.3555197714136667,-0.31079695566598564,0.607698256476604,-0.6484621753501468,-0.6206128132260522,0.4400770203293761,-0.0333088402986825,-0.10157021386213304,0.26938285970867687,-0.2435666987747065,-0.6416456729806576,-0.20723500784094434,-0.00959578633042763,-0.04076674661876945,-0.6680915398368539,0.6267864948241314,1.3047416042556166,2.0057985889443475,0.38688456292927587,-0.6573472696992907,-0.40568269886394437,-0.28644213399229973,-0.7961069560916145,-0.857845978068947,0
-1.0996437872373275,-0.711945624112322,1.0597826909650012,-1.0996437872373275,-0.2582660925391052,-0.3797924069366323,-0.15152309825180302,0.5294835208511193,-0.6292604310602093,-0.8978604870465134,-1.8834346834156461,-0.2309131333126339,1.0042729451300683,0.4773715270807397,-1.979861337956267,0.664650575536011,-0.35713901288619637,-1.0941934329974377,-0.7119456241123214,0.5133329936790114,0.25549748323735977,-0.49103544917254605,1.0886588088515388,-0.29366724204782824,0.13801380196788343,1.4692744947605232,-1.61609086807185,-1.954568172892625,0.37660815231597483,-0.6078767872332093,0.2586450792199596,0
0.02255652635680167,0.7564583574684423,-0.011240159581193739,0.02255652635680167,0.571821898015173,-0.3797924069366323,0.7047947532928843,-0.3330917044698918,-0.14531787117136455,0.607698256476604,0.40426597028131683,1.215610953029602,-0.10908591101726528,0.3649099678134661,0.45101091683910594,-0.5210383877237983,0.43711864819229695,0.2815197624323789,0.7564583574684454,-1.1931500019217915,0.07021457072651231,1.2823983192607025,0.3907700612972527,-0.7182667544787781,0.5154168051672037,0.06845242814537178,0.6891603194450511,0.01760201970594631,-0.7124585665613761,-0.05953390683481519,0.12160129647157243,0
2.4237351385324755,-0.6017806499104866,0.2157059627575193,2.4237351385324755,-0.7329589819810862,-0.05992380269407544,-0.7379900864954564,-0.18365992241944537,-0.0019077817326427064,-0.8978604870465134,1.556182204933977,-0.3937770183604729,0.3899970422037077,-0.06817594651500374,0.6725931625652282,0.39228066935166467,0.2293607575832754,2.351961213538313,-0.601780649910485,2.6111568726468777,-0.10766057564439152,-0.1120586140949454,-0.32477463290080577,-1.081616615064637,-0.8833493763157421,-0.26327746114603995,1.698370115255709,1.5354897519422204,2.4367457653149818,0.5342280025445412,1.549483929984415,0
-0.7365789798980504,-0.8505941701271886,-0.27096566592322174,-0.7365789798980504,-1.0122618785802773,-0.3797924069366323,-0.9293443159101803,0.7995923417663146,-0.5166721259464112,-0.8978604870465134,-0.5769672074240032,-0.6599699078959718,-0.8076484506928648,-0.9362536765612363,-0.0449233386910395,0.8138241058162631,-0.6054533798593692,-0.9737030918151761,-0.850594170127187,-0.06188866433137149,-0.7303587316684311,-0.4166358082879459,0.8599615886676877,-0.7698543814422357,-0.28738843819598653,0.35424105704865055,-0.9991865974008242,-1.0153074856114694,0.20312886245932124,-0.8132456137300833,-0.720480402634873,0
0.5176449000012704,0.6684574738168769,0.36601266301178215,0.5176449000012704,0.6328029455955525,-0.3797924069366323,0.7677027344264342,-0.6663722916014939,-0.05062201691124548,0.607698256476604,0.7608977215090336,0.5331930551647253,0.15243230375445604,-0.06783178493387058,0.5457850061163555,-0.3067119472191182,0.06786121206266187,0.6226666759245817,0.6684574738168784,-0.40875683190763296,-0.1624935469312152,0.15893334248536747,0.48626158496344374,-0.6723944439932344,0.5856395247231434,0.01383761433069663,0.7423925348558165,0.6612017947274357,-0.2312057396063497,1.1166913209837253,0.9637254787845163,0
-0.6293098322750822,-1.2826892126792016,2.1043794657296164,-0.6293098322750822,0.4495412099200749,1.2291707226744244,0.09186797813467606,0.7087223058262005,-0.9156850507706151,-0.8978604870465134,-0.37250207924245515,-1.4899717112885495,2.241079964434591,1.8198130184560395,0.09799821807286425,1.7958831801612558,0.24146051570691054,0.2169479923841905,-1.2826892126792013,-0.23184051783443926,2.004517773608724,-2.1162128570098546,-0.16179549934214318,0.9345958472918661,0.9272177906640017,-0.12725065469056548,-0.5011921183430056,-0.65425870266418,-0.5173775745036745,-0.7504197830351671,-0.5360363929851335,1
-0.40652006413507125,-1.4048365319714804,2.4462330184279333,-0.40652006413507125,0.8290236579483514,3.181795879969396,-0.10741338861541837,0.2575514917104692,-0.8790178128763358,-0.8978604870465134,-0.04117496216199085,-1.4176284809334656,2.698079915962584,2.026210828143431,0.27955876180356787,1.3641730524812707,-0.03767519963877654,0.9072769326459889,-1.404836531971479,-0.5848174443408105,2.4655243584101547,-0.851136100033885,-1.7735556160718957,1.1709902441671887,-1.3744841782441557,0.1672539845285676,-0.31190782614042756,-0.23106971755457106,0.4681378551850374,-0.6958438662413441,-0.49086148807721364,0
-0.8851054919913911,0.3049154167739843,-0.40957454089844686,-0.8851054919913911,-0.4050705700861943,-0.3797924069366323,-0.3029664346700566,-0.12256539057079475,0.3566330958666575,0.607698256476604,-0.9436908129401074,0.17034778508663317,-0.3582939125436728,-0.6356525445383223,-0.3791399022004926,-0.634816621571962,-0.638986878206679,-0.9954451630363567,0.3049154167739874,0.1734292866728761,-0.5743105324800439,0.2774240309513575,0.36649782378139095,-0.1401912533813988,0.8562248569554398,-0.8013390511254713,-0.8422433234211477,-1.1275070367248157,0.21780535569067927,-0.8404775863586484,-1.11106443119339,0
0.46813606263682356,0.6596437112578883,0.4178767380054031,0.46813606263682356,0.7712718019469746,-0.3797924069366323,0.9105470532528327,-0.42983902755595493,-0.29461162171696625,0.607698256476604,0.7300492292134314,0.9224915898605053,0.31376376691125984,0.445487802631293,0.5387563057154092,-0.25299265618796335,0.7268679980545895,0.7330494990474985,0.6596437112578896,-0.4871961489090487,0.1350150793341668,0.5774319973914754,0.5547031966594854,-0.8674569371623401,-0.0743592282792235,-0.27238930464066535,1.6735271161653804,0.4077980175460663,-0.050435712988274053,0.09848760937330223,0.5456221903966565,0
-0.6128068864869333,1.1447208100439275,0.2820390040513668,-0.6128068864869333,1.5566244265869973,-0.3797924069366323,1.7207159508749588,-0.9548884624141862,0.04382582849610468,0.607698256476604,-0.34419120313379753,0.9273210492583753,0.5302906005708828,0.6876371518818004,0.11575770145773322,-0.48220062520831947,-0.42774580983543053,-0.14205068861570402,1.1447208100439297,-0.2579869568349111,0.27808862340505,-0.1311852283103882,0.4995528517382406,1.3028035197630623,0.45678055475790197,0.6505436488881682,-0.1539201073657144,0.03662600269099341,-0.7891735594987767,0.2783590000132448,-0.11713883293544725,0
-1.0831408414491785,0.8856637583771649,-1.3241502709191741,-1.0831408414491785,-0.34814638491487404,-0.3797924069366323,-0.24424350830379501,0.9095535597529184,-0.021232484872174752,0.607698256476604,-1.7743529702463066,0.10601947149841502,-1.4961392805734879,-1.6388753741382593,-1.7160061562382816,-1.0757072777335956,-1.5484764435542493,-1.2147928481155914,0.8856637583771638,0.4871865546785395,-1.0555874183112792,0.3590517390461939,0.006542192593778116,3.4488304359256583,-1.6873639404482503,-1.5717257899082204,-1.576475275342605,-0.7474009305414931,0.6633198264794058,0.08265982327182211,-0.5688144165802034,0
-0.2744964978298796,-0.4191710540180947,0.31694122143702075,-0.2744964978298796,-0.6997369403847934,0.13399413865345305,-0.7623869762413974,-0.861064013611573,0.4151930700073529,-0.8978604870465134,0.11620167890636413,-0.6975688874573241,0.10104859357863157,-0.4367972071746619,0.34827261837889845,0.1469306763280778,-0.7484850139144943,-0.1900068624296458,-0.4191710540180926,-0.7939889563445862,-0.23086705148221204,-0.42827244509853857,-1.0050074338113193,0.7031216254260589,0.13160796807186093,0.12765672211254891,-0.23141156585769798,0.3186559246680263,-0.9770422124956516,0.11136406291141174,-0.2015754967771757,0
0.06381389082717406,0.8811734361482744,-0.5008882332698084,0.06381389082717406,0.4416766843371951,-0.3797924069366323,0.5705370950280849,0.2532467065500447,-0.5411745578677157,0.607698256476604,0.43886911026850184,0.5830352327477848,-0.562161649402129,-0.5197896548648293,0.4616236403779665,-0.7863727846275235,-0.07621702438428232,-0.2779931707160287,0.8811734361482755,-1.1277839044206115,-0.5475679316749545,0.4894460108370023,0.2445473383876562,-0.9650851989039194,0.18408665570412874,-0.12725065469056548,0.5619952820756768,-0.04910366215823559,-0.7953022070090754,0.783914580543302,0.5831815697905045,0
0.4433816439546001,-0.2055281386046889,0.6584943494658775,0.4433816439546001,0.016610529775139424,-0.28085939896702045,0.10210773215740813,0.3789329987194642,-0.5735485552517088,-0.8978604870465134,0.7142912587265098,0.2349994282232759,0.7951215267281879,0.4203439189977085,0.5350884159430732,0.4010623958175077,1.5969452122072956,0.33053031762661206,-0.20552813860468788,-0.5264158074097567,0.20203002383412402,-0.10972407542936237,0.7129394412893992,-1.7037327620640872,-0.560144307970146,0.1672539845285676,0.97862987370918,-0.32272357515644967,-0.5954672398904689,-0.42255322912707893,0.18706768297175425,0
1.730611415430219,-2.030564849391268,2.5078868152446647,1.730611415430219,0.8618856728014509,3.1670379174545924,-0.06904803737682662,1.125200985957789,-0.9767487181415725,-2.403419230569631,1.3287461253283481,-1.822606553197539,2.7903297249881662,2.6505308215618903,0.6452061674507028,2.468468991411029,3.2626832763274125,4.3585580541686735,-2.0305648493912667,1.5130064346270555,2.945083253223211,-1.9527298063488652,-1.161418146201735,-1.2806078555831848,-0.9178911766922223,-0.6300237680536148,3.203679936878465,0.32961267082188056,5.704189664353962,-1.2602540473804194,0.44463327127606916,1
-1.0336320040847318,-0.002422193558970151,1.1464527086794065,-1.0336320040847318,0.5689654872897305,-0.3797924069366323,0.7018480831526419,0.30663874211408754,-0.8633990034725212,0.607698256476604,-1.5004434884034585,-0.13622193133821042,1.4393746439155286,1.0439455754852722,-1.158978550389201,0.6388674962283132,-0.5090715576656503,-0.8905523946866812,-0.002422193558969359,0.4087472376771237,0.6389114693780268,-1.1092030125376677,0.9916839200546128,0.9620583744567072,-2.818957925010239,0.9962300060342743,-1.2825179265211584,-1.3436051845699033,0.08724866495291239,-1.2607539174033804,-1.216730023736522,0
0.7239317223531324,-0.07751035971986188,-0.47994385417548335,0.7239317223531324,-0.7288268732480785,-0.3797924069366323,-0.6369530783781695,0.40033259410203736,-0.24621697866000336,-0.8978604870465134,0.8807884985253714,-0.04516971520711776,-0.3851510080527543,-0.7181642332109783,0.5712884502795038,-0.2765929634406345,-0.8517685788294731,0.5056303427122402,-0.0775103597198603,-0.0819263444017336,-0.599628587914404,0.22211945108203446,0.5014811854767457,-0.05322375774497182,-0.5782054513410745,-0.6328169520167457,0.3738331954910837,1.2190668236509508,-0.4065697951162583,0.8332820938871326,0.8944074380377118,0
-0.5137892117580395,-2.5658972615633853,2.59140413811594,-0.5137892117580395,1.1223950653442334,5.054927497527381,-0.37147651543069515,1.2953388370412384,-0.9821155123329864,-2.403419230569631,-0.18822452883698287,-2.7283271552050463,2.8922990345428414,3.398398381708104,0.20573908394104592,2.671863299640291,0.932394958811876,0.9295280155679998,-2.565897261563384,-0.4148655908377429,4.158691765649817,-2.0563931560007633,-2.229249751926995,0.36935331303828406,-0.12015143637348415,0.546837741744337,-0.6379751903447474,-0.8851646937089327,0.5145789546539572,-1.3822795439248243,-1.0351300417836944,1
-0.07646114837209209,0.2896755352698708,-0.7559500049332138,-0.07646114837209209,-0.7004394190171009,-0.3797924069366323,-0.6076686120390503,-0.27544025652316184,0.5044279579646567,0.607698256476604,0.31644070398633284,0.15532175728545541,-0.6892095123537769,-0.8848775468225368,0.42251241446902604,-0.7057291047308261,-0.5081299317053095,-0.48788778135127187,0.28967553526987333,-1.1077462243502496,-0.7311647422238913,0.5061745452101534,0.28695037704183807,-0.4115474425572335,-0.0205191526722755,-0.7636278121640757,0.4797417872438655,0.14586486976946236,-0.5299233985555675,0.37007649817577204,0.23993885495747758,0
0.2948551318612595,-3.929967985180901,0.9996483712178039,0.2948551318612595,0.7373493801871644,6.124526627661257,-1.0922900247101792,1.8485748870606586,-0.6646435401823586,-3.9089779740927484,0.6146364485511062,-4.1159381017633985,0.8555439963343149,4.050475441596315,0.5106228107595016,4.095377279906843,2.7850583065442267,3.223389245359811,-3.929967985180899,-0.7617337584140043,4.795165950423641,-3.4826102872677356,-3.3329000603544423,-0.2709025447637849,0.2556915792553838,-0.12725065469056548,-1.0975512066886774,-0.03508333486980934,4.095291640014788,-0.26151939146907077,-0.41346905624338515,0
-1.1574040974958488,0.032502534887956645,2.01847523555064,-1.1574040974958488,0.7903373185115316,-0.3797924069366323,0.930215019021437,-0.2893544220534313,-0.9562292003462528,0.607698256476604,-2.3842824229537594,-0.3114268533368481,1.4947256807867215,0.573966656999306,-3.595974325978934,1.1287460030745728,-0.19202125514475682,-1.184579367873449,0.03250253488795745,0.6048455301806631,0.6026476938143827,-1.3572516390407086,1.0886588088515388,1.2094710216899074,1.3808703434660918,-0.12725065469056548,-1.6876723174877795,-1.7531991437605197,0.5139808657112084,-1.5835349055663077,-2.1392709258155143,0
-1.0336320040847318,0.48652400469800333,-0.904971686695637,-1.0336320040847318,-0.31652183759747393,-0.3797924069366323,-0.21161966032253857,1.6676845369846907,-0.7505490680484808,0.607698256476604,-1.5004434884034585,0.6325741560508918,-0.6227955044510569,-0.6106299006189917,-1.158978550389201,-1.0757072777335956,-1.1168479892357501,-1.0468917027988491,0.4865240046980031,0.4087472376771237,-0.5732549619736971,0.9477917265243084,0.27611765986363135,1.9761280320677652,0.9563182967742854,0.9962300060342743,-1.3983137746123402,-1.0720370564493398,0.3284979130693338,0.36553307774568794,-0.26966316753246306,0
0.9467214904931434,0.3397616626850754,-0.4985118938898079,0.9467214904931434,-0.6423612745643945,-0.3034620711997782,-0.5708485482060365,-1.0687559285305497,0.9801211118123375,0.607698256476604,0.996983222364249,0.36211608312638327,-0.5394991199670705,-0.6548250244717534,0.5934678500348698,-0.4564788280683797,-0.8361533866460034,0.657570335410089,0.33976166268507674,0.2710505821046379,-0.6113119979243129,0.8191824314306505,0.0405743613606067,0.1911581317172318,-1.3436604847712017,-0.013640250797041904,0.7317364018242485,1.6950076261622886,-0.15842437114878372,1.3629978924633241,1.1722386894110024,0
0.7239317223531324,0.016786407086839712,-1.1731841186453038,0.7239317223531324,-0.8533485283103415,-0.3797924069366323,-0.7654094798043667,1.8446423666083775,-0.36627816568830346,-0.8978604870465134,0.8807884985253714,0.3836280897682707,-0.7475545323382563,-0.801620143702865,0.5712884502795038,-0.9654846136931872,0.027897751546942236,0.03017705615809588,0.01678640708684265,-0.0819263444017336,-0.7042390388476523,0.8461225681948239,0.40615665217330027,-0.7129964695956986,-0.16509344132779422,-0.12725065469056548,1.4396196967549157,0.6349234549971361,-0.7988764901765676,0.0043527754771077115,0.6792353955418361,0
-0.8108422359447207,1.1151691167426832,-0.533322514828972,-0.8108422359447207,0.9010232341224323,-0.3797924069366323,1.0443984869558347,0.2893083476260729,-0.7564486508591334,0.607698256476604,-0.7449771846820037,1.1879157428316744,-0.3472749943323492,-0.02551713478081296,-0.18418024015331114,-0.9532376510220307,-0.3500769633642303,-0.816418476258609,1.115169116742683,0.05577031117075219,-0.09270683591968792,0.8903341921394943,0.22380112713201547,0.07720628860144023,1.2211094734978392,0.9962300060342743,-0.552080220330923,-0.9002940040916961,-0.0582889087646944,-0.18804224152754193,-0.5927742409037551,0
-0.8355966546269442,-0.022966151468926648,2.1474680108676303,-0.8355966546269442,1.4935184294513706,1.618266381469255,1.051115161540211,-0.751191350417243,-0.2721985839671258,0.607698256476604,-0.8072745671960514,-0.43545418636872907,2.4359043203940254,1.4755879101237737,-0.2415213172260143,0.35070366867169,-0.41852449618054954,-0.1848803874427119,-0.022966151468925555,0.09498996967146031,1.687574683680611,-0.7283250259189054,-0.4317904236610443,2.152926877351047,0.8635883609372724,0.46753322451670143,-0.986548985734934,-0.46643167536476077,-0.5685135604284812,-0.06339411487322495,-0.566410242634551,0
0.02255652635680167,-0.19259297297320244,-0.9610633747966426,0.02255652635680167,-1.0477629833107782,-0.3797924069366323,-0.965967216224623,0.3372304465711693,-0.09131092710617483,-0.8978604870465134,0.40426597028131683,-0.10919099075720241,-0.6861770460409421,-0.8979422412538456,0.45101091683910594,-0.5210383877237983,-1.0370830331670315,-0.16386547579414606,-0.19259297297320255,-1.1931500019217915,-0.7524403077646518,0.32905137765525394,0.46983607948988726,0.5546362787674664,-0.5098894184403471,0.06845242814537178,-0.13617258629799217,0.7178650969240833,-1.0288339930741635,0.7455020570191955,0.4089154567340798,0
1.1530083128450053,-0.14834057953585517,-0.6482421566741523,1.1530083128450053,-0.9154387782317988,-0.3797924069366323,-0.8294617128442787,0.1624658233081668,-0.0978826212611935,-0.8978604870465134,1.0945355256062173,0.016069266323481716,-1.2466925923839571,-1.3634559938440418,0.6103471496964884,-0.32830702156918234,-0.943501285890408,-0.06933473135423056,-0.14834057953585314,0.5978810696105372,-0.9743456862210923,0.43691546452457586,0.4845839876817872,-0.5545767162086449,-0.37622873631683634,-0.12725065469056548,0.6044240193295466,1.3292256656458905,-0.47936858633172474,0.9699234366410683,1.265428536788337,0
-0.3487597538765499,0.4096896021147647,-0.8221225765170047,-0.3487597538765499,-0.49563177376784023,-0.3797924069366323,-0.39638927207092733,0.6293005298121067,-0.34534999874200834,0.607698256476604,0.030487951879522614,0.19324758277442272,-0.5335851428255891,-0.748212089455867,0.31208071778496205,-0.7751000121688454,-0.9338197811162435,-0.3096609701034004,0.409689602114765,-0.6763299808424623,-0.6510594749583555,0.42790914333142704,0.2718703124898019,1.6588651321949226,-0.4497386210457045,0.42427621511980806,-0.20344170172982748,0.8043260014186984,-0.7252094416181954,0.5370580392019824,0.12906425798440688,0
-0.695321615427678,1.1418762620256258,-1.1506161014087835,-0.695321615427678,0.20435305939499931,-0.3797924069366323,0.3257143064275676,0.1555113104122552,0.2947656479664998,0.607698256476604,-0.49372772802497866,1.302343276293328,-0.6207581216885121,0.1438875090350628,0.01651352960113831,-0.9784519859332352,1.4392572239592671,-0.784932466764391,1.1418762620256289,-0.1272547618325513,-0.13694834780554407,1.5175779297753886,-0.024953925135137882,-0.38100037795732417,0.3235659818806542,-1.9116022923123728,0.1077798091670025,-0.9834410545330213,-0.10258691005854827,-0.977049416114258,-1.0133849773304127,0
0.715680249459058,0.22583063419876775,-1.2463556871744847,0.715680249459058,-1.126983562781892,-0.3797924069366323,-1.0476910782522277,-0.9627453376197028,0.46886601713684783,0.607698256476604,0.8762377308644607,0.09899427188271002,-1.1376674045052977,-1.2651163390706717,0.5703707531255177,-0.7713266992119656,-0.7438823604655315,-0.23123681019690126,0.22583063419877028,-0.09499956390196956,-0.926202617043554,0.647579068227275,0.20977985299949553,-0.5107003860882131,-0.07433988901412135,-0.5080118828023311,1.0905673090468102,1.0060892295094546,-0.6009062390141515,0.38239912714244806,0.5250021094171141,0
-0.33225680808840097,0.08301865996297578,-0.7860668245168304,-0.33225680808840097,-0.9351770444941144,-0.3797924069366323,-0.8498236864558677,-0.3011458905087745,0.1036593045047695,0.607698256476604,0.05012645456953407,-0.17181627833730567,-1.1856331645233773,-1.3291730937500568,0.32062602764741843,-0.48522872037426473,-1.2940323747412594,-0.6677143436588957,0.0830186599629787,-0.7024764198429343,-0.9596614369224461,0.21089172035053558,0.3432857316767688,1.3952848724135385,-0.6234418353555495,-0.12725065469056548,-0.48724341824910494,0.7873720482842056,-0.2530069792377472,0.6851850014199945,0.1627198766573635,0
1.5243245930783569,-0.1269905128266428,-0.6505653470142041,1.5243245930783569,-0.8118166765922454,-0.3797924069366323,-0.7225652675779436,0.4645330103729343,0.010775370743474224,-0.8978604870465134,1.2507509728704924,0.20780155480521978,-0.8889629281300532,-1.0506264195835486,0.6344189343177775,-0.46735666908327017,-0.7030304172182179,0.491014435302684,-0.12699051282664053,1.1861759471211561,-0.8087432895843835,0.6313535301505488,0.5045665194583537,-0.6526052415211389,-0.6642358591312156,-0.2172624583688166,1.098073666251554,1.5085810890734654,-0.19200647435724233,0.8270332680934589,1.2320550441607456,0
-1.124398205919551,0.975470202954976,-1.177517528375812,-1.124398205919551,-0.08131426692431018,-0.3797924069366323,0.03102020903805629,0.9117107833282997,-0.21742321979847165,0.607698256476604,-2.070735569613888,0.23989715131039435,-0.9320092606417703,-1.1274063556650036,-2.4993262269635546,-1.0757072777335956,-1.2925363758923665,-1.2041763183554164,0.975470202954977,0.5525526521797193,-0.8455296531370655,0.31103956191677024,0.015541083373468401,2.1370140835156737,2.2036855029199285,-0.12725065469056548,-1.5786181942786182,-1.3162250944706109,0.5734548698624817,-0.797104703962583,-1.388493148317262,0
-0.2827479707239541,0.3361700890112341,-0.5759843896454254,-0.2827479707239541,-0.5941746428587159,-0.3797924069366323,-0.498045986666451,-0.4727301935824271,0.4449235414002733,0.607698256476604,0.10700409349427292,0.30475656425444514,-0.3161622464801006,-0.5501937254773392,0.3445239281102228,-0.5712984761927434,-0.4257375117749256,-0.4173896607862733,0.33617008901123707,-0.7809157368443501,-0.51386749173786,0.59141987580433,0.28907340499763995,0.1622706431920443,0.09468441485140831,0.38688456292927587,0.0914608888080074,0.04779410917460248,-0.6810646398610473,-0.07410717494349169,-0.24292104525403835,0
0.4598845897427491,0.4042494040297623,-0.5285773437582273,0.4598845897427491,-0.3399361658997798,-0.3797924069366323,-0.23577385546250731,0.13620541489211396,-0.04970617164047334,0.607698256476604,0.7248218460267032,0.40611986431873537,-0.6600701093636913,-0.7532828407870018,0.5375454318482615,-0.6305772883396386,-0.8186397676951986,0.17779044939888702,0.40424940402976356,-0.5002693684092847,-0.6573200169635831,0.6580989628322567,0.322666147905034,0.2997726638982535,-0.9654435165383899,-0.12725065469056548,0.5671928779730976,1.1462462409938905,-0.8738808993755892,0.8101323182739356,0.7280333434083706,0
0.7981949783998027,-1.7284611825865976,-0.38521274185063414,0.7981949783998027,-1.1299966390751768,-0.297944215604343,-1.0755620442117153,1.2145544115079627,-0.343414045872819,-2.403419230569631,0.9209123153199541,-1.6031167084553497,-0.1455780381047311,0.3819644023636006,0.5792160268988887,2.244252482519671,0.07828936021412831,1.4402848993725894,-1.728461182586596,0.0357326311003903,0.15852877817831915,-1.5723429732543814,-0.4628267813664109,-0.23759783958493816,-0.48134628324595613,-0.2490738588655498,-0.13918040421833602,1.0555030195552693,1.0572190735609899,0.5525813847404263,0.7925895096057857,0
-0.4725318472876671,1.074729957488346,-0.6369219132442256,-0.4725318472876671,0.6225607727434298,-0.3797924069366323,0.7571369202577187,0.04667331088019652,-0.37455723378964584,0.607698256476604,-0.12929626256851112,1.4099430176662018,-0.6844635593362514,0.2554726799602413,0.23652218847480713,-0.8668643353412427,-0.3729049563511714,-0.10507462434824477,1.0747299574883478,-0.4802316883389227,-0.07252949689826532,1.6955224011458654,0.1554329309486543,1.020528477791874,0.5539531333547904,0.19205437519965363,-0.3685116927176407,0.18391004694507387,-0.8920413333896358,0.47521930125659506,0.02827907048393337,0
-0.9098599106736145,0.12230897946576769,0.37593402964203154,-0.9098599106736145,0.5057163926549302,-0.3797924069366323,0.636600387190129,1.2139042250660348,-1.024501256356508,-0.8978604870465134,-1.0188866599854054,-0.4736983652825993,0.6235393419922673,0.508742086895832,-0.4626940430778544,0.02651936267048863,0.8364352521145698,-0.8614660117820918,0.12230897946576924,0.212648945173584,0.04444247768325262,-1.5162172854615827,0.860536927586389,0.012718629056273934,0.9663576749937101,1.3172244805270894,-1.072848282161626,-1.1188533848920683,0.014126984352031491,-0.7445716496998019,-1.1776323297825053,0
1.1200024212687074,-0.66162644299471,-0.24564638365576216,1.1200024212687074,-0.9322122431831081,-0.3797924069366323,-0.846765200707625,0.49667846468497384,-0.32960186196455216,-0.8978604870465134,1.079502084277095,-0.37085085431490267,-0.8904533077850492,-1.0535023839977695,0.6078433869133496,0.3939282428051834,-0.234607241432611,0.08794988420233656,-0.6616264429947086,0.5455881916095934,-0.8249677142309508,-0.08512479955111872,0.7794978257103782,-0.6554717572874862,-0.10787605265504747,-0.12725065469056548,0.7042791230525233,1.3306648682298157,-0.5664268299487613,0.8761488516449607,0.9386500595411476,0
-0.3817656454528478,0.2637964912062823,-1.0546507814262736,-0.3817656454528478,-0.8072990105892028,-0.3797924069366323,-0.7179048483335466,0.6132897085193214,-0.2704343078888082,0.607698256476604,-0.009883604774659847,-0.11707483016217875,-0.7113751396786195,-0.8637426118919062,0.2940227044907096,-0.8261465289628596,-0.7984611203435505,-0.5839819188723091,0.2637964912062853,-0.6240371028415184,-0.7657194346796548,0.16450313837940012,0.2724185110846285,0.3092770288230753,-0.4859641022733358,0.44508854982963664,-0.42117472150503227,0.10507524481946624,-0.4206084295106663,0.33783724535233906,-0.007415742100946343,0
-0.8933569648854656,0.16108903507891412,-0.7433601721686971,-0.8933569648854656,-1.0661673569622094,-0.3797924069366323,-0.9849531476964128,-1.5750646198972278,1.1290680551630907,0.607698256476604,-0.9681841467177311,-0.608017100246514,-0.3938086124056462,-1.0520683739506573,-0.40572531066146866,-0.4744927466040951,-0.6773725421584276,-0.9646499551361227,0.16108903507891537,0.18650250617311206,-0.5522042893752077,-0.3523047409419563,0.26227811196079115,1.8062120125148757,1.730149720494775,-0.12725065469056548,-1.2023530227865225,-0.45253846853815904,0.1997502272674146,-0.019338433240338772,-0.2708606775852521,0
-0.6210583593810077,0.33866086867595013,1.1196103774156587,-0.6210583593810077,1.0490836147448057,-0.3797924069366323,1.1971374115953535,-0.05715223370264636,-0.7337559010908843,0.607698256476604,-0.35825472016805404,0.11559712684128437,1.2152569016884789,0.8295161448997734,0.10699328108597932,0.21260957468676273,0.44747874164852597,-0.2709397228616658,0.3386608686759514,-0.2449137373346751,0.5083525071946654,-1.3000847371471551,0.9789848274740631,0.27506505196653736,0.7090763714447055,-0.5211984188408347,-0.08028321480255479,-0.6494076450906924,-0.8032810643928859,-0.6662292887265432,-0.6996089431240611,0
-0.9758716938262103,1.0309388893118592,-0.6140552096609351,-0.9758716938262103,0.7317388925998786,-0.3797924069366323,0.8697649477620503,0.8162707339353539,-1.086641928572404,0.607698256476604,-1.2491940241170818,0.9295378135572576,-0.7463281625722367,-0.3835309705345825,-0.7575910108803079,-1.0757072777335956,-0.6993028811669516,-1.0066434204546235,1.03093888931186,0.3172347011754717,-0.4696274345267746,0.8617888426778871,0.2303406937234678,1.1167324263051936,1.192884977234128,1.657100982931242,-1.238312582132061,-1.0045349979220055,0.2393766083793403,1.0830499632061557,0.3713194619799348,0
0.8064464512938773,0.06267750026610129,-0.4290020902230826,0.8064464512938773,-0.6282133759577698,-0.2167508098027119,-0.5824875641734618,-0.4621353791359343,0.9191188446391175,0.607698256476604,0.925280686941217,0.28535616648793005,-0.6273114713841685,-0.83257934419071,0.5800616350716259,-0.5201850509699371,-0.3755234941208495,0.21367577430742418,0.06267750026610273,0.04880585060062627,-0.6742616823576716,0.7307511288163442,-0.03719799112962863,-0.11656987427996245,-0.29972674719790193,0.1154211680260005,0.9091154640747213,1.1976392080968024,-0.7226706000381006,0.767045580054468,0.835752447408157,0
-0.9098599106736145,0.5713412023548246,-0.36304461126652676,-0.9098599106736145,0.36340592972662966,-0.3797924069366323,0.48979307127447513,1.28066344180292,-0.9741033366325034,0.607698256476604,-1.0188866599854054,0.3298508079545512,-0.5448294064221954,-0.6841500622853685,-0.4626940430778544,-0.9182463291044407,-1.0264298933111897,-0.9641409434352923,0.5713412023548254,0.212648945173584,-0.6348042248299686,0.1260458513215196,0.45184214278877616,1.5881846136018432,-0.7292673129536232,1.3172244805270894,-1.1288604602291996,-0.710092722543227,0.18817516744791984,-0.33566277768259195,-0.5515488659170978,0
0.7569376139294304,-2.270811933013451,2.083650762791532,0.7569376139294304,0.4392270780081014,3.1282747445104255,-0.49333460989838823,1.1243535916555247,-0.8833855368964783,-2.403419230569631,0.8988039048675597,-2.1114533859937534,2.3150116453222416,2.362975580241376,0.5748840178172611,2.5562198488437975,1.7526909976811986,2.9381609030016813,-2.2708119330134497,-0.02963346640078952,2.708698966615482,-1.8592227715683443,-1.8797578054550088,-0.7378996663261346,-0.2771107918095247,-0.12725065469056548,1.2638027494026525,-0.03406169434605057,3.524276716131198,-1.0355304637326368,0.3667880764293378,1
-1.0748893685551042,-0.31039479895459554,-1.130036706197246,-1.0748893685551042,-1.2020091624846783,-0.3797924069366323,-1.125087403797719,0.19895793366686018,-0.5619751469933179,-0.8978604870465134,-1.7236504558887236,-0.40274534944176943,-0.9886486718978361,-1.06557860172299,-1.602068691405516,-0.4744927466040951,-0.154109335085991,-1.2284270901021177,-0.31039479895459654,0.4741133351783035,-0.8776958705927107,0.024527226583360515,-1.2802991889019373,0.3876861138414327,3.223655411490594,2.6303836943613157,-1.457717035864296,-1.4533691683994532,0.5844501286675062,-1.930346592059264,-2.219895602050942,0
-0.010449365219496248,0.4758846834492703,-0.8521323717503393,-0.010449365219496248,-0.7270126504590918,-0.3797924069366323,-0.6350815281587149,-0.7002549298718895,0.2623480435586387,0.607698256476604,0.3757700369187336,0.5001761554744086,-0.6948158644716439,-0.6720930962767734,0.4420147008591455,-0.5063451720943998,-0.7078325501428478,-0.18858890126304706,0.4758846834492719,-1.2123319803521373,-0.6430504690009007,1.0057306649207067,0.16645053954223174,0.7193006683415817,-0.1888424654022888,0.07363661577016879,0.20481184101903838,0.875544729646034,-0.986183347392528,0.9908294428579576,0.4995919882264154,0
0.18758598423829126,0.3827476687414206,0.017472151155140343,0.18758598423829126,-0.07491029609253656,-0.3797924069366323,0.0376265382542608,-0.31767617790031777,-0.12299287704009969,0.607698256476604,0.5365380606697401,0.2031740235979561,-0.2906667960365937,-0.49226873422886885,0.48982316292407724,-0.24431346897165768,-0.5349870371543666,0.11260059371397606,0.3827476687414223,-0.931685611917072,-0.5203488009821223,0.21782251476417794,0.42505398631965735,0.3354689482152143,0.47734495420501016,0.046086361535554995,0.8534994365315025,0.9414620366647584,-1.008104100751875,0.368828240296462,0.20283669813964544,0
-0.8520996004150931,0.12872372550704014,-1.0186862259592016,-0.8520996004150931,-0.5921071785062466,-0.3797924069366323,-0.4959131927306304,2.40968461134163,-0.4733723243502496,-0.8978604870465134,-0.8508766805475935,0.16394593492792095,-1.0420501821022525,-1.1644713617287354,-0.28364945548350684,-1.0757072777335956,-1.185228434737828,-0.9992263928139533,0.12872372550704192,0.12113640867193223,-0.8859643751150136,0.47163320024342903,0.41865048625459605,1.1732473266990706,0.1489466556122108,-0.7463114269267033,-1.3291752229193445,-0.6854849232478203,0.2258469811492172,1.7079869450932583,0.9694421692678034,0
-0.695321615427678,2.8614055390890147,-3.3411114755217497,-0.695321615427678,4.775030280503952,-0.3797924069366323,5.040819864659749,0.9117107833282997,-0.23410788162607948,2.1132569999997215,-0.49372772802497866,2.7000361247623945,-2.0595340287448805,1.966652849514376,0.01651352960113831,-1.0757072777335956,1.7148392245953388,-0.287482603138651,2.861405539089016,-0.1272547618325513,1.1054624341404238,0.38470483174698367,-1.2802991889019373,-0.21832628808597737,-0.24807602821626074,-0.12725065469056548,0.5398514876235306,-0.7094301919135835,-0.7551175990615342,-0.7413669236394168,-0.8296103715753328,0
-1.0171290582965828,1.1055347088952538,-0.3182908528910114,-1.0171290582965828,0.6529341129255862,-0.3797924069366323,0.788470024344254,-1.6907320240589572,2.171111153260872,0.607698256476604,-1.4225598274821654,0.5891471380810541,-0.6416653870719101,-0.5493772740905041,-1.02452361104632,-0.8476603866155094,-0.6150359944287448,-1.0631437192467885,1.1055347088952567,0.38260079867665175,-0.5990437606501375,0.5208303390448207,0.14107560975014835,1.060062107945125,1.9585465288374395,-1.1732498905378304,-1.0358686711298364,-1.0426836491736269,0.3276908270698471,-1.2482866429553696,-1.4590502434679617,0
-1.0748893685551042,-0.31039479895459554,-0.28381217160020505,-1.0748893685551042,-0.3869583293498652,-0.3797924069366323,-0.2842818671898825,1.2069975047710986,0.8921231216954549,-0.8978604870465134,-1.7236504558887236,0.029087714763183392,-0.8946694770254112,-1.252798608979966,-1.602068691405516,-0.7751000121688454,-1.1022072277796282,-1.2027219992101867,-0.3103947989545958,0.4741133351783035,-0.855146917706749,0.09691030597055196,0.7700270313759248,-0.1292766696539951,0.8288073492427623,2.6303836943613157,-1.5787242865557087,-1.7206781067591022,0.5382152100146601,0.23545998361764683,1.0635985682714386,0
-0.7530819256861994,-0.3230426514323947,1.9784625255824688,-0.7530819256861994,0.8556601539540304,1.9589190273614066,0.2900388545367819,-0.7732074451799313,-0.21910519572135856,0.607698256476604,-0.6121285619773095,-0.5439208891663718,2.0099026812012784,0.9074652272014548,-0.07231813897870312,0.5505287490921025,0.11868839021097775,-0.46789089310436666,-0.32304265143239363,-0.03574222533089956,1.2720440672431927,-0.10913938010358537,-1.2452035148611449,0.6381498810464052,0.40930272931691125,-0.6245289799294302,-0.7605620799843874,-0.5958122203922321,-0.5498355376306305,-0.02230819824929767,-0.6020719605668545,0
-0.8355966546269442,0.7166163332895198,-1.4035641295278132,-0.8355966546269442,-0.7332217551914524,-0.3797924069366323,-0.6414868337226235,-0.3543129806915433,0.9876039169447798,0.607698256476604,-0.8072745671960514,0.6183189650960637,-1.1532126724484912,-1.0117824369941628,-0.2415213172260143,-0.9460335553331151,-0.8378325944980892,-0.9794840104174632,0.7166163332895216,0.09498996967146031,-0.7915920541279314,1.1496892470522506,0.018987467076328222,1.6469494101794622,1.4105825234709854,0.46753322451670143,-0.8016692474141736,-0.3687273303063539,0.21304078273669289,-0.06414423020655691,-0.5865843673027842,0
-1.0501349498728807,2.7105307121982913,-2.3938954157492605,-1.0501349498728807,4.296867125064861,-0.3797924069366323,4.547547283183152,-4.90545672479268,5.620978359729544,2.1132569999997215,-1.5843239046586846,2.3924507241728667,-1.6649568978465183,1.4572118381168315,-1.3149462800269485,-1.0757072777335956,-0.46950229595797666,-0.7898044359009098,2.7105307121982927,0.4348936766775956,0.7147840760327862,1.5567719138677067,-0.22742896767817025,2.7457356799109136,0.011726878713593623,-1.3406097682733953,-0.9746410123843886,-0.8453090156796356,0.030887918987045335,-0.6789735363873314,-1.0152929662012715,0
-0.33225680808840097,0.5376637856381454,-0.1936118934980728,-0.33225680808840097,0.1855178510662537,-0.3797924069366323,0.3062839263799076,0.38899338854886867,-0.6723938806651084,0.607698256476604,0.05012645456953407,0.4709916990143782,-0.3054873700416697,-0.3491420124325739,0.32062602764741843,-0.42618086463833166,-0.2690689985716016,-0.2940270392921836,0.5376637856381474,-0.7024764198429343,-0.45902238804290746,0.4285877123919287,0.4091902358524798,0.11132152021469341,0.9605845562134256,-0.12725065469056548,-0.017103430023026698,0.17365879346931487,-0.8586652392759367,0.45305114190553897,0.15129541481701558,0
-0.5632980491224864,1.514308870421844,-0.5527353969910845,-0.5632980491224864,1.7153553275454863,-0.3797924069366323,1.884462572473188,-0.5849477923270197,-0.3244336148843783,0.607698256476604,-0.26342037261256,1.2035034629526473,-0.4495364146865096,0.1489004692419417,0.16396201350236503,-0.9182463291044407,0.24121293148085074,-0.4727992202195161,1.514308870421845,-0.33642627383632695,-0.12950441470896573,0.5507520062857156,0.1888220500149468,0.21701030183778533,1.2372495010156515,-0.12725065469056548,0.2698843621378697,-0.3118631036108821,-0.5792541171623421,0.1411126042946759,-0.18333048522612655,0
-0.1919817688891348,-0.7642685954942532,-1.1769934654040595,-0.1919817688891348,-1.2020091624846783,-0.3797924069366323,-1.125087403797719,0.802620680302268,-0.523590578569447,-0.8978604870465134,0.20414512015937694,-0.5251715211850819,-0.8886741972240638,-1.0531057358501146,0.3825629634722048,0.0008861849866728552,-0.42949735426143265,-0.5066848563033628,-0.7642685954942526,-0.9247211513469458,-0.7975956340747473,-0.1357326855121968,-1.2802991889019373,-0.05169579131096225,0.09450827838044666,-0.3623977697259978,-0.25598009097547253,0.03268881044073738,-0.5275159593868454,0.12540332320353914,-0.05513306741102436,0
0.2123404029205147,0.3715470896985703,-0.9187640229745369,0.2123404029205147,-0.899799303007725,-0.3797924069366323,-0.8133280475273975,-1.1863465176610184,1.016983248247156,0.607698256476604,0.555063843916542,0.33316114940437813,-0.586908596030261,-0.7818062427983128,0.49489274001101535,-0.6298627939746402,-0.7823259343340667,-0.06893479358929246,0.3715470896985722,-0.8924659534163639,-0.643652956712442,0.8325546785385219,0.18375111871691063,0.3614399800143652,-0.2571060510614829,0.21358055699000525,0.2807991852597773,0.9183127301448013,-1.0923142108375756,1.2919276872900576,0.900684155762464,0
-0.10946703994839001,0.39205135796387075,-0.9099383639205076,-0.10946703994839001,-0.6000051898095645,-0.3797924069366323,-0.5040607724422905,0.5430854257184868,-0.2748842952014291,0.607698256476604,0.28551927184560316,0.05219211502938774,-0.9568784284978697,-1.0683043175514195,0.4119194459621628,-0.7902385075569982,-1.0243795975439776,-0.40324640709891674,0.3920513579638722,-1.0554533463493057,-0.8620057069942882,0.3047487784976989,0.2526798531998675,0.9867458381743962,-0.22062761705011671,0.09097940170922252,-0.16587639682107805,0.9629620313098979,-0.6603281706867448,1.0249012804637718,0.38513753564277253,0
-1.124398205919551,0.15037349339633407,0.3998315128451713,-1.124398205919551,-0.08131426692431018,-0.3797924069366323,0.03102020903805629,-0.3337209727345278,0.16268278429027885,0.607698256476604,-2.070735569613888,0.31280421789029955,0.6471971556522451,0.2959655431242977,-2.4993262269635546,-0.24903729743053238,-0.2262160464680446,-1.1798528306514535,0.1503734933963347,0.5525526521797193,0.031100000778992894,0.03352924284872938,0.5824712024939582,-0.47391852531761325,-2.487102086699693,-0.12725065469056548,-1.5946798122799901,-2.0526215346247367,0.5234509437009279,-1.5587854882433851,-1.6187429736985,0
-1.058386422766955,-0.12465874312321353,-0.502747921898533,-1.058386422766955,-0.45487923211109954,-0.3797924069366323,-0.3543489952405355,1.8598470708692856,-0.2944096359826218,-0.8978604870465134,-1.6288161028836914,0.19968904495283832,-0.6052013130565734,-0.7316157689671283,-1.4026781279481748,-0.5245939575315535,-0.690576784249609,-1.16636402057945,-0.12465874312321178,0.4479668961778316,-0.7033883040375443,0.4417153052483368,0.6248945447410696,0.1884487125801784,1.047473262182368,-0.12725065469056548,-1.49549977077861,-1.6509772748936096,0.4783640393270141,0.09452591051706935,1.1530433214891687,0
0.7899435055057282,-1.5340405265782204,0.26778532111003533,0.7899435055057282,-0.6958888870703185,1.0172374072149033,-1.0256372865645342,-0.5869242997633591,0.3370544692241965,-0.8978604870465134,0.9165263646867102,-1.748933705546806,-0.13123166092397615,0.2606988070258429,0.5783635993054089,1.1376349275939606,-0.10934061429385893,1.183052200560127,-1.5340405265782189,0.02265941160015434,0.29698041544854825,-1.4198540624905178,-3.2552867110716304,-0.6939855353817669,-0.6220496074539813,-0.12725065469056548,0.12057749494275405,0.7622876551967105,0.6413273607961117,0.3774848590357576,0.4009173476476744,0
-0.07646114837209209,-2.1897359555916625,2.365937438836828,-0.07646114837209209,0.7624723327633328,3.3256984370161047,-0.21960451822004887,1.2261026491752238,-0.9120971087755503,-2.403419230569631,0.31644070398633284,-2.154283501564463,2.4837874886552807,2.747704714811523,0.42251241446902604,2.7165689955447925,2.2788339912308375,1.635781750470061,-2.1897359555916602,-1.1077462243502496,2.9351266328310297,-2.1646196096910404,-1.417741688968604,-0.04039467491949026,0.41067340909057953,-0.7636278121640757,0.22175897885979368,-0.38193678225474137,1.5467354057944882,-0.9903265871946788,-0.6173412699522315,1
0.08856830950939751,-0.8757546668698475,0.19350250252212586,0.08856830950939751,-0.9086575333809419,0.49543089056140677,-1.0872597518439924,-1.0128215501874598,0.4726588781973057,-0.8978604870465134,0.45911564955935086,-0.7954364669522926,0.23133172582542455,-0.39336193404421976,0.4676787525811196,0.5877758728148996,0.037552121122772245,-0.03104977985606478,-0.8757546668698466,-1.0885642459199036,-0.11033317107941384,-0.17204063333750066,-3.9303056086111128,-0.38223466009617224,0.10968752889305262,0.05884736886508204,0.3845441549514341,0.1260600472124684,-1.1668122142423427,-0.9916956014466783,-0.4811086582627308,0
-0.9923746396143593,1.6237604747510517,-1.2831504278379413,-0.9923746396143593,1.2261631112294527,-0.3797924069366323,1.3798124240131275,0.3905661815172698,-0.581799094067861,0.607698256476604,-1.31526925390345,1.2965380144282463,-0.9933806304964244,-0.20513387636989414,-0.8543540784404878,-1.0757072777335956,-0.6370941851851996,-0.9550514487776082,1.6237604747510515,0.3433811401759436,-0.3111276576533599,1.2772623354720944,-0.11660052333882645,1.9172424654113371,0.2199806825233358,-0.12725065469056548,-0.8585538590388427,-0.7764809742916856,0.19049053844472905,-0.9947342405500441,-1.3407816908533854,0
-0.22498766046543273,-1.34800213116216,0.02801400304459514,-0.22498766046543273,-1.0585602158529512,-0.3797924069366323,-0.9771056293547398,0.9460711663365818,-0.6261885636893745,-0.8978604870465134,0.169814490030673,-1.3875315174467922,0.20710433032545378,0.28574909485443706,0.3695052000606732,1.6225435379756026,0.012040894997047354,-0.005199257049610963,-1.3480021311621582,-0.8724282733460019,0.20095404705571468,-1.394197241775606,1.1274941858638907,-0.3978775454535131,-0.2857718478665733,-0.36992247740713147,-0.6850000455309001,-0.2118320494194741,-1.0516146552927477,0.19359842111258607,-0.047213352749870145,0
-0.9263628564617634,-0.2975361489354998,3.690568852702548,-0.9263628564617634,2.6830664754579314,4.20575251245488,1.495423185296705,-0.5961915538807696,-0.8846460030224759,0.607698256476604,-1.0720634252405241,-0.2832245658336021,4.190755071670544,3.331852120873323,-0.5253596487358757,0.9083006749937561,2.3565886096706286,-0.46887255852739657,-0.2975361489354986,0.2387953841740559,3.8646041253322494,0.5710610086518672,-1.4480642241518782,-0.5535857368804356,1.1908875426203365,-0.12725065469056548,-0.7634347953315465,-1.8299465964092791,-0.4824496248759137,-1.4775419797054898,-1.4396649920430495,0
4.1482929733940415,-1.3193243968905644,0.009045820945379465,4.1482929733940415,-0.8826253754547515,-0.31756278970994517,-0.8144386406540602,1.3513326407138946,-0.34040376028829367,-0.8978604870465134,1.975051189476739,-0.9787906700400603,-0.5293868560211779,-0.4062674779710038,0.7102530185516829,1.6201203221554776,1.4891624858019663,2.1676626198591085,-1.3193243968905624,5.343459748196197,-0.4652218184784108,-0.938251496300251,0.8676531011246142,-1.9891683380797243,-0.8531231539566463,-0.26618490433745384,0.8432616503064261,1.8169229692132927,2.4362306858606604,0.668683704220812,2.1617434523407835,0
-0.6210583593810077,0.020256201536436806,-0.5873408199876221,-0.6210583593810077,-0.9691374958747316,-0.3797924069366323,-0.8848572504811942,-0.8319646591121176,0.48140748368478214,0.607698256476604,-0.35825472016805404,0.4807276246952029,-0.27845353904813996,-0.45655536697139776,0.10699328108597932,-0.3886049564427378,-0.01646421192023787,-0.8083833629812162,0.020256201536437916,-0.2449137373346751,-0.4439081855864049,1.057178892900726,0.37014602274613,-0.4280138475101062,-0.026687917593746772,-0.5211984188408347,-0.19571845720835848,-0.9039756655505284,-0.06462543420136536,-1.3685799765107811,-1.1375732479068457,0
-1.1161467330254764,-1.1323398786065966,0.6487900051454515,-1.1161467330254764,-0.8504186070147588,-0.3797924069366323,-0.7623869762413974,0.4162515943961132,-0.5054335841420511,-0.8978604870465134,-2.0046603387376125,-0.6989474209483211,-0.15135538968931597,-0.5627930304513574,-2.3058000918431945,0.869398558273612,-0.4795074097207386,-1.2169743268334356,-1.1323398786065957,0.5394794326794833,-0.4227247425678951,-0.6215628059702796,1.0886588088515388,-0.019292923160604065,1.1348821784160759,-1.9116022923123728,-1.7476023707042796,-1.8505401751249235,0.5594917591883686,0.09591469009399152,1.0325989715030999,0
-1.0913923143432531,1.0697669697616776,-0.30659459332218314,-1.0913923143432531,1.1888066147107739,-0.3797924069366323,1.3412755035852684,0.7276906864059791,-1.3188644097394608,0.607698256476604,-1.827529736591332,0.8409689873536942,-0.3114120851399276,-0.1468654825852082,-1.84133736755433,-1.0757072777335956,-1.0541388053847323,-1.0555449017129646,1.0697669697616772,0.5002597741787754,-0.3247565091252676,0.33455260993943603,0.38674532803569406,2.6193669995009197,0.4156431440013833,-0.12725065469056548,-1.4370441847299003,-1.1032730446313501,0.3768999893349309,-0.8154127490972428,-1.2984871942888265,0
0.28660365896718504,0.047630358439833605,-0.8235163848291179,0.28660365896718504,-0.9143441625547443,-0.3797924069366323,-0.8283325085243649,0.21300356642762713,-0.38921177751069774,0.607698256476604,0.6088235956896106,0.015349398678909292,-0.7850346497662537,-0.9526841803017317,0.5091255099075073,-0.43912718594941863,-0.7304590785293671,-0.11198264028808476,0.04763035843983785,-0.7748069779142401,-0.7911198743813758,0.4023182347198966,0.3699861578476753,0.20175188167963065,0.23692643041934447,-0.6138920104056024,0.13885504326581183,0.9897765631798673,-1.012425853940869,0.9780593106809659,0.5366626933886078,0
0.36911838790792983,-0.8721720299073055,1.0972354535306923,0.36911838790792983,-0.41316131721714333,0.7581882837189036,-0.655602078788267,-0.32946096561447835,-0.34621579159851634,-0.8978604870465134,0.6656024396330906,-0.844764646865473,0.9686265168889971,0.47535130089879846,0.5234144723529427,0.8378029304806014,-0.24068955895920421,1.099247059816279,-0.872172029907304,-0.6440747829118804,0.44877603599945587,-0.5242024612102097,-1.444884165004168,0.3473430966509601,-0.5506352193474038,-0.2812302376325493,0.3176107907398988,0.8635546902567164,0.564786339169113,0.5322432105611337,0.5380061954548886,0
0.2948551318612595,0.3735759467419851,-1.5926262305617598,0.2948551318612595,-1.1066308735008172,-0.3797924069366323,-1.0266952665351,-0.024968276098874177,-0.5401434058342491,0.607698256476604,0.6146364485511062,0.21741566789559894,-1.5046739448573452,-1.4249355968580795,0.5106228107595016,-1.0405298317632525,-1.1073589530721852,-0.45360220750248714,0.3735759467419873,-0.7617337584140043,-1.0302540108226101,0.7992651461505749,0.13111602657641,0.4436474635674678,-0.09307193090139568,-0.12725065469056548,0.3806844938873305,1.1708166805333735,-0.48936334565877204,1.1007959289412204,0.6000011641423009,0
-0.43952595571136915,1.1278690179961097,-0.7240566489817934,-0.43952595571136915,0.669589046936004,-0.3797924069366323,0.8056512358202762,0.17487234057217627,-0.46750619506539864,0.607698256476604,-0.08434525576372551,0.8514694930336837,-0.6549991133654827,-0.3333493697812127,0.25890990086300397,-0.9421040485937067,0.6698096189751893,-0.5591130614888852,1.1278690179961124,-0.5325245663398666,-0.4636339866373301,0.8190947069727701,0.12868890126516289,-0.36569765276623506,1.3057507982280698,0.1791531618707569,0.5551403368574297,-0.278460545900536,-0.4470804988484495,-0.17284388379236854,-0.3868461685997736,0
0.02255652635680167,-0.13175634922694318,-0.7910138361556355,0.02255652635680167,-0.932078348930353,-0.3797924069366323,-0.8466270755448011,0.26977803301022063,0.10961144886094437,-0.8978604870465134,0.40426597028131683,-0.18245188015787006,-0.7588874454242845,-1.1040990578129302,0.45101091683910594,-0.5210383877237983,-1.1383815170166731,-0.3577989338104958,-0.1317563492269424,-1.1931500019217915,-0.7849696342278076,0.16443947240885531,0.4697418544835135,0.21611709281643202,-1.1811703216287763,0.06845242814537178,-0.38564754339451823,0.6383899315820636,-0.7280035420291745,1.1969516126608304,0.7893100877207271,0
0.09681978240347199,0.31999267759131605,0.4405675269299324,0.09681978240347199,0.4015867856342225,-0.13125338691541216,0.45398640885602287,-0.2920787129671644,0.01673501598998843,0.607698256476604,0.46578177036556906,0.5073683767704944,0.6626602706945044,0.27725862671842916,0.4696478947610044,-0.22887461498411618,-0.2911801684176254,0.5337714181724305,0.31999267759131617,-1.0754910264196675,0.17842373608788084,0.2651215273603715,0.3317089301080876,0.14820936312713187,0.11171565536388517,-0.12725065469056548,0.014259493510156917,0.48331362286491325,-0.3243267316176506,1.2724825592188453,0.7578110198837222,0
-1.0748893685551042,-1.0819138001003388,1.4863485699548817,-1.0748893685551042,0.1564088927400103,0.5465803040515519,-0.004013354987270204,0.8269202751649077,-0.5715132988968618,-0.8978604870465134,-1.7236504558887236,-1.5892165240828848,1.8416529449258117,1.6904764312044211,-1.602068691405516,1.629758112349157,1.0802408841074356,-0.893351959041248,-1.0819138001003377,0.4741133351783035,1.602095556187558,-2.3529484248747887,0.20610582929632196,1.6205715926767432,1.8513292064199647,2.6303836943613157,-1.581102437148545,-1.4533456746577107,0.1017469337139438,-1.385372459680299,-1.491286547501715,0
-0.34050828098247543,0.4657579499457765,-0.4996150814875832,-0.34050828098247543,-0.2866067252702035,-0.3797924069366323,-0.18075926358351221,-0.008070860461304258,-0.009087768649397598,0.607698256476604,0.040351434689686175,0.36898184891432506,-0.7435209296581213,-0.7722858403540713,0.31639186510295486,-0.5990687305318294,-0.6823953477843071,-0.5831093273851714,0.4657579499457793,-0.6894032003426982,-0.7091073589460325,0.5941158349057318,0.2990061429337133,0.011822948931010128,0.31147788817155286,0.146028424945204,-0.23767601142933464,0.05994805912093819,-0.4191863778086544,0.7969564794831705,0.19289093354205938,0
-0.9676202209321358,-1.4493038006459307,1.3941035487744433,-0.9676202209321358,0.33494383714096926,-0.3797924069366323,0.4604316080913441,2.7512561261762896,-0.6657836434768564,-2.403419230569631,-1.2176002904233238,-1.285908068737309,1.3282948809417103,1.617847946313774,-0.7133564657099398,3.8370743194960375,0.02703048191644732,-0.6850207414871264,-1.44930380064593,0.30416148167523577,0.945838951956144,-2.9416770384955533,1.9593014917865765,0.6620914339788485,-0.2818871407715129,0.7394344264400234,-1.4519027907297233,-1.3902275145241043,-0.22964277059986168,0.20229529702649648,0.9418792526627219,0
-0.6210583593810077,1.6612648706400803,-0.7435481584656658,-0.6210583593810077,1.980570281184592,-0.3797924069366323,2.158058024861452,-0.36773636795762804,-0.7755154016380316,2.1132569999997215,-0.35825472016805404,1.8580621387677216,-0.8762013080694747,0.6559883452695997,0.10699328108597932,-1.0757072777335956,-0.026309825152124156,-0.29646302386044293,1.661264870640082,-0.2449137373346751,0.296243970479522,1.6667163812148043,0.15277416776374572,0.46462996498510445,0.4378712133944703,-0.5211984188408347,-0.0362651689037302,-0.36270321771208025,-0.778574283005027,0.1157858953286876,-0.047121814349127746,0
-0.6705671967454546,0.3910958734486541,-1.2892344679429553,-0.6705671967454546,-0.8652745459782766,-0.3797924069366323,-0.7777123464198334,0.6139049439649191,-0.254970899836999,0.607698256476604,-0.4466740559890621,-0.007124500078399905,-1.036563268356385,-1.1923151049819025,0.049222172156690475,-0.982561364460011,-1.1337304574556146,-0.8707372963329297,0.39109587344865376,-0.1664744203332592,-0.9017490292301434,0.35452996179767665,0.18114753608030634,1.4359277897580975,0.7320298027154054,0.29998846981043,-0.9334652079891078,0.05483525926668284,0.04031089589382497,0.7841247405132229,0.19511883738782063,0
-1.0088775854025083,1.352657270181784,0.18439990898220882,-1.0088775854025083,1.7865105590096366,-0.3797924069366323,1.957866230431015,-1.6321350812684032,0.9990196696142372,1.3604776282381628,-1.3856102720409507,1.1505680801433957,-0.34160459610316224,0.2915847472164766,-0.9640188883420252,-0.634816621571962,-0.31088945478025637,-0.9243653148132663,1.352657270181786,0.36952757917641577,-0.12807750968407755,0.47120788926078316,0.40429316505609014,1.0241913380936125,2.553977906307637,1.8950145346141487,-1.0683475197365218,-1.103671002547513,0.1266975139256158,-0.6542316443178694,-0.6327668987604146,0
-1.0666378956610296,0.4834870717895749,-0.7692147810304398,-1.0666378956610296,-0.1625240419649166,-0.3797924069366323,-0.052755704935550644,1.7673179831801658,-0.8418776078252592,0.607698256476604,-1.6752021461245543,0.9006555636577469,-0.41439381314605156,-0.2814819797777851,-1.498038832210382,-1.0757072777335956,-0.9370651594717719,-1.0936844212966073,0.48348707178957345,0.4610401156780675,-0.3384117769230811,1.1620964198761567,0.32671325401854917,1.798647409717806,-1.1481162282618484,1.1916179470298998,-1.5248342813374383,-1.4028363063971576,0.39360909125462273,0.8769671888403174,0.5660418257499579,0
-0.2744964978298796,1.6252462431356105,-0.3722358863684714,-0.2744964978298796,2.0125330589545847,-0.3797924069366323,2.191030791002936,-1.6408865257953258,0.9633907262796003,2.1132569999997215,0.11620167890636413,2.1749816539385707,-0.27203173654904156,1.5040355165997845,0.34827261837889845,-0.7422605629895028,0.6259156028242828,0.47650760182902,1.6252462431356138,-0.7939889563445862,0.9844935212651932,1.930144720192855,0.21286221574267764,0.04226775417954593,-0.06857966033368611,0.12765672211254891,0.4356044679883624,-0.0727157703179915,-0.31502629205882926,0.24826144438218953,0.6362560039686456,0
-0.1507244044187624,0.2013922664820493,-0.42827834439060614,-0.1507244044187624,-0.4883328110830509,-0.3797924069366323,-0.3888596702505586,0.1482609751951593,-0.0597269198574523,0.607698256476604,0.24559145959982506,0.48640307441068753,-0.3806994570367068,-0.5883890013299747,0.39778890028602426,-0.4834660978149832,-0.7123754607822287,-0.21451214002676236,0.20139226648205008,-0.9900872488481257,-0.4928277448681348,0.7440210063478627,0.4060776908547746,0.6394269977407968,0.3099578790336367,0.3254952832134764,0.05339291432561321,0.5570388396978699,-0.9692420850311806,0.3899926663008953,0.05013280744886571,0
1.078745056798335,0.10247540071625102,-1.4046434158048042,1.078745056798335,-1.180888881767404,-0.3797924069366323,-1.1032997456052898,-0.1805924405208506,-0.5413126020185935,0.607698256476604,1.0604139042486507,0.05898509664244294,-1.1749373171565556,-1.2281405535325303,0.604614152228379,-0.8653884134868799,-0.7614593586003722,-0.0212694836043966,0.102475400716254,0.4802220941084133,-0.9445396357548478,0.6194094924701006,0.2654039018308271,-0.42797098443007525,-0.3180818271194104,-0.02006345384402507,0.939120195899616,1.3669658524510644,-0.5622233792479274,1.267199531386543,1.1872054526462332,0
-0.42302300992322023,1.0314880842262841,-0.00835341426578968,-0.42302300992322023,1.1059565630257828,-0.3797924069366323,1.2558074820422935,-0.5959835201822965,0.004859646040413669,0.607698256476604,-0.06254638064706915,1.2022918451610975,0.052611210979834754,0.4398068314671244,0.26943877550101253,-0.6828344158073874,0.7737863295230617,-0.2962812339672893,1.0314880842262868,-0.5586710053403385,0.15379867300994562,0.817344832909459,0.3839150317420816,-0.5442744558658664,0.6919744497283804,-0.42758706894374116,0.9167009008558957,-0.44228842217026737,-0.8171777537606434,-0.7748979329180645,-0.7959284649513937,1
-0.3982685912409968,0.2138424710546913,0.39782077522682785,-0.3982685912409968,-0.05257850037148016,0.012134509250676398,-0.05791114579546491,-1.01550597355682,0.6756828649213379,0.607698256476604,-0.030644373771887286,0.20642921197426792,0.6203838810289186,0.11961805077026542,0.28447279361394456,-0.24903729743053238,-0.32160087106482077,-0.33823834130715946,0.21384247105469334,-0.5978906638410465,0.058535956646486906,0.3442904578843241,-0.1020872746753408,-0.09336847185329418,-0.8858613241203854,-0.12725065469056548,0.6449789708200457,-0.2756199866833682,-0.7854502087305058,-1.008269582119645,-0.8461567590079903,0
-0.42302300992322023,0.41529139024189554,0.4849814310644695,-0.42302300992322023,0.15909882948302956,-0.3797924069366323,0.2790300929797243,-0.7849088533298033,-0.008913857359502602,0.607698256476604,-0.06254638064706915,0.15567219885322078,0.5602129465369636,0.04467583082374429,0.26943877550101253,-0.093525122918075,0.16727565032701217,-0.3742327401515888,0.41529139024189626,-0.5586710053403385,0.005528737750308169,-0.0948732428007309,0.4879828493072098,-0.690970197653331,0.08040440301345887,-1.628932725956444,0.3559576581965291,-0.5402712889850909,-0.7079082512937448,-0.9505438595850465,-0.7742747041850063,0
0.6579199392005366,0.6828250645893489,-0.17062648143942646,0.6579199392005366,0.24072449616774969,-0.29194671882568385,0.33665785381073254,-0.5665958394951665,0.364525700438605,0.607698256476604,0.8438389507135124,0.7999250051873652,-0.10535236904272888,-0.04264865142284309,0.563725359941467,-0.5055900499383795,-0.13738023349047077,0.9005870645779334,0.6828250645893493,-0.18651210040362132,-0.19787074703392488,0.88257506340301,0.19901765601554683,0.00012190812941960714,-0.3692992816621584,-0.6502502726141997,1.2603817313267829,1.2018704018628685,0.20048596263756072,0.5007061305951008,0.5093340212038876,0
-0.5467951033343375,0.31758578337333426,-0.33730073477968525,-0.5467951033343375,-0.6460054933694569,-0.3797924069366323,-0.5515146346388847,-0.9641475534601605,0.399328835762478,0.607698256476604,-0.23777430842405867,0.2780840492341172,-0.3342915602597264,-0.5956056233561746,0.1785354101670179,-0.22981241416767043,0.1705510197397751,-0.7890409183496643,0.3175857833733368,-0.36257271283679887,-0.5323063033292017,0.6190265684581797,0.2855078067641779,-0.8740647175831631,-0.2687088346498386,0.5781906904157316,-0.0697513225472151,-0.8017166437166874,-0.07449504525689685,-1.2909740859525343,-1.1349627604887507,0
-0.8520996004150931,0.5905854404786419,0.7294022189242437,-0.8520996004150931,0.9936379798376757,-0.3797924069366323,1.1399397560438,-0.4069014100683604,-0.3331503277511193,0.607698256476604,-0.8508766805475935,0.6694020610863132,0.42836484697982874,0.3576009462070789,-0.28364945548350684,-0.26590811335508474,-0.23042807207778898,-0.754137258864157,0.5905854404786434,0.12113640867193223,0.06011649110481251,-0.06824317078753894,0.723550586975555,0.24108675603203847,-0.3948464622538506,-0.7463114269267033,-0.7108324185755448,-0.9135251067682444,-0.15041255136455126,-0.987601536058409,-1.1799254840780267,0
0.01430505346272719,-0.24916313219699718,-0.5333803677916044,0.01430505346272719,-0.8915136070047494,-0.3797924069366323,-0.8047805327090193,0.25547382101973176,-0.09818330231220532,-0.8978604870465134,0.3972115290580313,-0.48329978604342394,-0.576137989919279,-0.761222297438546,0.4488056755842819,-0.2168293761200235,-0.8086138075613238,-0.20265943899314218,-0.24916313219699535,-1.2062232214220274,-0.6636389973776725,-0.2493586768889306,0.5514065384325615,0.5309895769451796,0.1172908771813363,0.2666971094597004,-0.35998815830054026,0.9701820309972341,-0.9784483696933165,1.0250050301484195,0.3653459945468729,0
2.918823512176944,0.06977398421866865,-0.6595199748346896,2.918823512176944,-0.7649529186297785,-0.3395153325458417,-0.6864062542631956,-0.16520901217825992,0.5587149880349137,0.607698256476604,1.6937477803106895,0.3998566557178462,-0.76018573940246,-0.8209108021693128,0.6865882108874446,-0.6182614388307147,-0.050491892025862226,1.4260689297279714,0.0697739842186695,3.3955500426610357,-0.7040072453394988,0.883936572042396,0.24764588002436522,-1.4654967943535808,-0.8838147490440578,-0.0073535090796147074,1.3334376216257184,1.7049763905703472,1.237823265263346,0.8107933834152071,1.7555378089109552,0
-0.9511172751439869,-1.7769759632947024,0.318088406104735,-0.9511172751439869,-1.2020091624846783,-0.3797924069366323,-1.125087403797719,0.46146355720403637,-0.9449764188127961,-0.8978604870465134,-1.1570342932555775,-1.8513851602031108,-0.11406261272357184,0.33852623077525934,-0.6320605448562927,1.6053845502763393,-0.357930180595349,-0.9493432461325825,-1.7769759632947015,0.2780150426747638,0.3865925980722788,-1.8717902472448513,-1.2802991889019373,-0.11109736299671528,-1.2008112688740602,-0.9470878935978806,-1.4216034898459495,-1.3028830560758096,0.1525094356777257,-1.838595336701945,-1.708518908155839,0
-1.1656555703899234,-1.93915713470672,0.5182320494885572,-1.1656555703899234,-1.2020091624846783,-0.3797924069366323,-1.125087403797719,0.7032163505258269,-1.0271378033693426,-0.8978604870465134,-2.4791167770487,-2.4467078481908495,1.0086443228901965,1.2603338840316647,-3.9947554528936164,1.9303653779139067,0.5387515186173322,-1.0685610580627682,-1.9391571347067191,0.6179187496808991,1.7438911933977368,-2.6510873557539822,-1.2802991889019373,2.306525431002399,8.356290751134585,2.6303836943613157,-1.8871020940270993,-1.7221394840983157,0.48704404164063747,-1.4802453137282843,-1.7147510302494602,0
0.31960955054348295,0.7286200280683219,-0.9383920785425496,0.31960955054348295,-0.2945005559576089,-0.3797924069366323,-0.18890253057642806,0.10556538019375962,0.02589380427294742,0.607698256476604,0.6318912784698558,0.5477215006445743,-1.0152073223699147,-0.9480495364957557,0.5150206420577743,-0.8333328332468335,-0.04097643508166928,-0.22440151021432275,0.7286200280683235,-0.7225140999132963,-0.7626568162360425,0.8425212249160716,0.1235277727297523,-0.25242095209727383,0.32132343159917587,0.031565983212944626,1.3055700186772328,0.7785586807265961,-0.8351656460294433,0.45177228931448615,0.283444944405709,0
0.43513017106052565,0.7362784042257806,-0.17533562003264647,0.43513017106052565,0.43074307560002073,-0.3797924069366323,0.5592579963662725,-0.15835415492736585,-0.1609128918488437,0.607698256476604,0.7089875630615539,0.5408380396153739,-0.5175704150708448,-0.5156905808213698,0.5338419298253192,-0.6240631909338732,-0.1857693318192484,0.24174413381035295,0.736278404225783,-0.5394890269099927,-0.5414031588935706,0.4537116507158925,0.35200296614967463,-0.5952396055556981,0.40506414601999696,-0.2752212782982277,0.8730655015400759,0.8008468965489038,-0.8011898966231468,1.0329503677481766,0.6249329385106585,0
0.7404346681412813,1.0378151727445308,-0.13459025503149788,0.7404346681412813,1.0949522763497952,-0.3797924069366323,1.244455472097093,-0.2266347986733136,-0.3940557682035187,0.607698256476604,0.8898334240431375,1.3053983865125245,-0.6132115631917006,0.0840725870472996,0.5731010917654796,-0.7204441457025271,0.3533518876134277,0.9586143984725891,1.0378151727445326,-0.05577990540126167,-0.12484856880753235,1.1586476264753816,0.3732016954360595,-0.5619331230639433,-0.0462358314919378,0.12344337704142311,1.8886817924419501,0.9273992412362426,0.28579136802168675,0.3271085949697361,0.6634058242011461,0
-0.9263628564617634,1.352657270181784,0.05341398785928831,-0.9263628564617634,1.6370845729349208,-0.3797924069366323,1.8037185487195784,-1.5912859243720494,0.9389738110096957,0.607698256476604,-1.0720634252405241,1.0201592014626693,-0.32483277062523364,0.02901036222947601,-0.5253596487358757,-0.5797052895517577,-0.6583354454143617,-0.7758793300853375,1.3526572701817845,0.2387953841740559,-0.2045325215099147,0.4962522891604351,0.32407448153427915,2.108855844946055,1.3137579464508717,-0.12725065469056548,-0.72244037673797,-0.3966727890672787,-0.048614326101190306,-0.5492674951334872,-1.1036486471640152,0
-0.728327507003976,1.1817443803446364,-0.05210145385508333,-0.728327507003976,1.31955435252615,-0.3797924069366323,1.4761547250827753,-0.850862434484862,0.16855506454626193,0.607698256476604,-0.5598029556315302,1.210488861312671,0.03588984483951752,0.5329786628524043,-0.031868004178954634,-0.662372287582064,1.3827765165737538,-0.8276167336768759,1.1817443803446384,-0.07496188383160746,0.14456368608554324,0.6249966317259008,0.34169007082116315,-1.8961385018521852,-2.513450690271675,-0.12725065469056548,0.046766073156317985,-1.4643269688953038,0.06356906036247337,-1.5435346988468541,-1.3395426364494902,0
1.936898237782081,-0.7496489417257722,-0.4265356296245092,1.936898237782081,-1.0630082452058731,-0.3797924069366323,-0.9816942115080105,0.35520596880173083,-0.29814712696211754,-0.8978604870465134,1.4015306475617217,-0.6298979110559594,-0.7748045820486001,-0.8488509059031052,0.6545997012124559,0.3939282428051834,0.025298537811181326,0.7358127054234345,-0.7496489417257709,1.8398369221329547,-0.7183611296737914,-0.3690779870960652,0.7836606892113206,-1.2213029277124845,-0.4403805761122164,-0.04886828301208578,1.201761045562618,1.2855664304089747,0.19477146810483084,0.636316100798275,1.1975962346997362,0
1.268528933362048,-1.1693190028445188,0.7967676587101837,1.268528933362048,-0.6746233292797992,-0.11338456848251398,-0.6616368574757525,0.6700229909684318,-0.7069258269562142,-0.8978604870465134,1.1455772966249504,-0.939426091585144,0.403246833513793,0.22888378639548632,0.6185948388644807,1.4745425961425211,-0.20556855043241598,1.7714697267199704,-1.1693190028445168,0.7809061426138407,0.06983142052698103,-0.9262728196997476,0.332340743725147,-0.5045022118239625,-0.731104005487131,0.07101063837852349,0.8870980385862123,1.2088774853709452,1.5496682498924352,0.5641829193369584,1.0734499779021056,0
0.3278610234375574,-0.2621748613829869,-1.0281559064379833,0.3278610234375574,-1.1708787487191126,-0.3797924069366323,-1.0929733034411697,-0.23096339172057853,0.010260791818224414,-0.8978604870465134,0.6375827134587376,-0.2651621024784128,-1.2350256442072218,-1.3703391689147615,0.5164560453287322,-0.4901493750189258,-0.8618002178207667,-0.4793800143516795,-0.262174861382985,-0.7094408804130603,-0.9712698028891953,0.18339412277717415,0.4726470432926069,-0.5308645565712108,0.1942651797620854,-0.12725065469056548,0.5968413159391163,0.5025370398307502,-0.4231562633467876,0.25896607333735217,0.30180144503458545,0
-0.6458127780632311,-0.4007528801698632,-1.276297080571274,-0.6458127780632311,-1.0404675559174181,-0.3797924069366323,-0.9584412614069766,1.9255562135929254,0.1971619793406298,-0.8978604870465134,-0.4015680004331958,0.034821941936753704,-1.1139266459626798,-1.2452220116281543,0.07927876261314587,-0.7182283673322709,-1.2222593123243481,-0.858266509662587,-0.40075288016986227,-0.2056940788339671,-0.9277352256559804,0.502870886141519,0.5914700932736485,0.6063777731344456,-0.07257947789699333,0.6925865842167496,-1.5555473538733218,-0.4489934055771658,0.0018025671867382082,2.7721156393596793,1.8150617102060187,0
-0.5880524678047098,0.5330903092939049,-0.7317819151620839,-0.5880524678047098,-0.39031244800474096,-0.3797924069366323,-0.2877419722788036,0.13717559743387303,-0.1651975226835678,0.607698256476604,-0.3030577386600485,0.32483563671431054,-0.9151686410302902,-0.9016729922393928,0.14075252992532072,-0.6674751886950459,-1.0992316622195684,-0.6900381425381681,0.533090309293907,-0.2972066153356191,-0.7972746008272333,0.6198471604714338,0.22380112713201547,1.5214359291790616,0.08774746098653621,-0.5017442082655142,-0.5848422173718009,0.2535908312346816,-0.2261287024058557,0.027746152251544632,-0.407184123533951,0
-0.49728626596989056,-0.6439742704644703,0.9497108059702416,-0.49728626596989056,-0.2924596820298867,-0.15826849778728394,-0.25381789847220726,0.30967881652393386,-0.6150779661884094,-0.8978604870465134,-0.16426955503025073,-1.0487001940474066,0.9906132552343693,0.5671874349037629,0.21845384450933555,0.7932857212124602,-0.4720649845683783,-0.032649530915817196,-0.6439742704644686,-0.4410120298382148,0.5535282430033629,-1.4469759971054057,0.5843995362324638,0.8377437859953142,-0.05041624274881874,-0.12725065469056548,-0.9123155907202244,0.03736613365939063,-0.8732389236244175,0.7113185114733984,-0.00539344758608342,0
-0.6458127780632311,0.1599305981402565,0.46075176953183156,-0.6458127780632311,-0.07121791651385635,-0.3797924069366323,0.041435592937477755,-0.15675271529738402,-0.5340750617977468,0.607698256476604,-0.4015680004331958,2.7477917134659976e-05,0.25197669090862346,-0.1688429173903491,0.07927876261314587,0.354208363871703,-0.21020751778821345,-0.5941621528889154,0.15993059814025865,-0.2056940788339671,-0.22848685778617278,-0.14873927224477307,0.5797715352600512,0.3390879673318737,-0.06552186652091156,0.6925865842167496,-0.2844084236210564,-0.4391628088774543,-0.40157923081750974,-1.0355112498756194,-1.0845300306704961,0
-1.0748893685551042,0.8897458694943379,1.9876659476904028,-1.0748893685551042,2.3298777810995124,0.5465803040515519,2.238134742633627,-1.7299341722025483,0.44261575567277234,2.1132569999997215,-1.7236504558887236,0.7704876575131085,1.8091055024846208,1.381118767745543,-1.602068691405516,0.12672178452540547,0.22566281308726954,-0.9852285710411197,0.8897458694943361,0.4741133351783035,1.188162737337774,-0.429750798193341,0.42049116845953216,0.991225595377962,1.8743404052750503,2.6303836943613157,-1.2563445040875727,-1.3477365165716169,0.2137188727901403,-1.1816244095919262,-1.3914728406183514,0
1.2767804062561225,0.18915188691211912,0.12774587215592123,1.2767804062561225,0.04401860413184397,-0.3797924069366323,0.16031345998494545,0.4430652532126854,-0.5843702373514498,0.607698256476604,1.149133277587957,0.38074882183443387,-0.20573020298239603,-0.3250657061907934,0.6191551751225195,-0.12786417328187485,-0.6035765941138428,1.3232122081816171,0.1891518869121216,0.7939793621140767,-0.4282902387659083,0.2907687779023504,0.6044684910665347,-0.27067153756477,-1.1070202959542803,-0.028442909284797615,0.814408181562638,1.6012947702717226,0.8457534028627033,0.9263743674034896,1.2619106456336522,0
-0.8438481275210187,-0.6841528928429779,1.528323898546237,-0.8438481275210187,0.23248030383259286,0.43541557873296977,0.1080940498937747,0.1337526356922065,-0.5756136597627205,-0.8978604870465134,-0.8288575987574143,-0.6445064130175993,0.8890957937046785,0.30406137142225226,-0.2621641049721849,0.6437662812967759,-0.42080537610368823,-0.7839871593199919,-0.6841528928429768,0.10806318917169627,0.29134002554312766,-1.0364911763551974,0.1697062912044793,0.612119554147982,-1.140573658255066,1.0861084588922643,-0.7583108915429556,-0.7948118230972769,-0.10287522209731019,-1.4738231727198439,-1.346888475752144,0
-0.8273451817328697,-0.04003343957873689,-0.0597512056330743,-0.8273451817328697,-0.28246463279411976,-0.3797924069366323,-0.17648628557349308,0.7452835126460434,-0.40860104663462615,-0.8978604870465134,-0.7861106502456601,-0.15626401969763679,0.005506829032208661,-0.2869682369894051,-0.22167248285469532,-0.1854472989456814,-0.49967120501464274,-0.8316524693048877,-0.04003343957873408,0.08191675017122435,-0.39290137362891325,-0.25588387253259515,0.6340103042321849,0.5537955478049085,0.6149461374400542,-0.12725065469056548,-0.9095279492867105,-0.7467162824087924,-0.03769255071390936,-0.4502517393007059,-0.46999261041873036,0
-0.315753862300252,2.0673275028220504,-0.852718850117835,-0.315753862300252,2.9399743111653374,-0.3797924069366323,3.1477781594315797,-2.555017045701356,2.5791515254859045,2.1132569999997215,0.06941735479052075,2.0149351152760646,-0.5534263528982062,1.09798380885858,0.3288715020761024,-1.0176953492912755,0.3779795510247946,0.23116396202880857,2.067327502822051,-0.7286228588434063,0.6327674527313797,1.086293848252303,0.16363711449065757,-0.06795150854154727,-0.15354749221723799,-0.6594257045075973,0.28402762291444084,-0.019579646064150295,-0.6919056221444086,1.0508669576613403,0.7464691773178904,0
-0.03520378390171969,1.0009558156054352,-0.6946734434998061,-0.03520378390171969,0.17109449333703408,-0.3797924069366323,0.29140480652359135,-1.3366836655541592,1.9018557961842102,0.607698256476604,0.35389825206261577,0.9591361132491764,-0.6426760809957983,-0.2447329181046858,0.4349484163478593,-0.8522829587327676,-0.9167712658642219,0.3429283883396933,1.0009558156054377,-1.1731123218514294,-0.391871570035605,1.2185151957008067,0.06811355056008017,1.5534004045266103,-1.1918539711163194,-0.12725065469056548,0.13409936389864907,1.2661915249915772,-0.5114579237994614,1.4741218731641663,1.0535054033772724,0
-1.0088775854025083,-0.34468453233885143,0.2692278701020439,-1.0088775854025083,-0.8035398662854364,-0.3797924069366323,-0.7140269192338878,-0.5787175735165264,0.014532904800989482,-0.1450811152849547,-1.3856102720409507,-0.8237033219172057,0.3339363632892453,-0.21072914344481047,-0.9640188883420252,0.02651936267048863,0.2670829713152213,-1.1023376202107227,-0.3446845323388508,0.36952757917641577,-0.06144451015441269,-0.8225809169167557,0.6374287140413529,0.041323823793663894,3.974149964295355,1.8950145346141487,-1.3241359257602723,-1.3065642985113282,0.40272671813363636,-1.3407090396063142,-1.6622866173624204,0
-0.6375613051691567,0.8245953760642527,-0.32505589217354286,-0.6375613051691567,0.7106434592716834,-0.3797924069366323,0.8480029221086709,0.7631485299581208,-0.9765701755914442,0.607698256476604,-0.3869381505556423,1.0492749916687605,-0.7153518149740355,-0.31755735946574065,0.08876328671273823,-0.8993510152689421,-0.7695168324015874,-0.5723110077318425,0.8245953760642535,-0.21876729833420328,-0.3703904577246481,0.9869574988644556,0.3919064565711047,0.45083160552807744,0.29636135630604105,0.27720238317038004,-1.1752263506752367,-0.4194207150718435,-0.43316564097115295,2.5660492750301915,1.6646631789308592,0
-0.9263628564617634,0.6454315191315195,-0.3520190523664205,-0.9263628564617634,0.2922506982624792,-0.3797924069366323,0.4163894133166481,0.686607562957882,-0.7315966235425553,0.607698256476604,-1.0720634252405241,0.8172713003096339,-0.5640015874371423,-0.31852963550378155,-0.5253596487358757,-0.7450392856123703,-0.5612887509823774,-0.9431623897653573,0.6454315191315195,0.2387953841740559,-0.447774027958656,0.9689781146855914,0.36919749101529803,0.7980097144612328,0.35574471276749897,-0.12725065469056548,-1.1196921873658296,-1.0298779295956515,0.13557448757376578,0.9701740005011558,0.5560772840445272,0
-0.1919817688891348,0.010573054235235227,1.0638973385072046,-0.1919817688891348,0.18800001030337518,-0.3797924069366323,0.3088445190993666,-0.2617804303216242,-0.5919063781699799,0.607698256476604,0.20414512015937694,0.06753749643633404,0.817651558324858,0.4675837685986673,0.3825629634722048,0.3597506725600956,0.0979243028118362,0.1847711812959885,0.010573054235236723,-0.9247211513469458,0.1882598650609489,-0.35081952311971226,0.7935360953266949,0.274838266595998,-0.05474910586466513,-0.3623977697259978,0.34840693354677993,0.12525312506310185,-0.8124415947534798,0.07950547686744038,0.08832450594938049,0
1.507821647290208,-1.5635054286762224,0.1499525797397007,1.507821647290208,-0.9700643482791493,-0.136446739572572,-0.9594361637496079,0.7679175557725971,-0.3978220722616345,-0.8978604870465134,1.2442634110596074,-1.4322218310061279,-0.31784486112646565,0.019226052572705075,0.6334864021639557,1.7078262678838831,-0.07546751042433142,1.643889579704715,-1.5635054286762213,1.1600295081206842,-0.0741343752199056,-1.38826723225468,-0.39544552472008976,-0.4677955349624677,-0.8120947363745539,-0.03670146710975979,-0.01897803358436776,1.6352969324768634,1.340301507845804,1.339135052248291,1.4518462551863918,0
-0.8933569648854656,-0.7390164662577866,0.10505148609769922,-0.8933569648854656,-0.9303255514397405,0.0833939485574598,-0.9849531476964128,-0.6831232778534291,0.38990126845938367,-0.8978604870465134,-0.9681841467177311,-0.7446390033961791,-0.4272523908641159,-0.47635913086383297,-0.40572531066146866,0.42732905009015565,2.453556898702091,-1.0326030171969696,-0.7390164662577844,0.18650250617311206,-0.5261575819161785,-0.45375064350047034,-1.9320759925166504,-0.17422995517533632,2.2511388100173995,-0.12725065469056548,-1.2162228082605995,-1.0900091792084645,0.2821635746125815,-0.2927374187400241,-0.7481641968717042,0
0.6414169934123877,-0.008496059375826986,-0.7302022031964672,0.6414169934123877,-0.6562794742118034,-0.3797924069366323,-0.5621132618950806,1.1468489459615385,-0.2414087558004904,-0.8978604870465134,0.8344024650936797,0.0926378925853863,-0.48302622802298345,-0.6714220809241292,0.5617523798532837,-0.6444012010537365,0.16226021965027115,0.0035993737790273274,-0.008496059375824533,-0.21265853940409324,-0.6384490216306993,0.35674236356539774,0.48288060740580674,-1.4042054145614398,-0.3793619484261747,-0.39102437503465715,1.2799583440252176,0.208092061287097,-0.7681032716815531,0.31310076730183317,0.6614858649240362,0
0.6496684663064621,-1.33500468936508,-0.06999755332002175,0.6496684663064621,-0.865638977381422,0.23778940038882382,-0.9649339682533692,-0.020573982844315657,0.4182811815167409,-0.8978604870465134,0.839130920584627,-1.3826835325314566,-0.45748516695514985,-0.20003782508852702,0.5627431404170474,1.0428582129132156,-0.3929680870351582,0.8288527727394898,-1.3350046893650778,-0.19958531990385728,-0.1853425375367598,-1.2117911672466606,-1.8015331057604222,-0.3220921729836292,-0.06295892483850106,-0.5211984188408347,0.24790765823836206,0.8398334562925932,0.08422266544351777,0.48632343834193575,0.4913042422515071,0
0.04731094503902511,-0.5404398457097257,1.0350462537741503,0.04731094503902511,-0.14278698271454132,0.7811050410105858,-0.3836175424009348,-0.6290692571426173,0.042532196171460736,-0.8978604870465134,0.4251594029727327,-0.40996420260030847,0.8420722025600352,0.0564503386355267,0.4574591539260064,0.263707373896684,0.3001868999273871,0.013488743966587719,-0.5404398457097239,-1.1539303434210835,0.22131477643334885,-0.05773102574568378,-1.028651636027026,-0.4996512780703362,-0.22884772006402562,0.2567237483419773,1.3114698399228113,0.12611250471736976,-1.1267537128245295,-0.8606604949748196,-0.4057220909744012,0
-0.25799355204173063,0.2896755352698708,-0.5830595365246564,-0.25799355204173063,-0.4116568394448594,-0.3797924069366323,-0.30976082284466533,0.7094496450250434,-0.4945825930017883,0.607698256476604,0.13436722277296587,0.04293121655831616,-0.7384400047963166,-0.9530831809065374,0.35558411344838065,-0.5838044795367315,-0.7095803907525023,-0.608014542747226,0.28967553526987333,-0.8201353953450581,-0.7691205744723397,0.18592279253707597,0.37421115873541116,-0.35268087648732827,0.10911796260365045,-0.3779446864225541,0.07556377377469094,-0.016147395200490838,-0.36288939570575013,0.3736089956170583,0.16880694559288523,0
-0.315753862300252,-1.208244396779174,0.45518800334755527,-0.315753862300252,-0.9398583097220191,-0.3797924069366323,-0.854652874479409,0.5671363354846312,-0.691327235398956,-0.8978604870465134,0.06941735479052075,-1.34754662293436,0.4221383587373633,0.425553117301111,0.3288715020761024,1.1867579315168932,-0.22903764978146512,0.10038431289404852,-1.2082443967791736,-0.7286228588434063,0.31544185878634357,-1.4533845754131096,1.095903328722344,0.32628792919824817,0.8161292274423237,0.40492439512646633,-0.2867022941439214,0.045571175977928334,-0.8730401474003918,-0.821383645486188,-0.6373710456039094,1
-0.20023324178320928,0.7102605463111268,-0.40632087804298755,-0.20023324178320928,0.1521638363174332,-0.3797924069366323,0.27187596171217615,0.05769907085287264,-0.4027421172282919,0.607698256476604,0.1956633077633512,0.5607669378660824,-0.5219836690429479,-0.5541439600509395,0.37937503295181196,-0.5590385400441811,-0.40667492260202254,-0.4387317942425158,0.7102605463111292,-0.9116479318467099,-0.53761184635096,0.5607704180380797,0.2724185110846285,-0.7224493200098216,-0.7217171854295633,-0.12725065469056548,0.8912216735865166,-0.25015783038169426,-0.6079563011642521,-0.830499412825838,-0.5689409273443063,0
2.3577233553798798,-1.5649449758557157,0.7047861103850933,2.3577233553798798,-0.6561608115268126,0.6438705887672058,-0.871693954409056,0.3054109625760434,-0.3887878565708771,-0.8978604870465134,1.5364548419292299,-1.3422961577192432,0.26332138990256326,0.2110332459357592,0.6704374564918537,1.4911218848512582,0.413278865407872,2.54574923964014,-1.564944975855714,2.5065711166449898,0.2115304582593672,-1.1466211505228476,-1.7472127417813217,-1.0010609890621651,-0.9722705118667238,-0.2657619690265065,0.23213878312356712,1.6667987763635597,2.7331356662651287,0.9947530408213437,1.5733965768245073,0
-0.24974207914765614,-0.4776275150499394,-0.1155429514686446,-0.24974207914765614,-1.0060406561571822,-0.21274159020105812,-0.9734667332618796,-0.883771187556517,0.4128442412339843,-0.8978604870465134,0.14333770468729545,-0.41110809223848827,-0.2517401093174359,-0.7889678740928701,0.35914996555193773,-0.04575779407732007,-1.0006188918255075,-0.38673988480056226,-0.4776275150499374,-0.8332086148452941,-0.5091451280408341,-0.029180564985090817,-0.7137122478196558,0.8477135278180264,-0.3939829957248841,0.3700276705482993,-0.3180669649720727,0.46059464142120266,-0.7069434285340824,0.334255869962445,0.23263268229514553,0
-0.4807833201817416,0.8751544935861438,-0.07573506431321812,-0.4807833201817416,0.3876289872463403,0.05382886203656027,0.38359203422910826,-2.2408637965732034,2.8633199668495193,0.607698256476604,-0.1408297821465588,0.31763454670745783,-0.11817734287894631,-0.7012232059663924,0.23062755143643043,-0.5832230341487921,-0.8902818174163761,-0.517555891913953,0.8751544935861459,-0.4671584688386867,-0.4014515084304538,0.4980934615874357,-0.3433972818999189,1.2932167372766512,0.4906630180337258,0.5181531291300857,-0.4350996530572731,0.5372119583870494,-0.4896366947567361,0.5607362133965842,0.009415587943252845,0
-0.10121556705431552,-0.5736909660122704,0.14728587949756064,-0.10121556705431552,-0.6896914959427958,-0.3797924069366323,-0.5965810665013646,0.4111012051703367,-0.34656406018287683,-0.8978604870465134,0.29333226143431224,-0.36463518936606165,0.054185141453085575,-0.4451601592812595,0.4146244361344505,0.3414412599287984,-0.39432306684659507,-0.21607553310788402,-0.5736909660122687,-1.0685265658495418,-0.3362219449176526,-0.2782810234019612,0.8172157049422862,-0.08565533333328602,-0.1962889437226225,-0.12725065469056548,-0.15919947595443817,0.3187811218261095,-0.9882253098350611,0.28025450893139886,-0.07771347844954254,0
-0.7860878172624973,0.3137385060658392,1.160814378580701,-0.7860878172624973,0.7903373185115316,0.6928496794707387,0.6056935838394649,-1.2291497259432218,0.5539050002434863,0.607698256476604,-0.6860489162337158,0.4432231151762306,0.8886237673132701,0.36064166816116283,-0.13287506593037388,-0.03149256577183159,-0.6834580471492647,-0.505957696730748,0.3137385060658404,0.0165506526700443,0.3116214423677088,0.6615793454462634,-0.39367163418718615,1.9127241344470212,-0.4326290526492961,-0.6594257045075973,-0.6946024988670115,-0.24601868895963738,-0.41767039793967986,-0.24432569193913428,-0.5774098724099149,0
-0.8355966546269442,-0.5036947665619168,0.2346309549970209,-0.8355966546269442,-0.616024903368146,-0.3797924069366323,-0.5205866912038496,0.3052782899353868,-0.26709461427830616,-0.8978604870465134,-0.8072745671960514,-0.7253436608089068,0.4181518734289507,-0.01381348943691501,-0.2415213172260143,0.22102994627120942,-0.4967602573129001,-0.8069290438359867,-0.5036947665619145,0.09498996967146031,-0.026021039656571134,-0.8206048474347813,0.8025527704755149,0.5154128601030505,0.7200584905264708,0.46753322451670143,-1.0838123777740332,-0.715471334019895,-0.07408862436882561,-0.8522102125245358,-1.2421434309210935,0
-0.728327507003976,0.23877671227761713,-0.0804631584384576,-0.728327507003976,-0.3614879908144022,0.25708883186774434,-0.4506912963101834,-1.962834431419264,2.7687322517846598,0.607698256476604,-0.5598029556315302,-0.27245155058195497,0.13388882888894096,-0.6335950347823273,-0.031868004178954634,-0.662372287582064,-0.9964736124243335,-0.7366127131641419,0.23877671227761732,-0.07496188383160746,-0.3049157921228406,0.14268919568238403,-0.9378504906857221,1.810504426930976,-0.809205986582223,-0.12725065469056548,-1.032579598509757,0.04031023218474545,-0.13618287882270977,0.5801048354275259,0.03294705949409978,0
0.16283156555606781,0.7342459157750412,0.16075675818038002,0.16283156555606781,0.7440036794185967,-0.3797924069366323,0.882417288258201,-0.14779502172239306,-0.5184741414102483,0.607698256476604,0.5176919309928615,0.48468433784714765,-0.058339284954268156,-0.11221687913119849,0.48457674012479823,-0.3067119472191182,-0.08163024109843946,0.17266397441195314,0.734245915775042,-0.9709052704177799,-0.3113168635543103,0.04346407450927857,0.48053549142056984,-0.4033232817114243,-0.0064682311770180596,-0.12725065469056548,0.37137834432740985,0.44995296470862856,-0.925006640042253,1.129789620939344,0.6718362761956733,0
-0.7200760341099015,0.8013838642349106,-0.5881642085645397,-0.7200760341099015,0.08535317908210362,-0.3797924069366323,0.20295416171619732,-0.09629151197804957,-0.13031966207645493,0.607698256476604,-0.5429048270322697,0.6863135913735625,-0.19258429153442047,-0.11348501031195525,-0.019214372267235862,-0.6687312874305491,-0.24722054069064286,-0.6926195590209504,0.8013838642349126,-0.08803510333184342,-0.3139382578716075,0.7382330374546927,0.18546131515467956,0.33641887682093946,0.48018419222831876,-0.5939272368378057,-0.45940549840155814,-0.5590511373562849,-0.2514987776643071,-0.7552810285759514,-0.9222277518772554,0
-0.6705671967454546,-0.16671598653465322,-1.140825538910058,-0.6705671967454546,-1.0336418542314776,-0.3797924069366323,-0.9513998751087763,1.0467382346986247,-0.30990316087442527,-0.8978604870465134,-0.4466740559890621,-0.39114071006520945,-0.968546786812976,-1.0004143004722192,0.049222172156690475,-0.7031236246392571,-1.080141740790298,-0.8144915033911799,-0.16671598653465305,-0.1664744203332592,-0.8588781751665486,-0.07058369635496697,0.4592255244242864,1.1978418701450666,-0.7508651426851395,0.29998846981043,-0.6754453282949755,-0.19132872439647328,-0.052184691783340786,0.027412762174466074,-0.4063931378659974,0
-0.8438481275210187,0.5228457222828062,-0.8917237359546207,-0.8438481275210187,-0.48476442932604275,-0.3797924069366323,-0.38517853158282284,0.37814141558851744,-0.14012864832370311,0.607698256476604,-0.8288575987574143,0.19267835154962126,-0.8705665382317237,-1.047002511386899,-0.2621641049721849,-0.8111728840366154,-1.2456592910587627,-0.947888926987353,0.5228457222828077,0.10806318917169627,-0.8113871132818438,0.40745060587314375,0.2032906682770073,1.914998963476522,-0.17677936638244773,1.0861084588922643,-0.9391965954292575,-0.27525235472691273,0.17564496586829864,-0.1323480202008774,-0.6927632790316177,0
0.7651890868235048,0.5982831357281679,-0.29704305291749067,0.7651890868235048,0.18856736098614574,-0.3797924069366323,0.3094297974352429,0.19660354843156494,-0.2519950357181824,0.607698256476604,0.9032616095106627,0.6451213573046668,-0.33909059234710764,-0.3472933868859058,0.5757645649693592,-0.6978010010236239,-0.2913432705246563,0.6553888566922448,0.5982831357281709,-0.016560246900553556,-0.4048734189403133,0.6555126112385592,0.36621062513948566,-0.4884952142735129,-0.006240400102606382,-0.2510628091377944,0.7678106753255708,1.040891860937426,-0.18456790311417523,1.2049810982368752,1.094625391846152,0
1.47481575571391,-1.0927912079714774,0.6488312711622211,1.47481575571391,-0.5519384073560055,-0.2566492066844266,-0.4917313701797313,1.1642383612373417,-0.6876632167758525,-0.8978604870465134,1.2311712756262778,-0.9765211390190551,0.4880276865970493,0.36381775679586714,0.6315875300440962,1.6815243182016968,0.26220777379860194,1.9618764608091386,-1.0927912079714752,1.1077366301197402,0.14721074405868642,-1.2088813223239059,0.8684681533583195,-0.7751915516464425,-0.8170076021771506,-0.03560721710877822,1.1141972368877675,1.08369697879184,1.840326705841564,0.13276405352874712,1.0143729717737435,0
-0.7778363443684229,2.4386958947831086,-1.7658474811741334,-0.7778363443684229,3.5384014302304423,-0.3797924069366323,3.7651149125651004,-2.443467828475721,1.5426662132625961,2.1132569999997215,-0.6670935259405232,1.9766882331020972,-1.4869442511277327,0.8246240436524096,-0.11695277048187368,-1.0757072777335956,-0.6607975390539383,-0.30864294670173975,2.4386958947831103,0.003477433169808335,0.21437617190743755,1.1908501732488448,-0.1396897825761895,2.1567098517329977,-0.7190874952375803,0.9187485811567028,-0.7223218203950814,0.07098572612554845,-0.5566248512820139,0.9666201967872108,0.3363550788902098,0
1.0209847465398136,-1.9695954849934685,0.9956686948682714,1.0209847465398136,-0.4657072021165137,1.318557563208372,-0.879344722808472,0.5960679427498379,-0.561021102033233,-0.8978604870465134,1.0331160530252155,-1.7084296724974928,0.9320964911175229,1.0680199160596937,0.5998966615581642,2.0872039512520377,1.6631230097117156,1.808409433008799,-1.969595484993467,0.38870955760676157,0.9937910089982044,-1.4757766002431518,-2.265861469391176,-0.9419285562626262,0.20769638950055438,-0.12725065469056548,0.6617133115100231,0.6260258127902553,1.6298008406325921,-0.7227490701334901,0.1290182540701876,0
-1.1986614619662213,-3.6046584705134035,0.5378726013955764,-1.1986614619662213,-1.2020091624846783,-0.3797924069366323,-1.125087403797719,4.714754680086718,2.5475754169510516,-3.9089779740927484,-2.9717387635860164,-3.3395428196587926,1.270296157530134,3.515764838683587,-6.729254608880008,4.59288687291598,2.0755534412975507,-1.2231188252220302,-3.6046584705134017,0.6702116276818432,3.2725408777880185,-3.8198378933702006,-1.2802991889019373,-2.0044708656870984,-5.301509935910869,4.206174750962393,-2.003409433665598,-2.6259274078702073,0.6933665730730472,-2.811087126634336,-2.8466110329522443,0
-0.20848471467728374,0.11417689983864321,0.12717671985784204,-0.20848471467728374,-0.1666165030693251,-0.3797924069366323,-0.05697748327752767,0.25020059028940395,-0.5123577767663123,0.607698256476604,0.18711497066059454,0.16753067643981018,0.309065153228806,0.013146980831211855,0.3761368988011768,0.01784041274604716,-0.11721384962017169,-0.011670977245882102,0.11417689983864668,-0.8985747123464739,-0.16425740376043285,0.12584790290876108,0.574757867539938,0.31114491888186574,0.13643075285327486,0.11159956451865236,0.20184359787433656,0.3267457985852512,-1.0769475785718203,0.33397549367801027,0.1801440938817558,0
-1.1491526246017745,-0.3301773374455127,0.7028937654055171,-1.1491526246017745,-0.28246463279411976,-0.3797924069366323,-0.17648628557349308,0.9266462747571558,-1.2392271150116874,0.607698256476604,-2.2970432740371822,-0.49316393107754775,1.7105916845517275,1.3319355054378603,-3.2585441416665053,1.4678926616604453,-0.389927801150093,-1.0386747996283026,-0.3301773374455101,0.5917723106804272,0.831981057829962,-0.9361345923137384,0.8254412535455969,1.8449538041678841,3.5192367575257304,-2.460633565426773,-1.7006818983278285,-1.917931834646343,0.33468697448959067,-1.7808560511938487,-1.7224287549332673,0
-0.7365789798980504,0.706050869221542,-0.09821413252077268,-0.7365789798980504,0.6005900346071307,-0.3797924069366323,0.7344719311338983,0.39636929031988616,-0.7897455478074427,0.607698256476604,-0.5769672074240032,1.1281193408654677,0.04584063084966489,0.17436748110477499,-0.0449233386910395,-0.550837448969746,-0.1325914342864339,-0.5783827901631756,0.7060508692215417,-0.06188866433137149,0.08881104246470968,0.9610286927487188,0.44257935491877237,0.19150109616496014,0.5984072725812482,0.35424105704865055,-0.4779372871448701,-0.7366928291732465,-0.41338889768785453,-0.3886820598269096,-0.5163983547458634,0
-0.9758716938262103,-1.409683310391014,-0.15540503301169098,-0.9758716938262103,-1.2020091624846783,-0.3797924069366323,-1.125087403797719,0.23344868142853553,-0.5729335450249946,-0.8978604870465134,-1.2491940241170818,-0.7333637467828579,-0.39043056798428605,-0.597676095728436,-0.7575910108803079,1.2584197254750538,-0.7776176541796203,-1.081177276647634,-1.4096833103910134,0.3172347011754717,-0.5157559999016621,-0.4082632016442632,-1.2802991889019373,-0.2008199704673714,-1.7161050920097687,1.657100982931242,-1.4896087178843704,-1.5736803452126926,0.35796687347013456,-1.6835318584225174,-1.3267385266102607,0
0.9879788549635158,-0.4736492281186055,-0.861244159085005,0.9879788549635158,-1.1141115236171983,-0.3797924069366323,-1.0344122969086387,0.6477605797609953,-0.6444456055596721,-0.8978604870465134,1.01720471593184,-0.2212257774872542,-1.0955917172207374,-1.2216271413419946,0.5970919349622186,-0.030212890879721573,-0.8346300786948695,-0.10300221956629278,-0.4736492281186044,0.3364166796058177,-0.9223874047405629,0.2082231522647709,0.6093671409810177,-0.6046772515304258,-0.885377056563282,-0.5733385640960157,0.5428756106809557,1.0623837076851819,-0.5572379943649944,0.7824177543259174,1.0097603752317186,0
-0.043455256795794164,-0.7693407202710737,3.016014145262748,-0.043455256795794164,1.9288210219379376,2.808946312519294,1.1399397560438,0.14388175089711291,-0.9832240466754734,-0.8978604870465134,0.34650902123989474,-0.9530133148857114,2.605745317876297,2.074391083816852,0.43252889489388346,1.3536902154019372,0.5646935648765538,1.3957827335285677,-0.7693407202710718,-1.1600391023511933,2.0856929648324676,-1.8272618187456333,-0.32587917018221085,0.6514766143289117,-0.1452248295223727,0.07910293605481379,0.4702933852406876,0.5984883368676016,1.1507833784937522,0.1767595546697958,-0.1471329155787078,0
-0.043455256795794164,0.35965458299284103,-0.36732819836717123,-0.043455256795794164,-0.22616598811918776,-0.3797924069366323,-0.11840866609037734,0.22533560029478913,-0.138284074898113,0.607698256476604,0.34650902123989474,0.06159685846634295,-0.24817775762993158,-0.5402449049228981,0.43252889489388346,-0.5808300106133945,0.5923106676775275,-0.4522933202717806,0.35965458299284125,-1.1600391023511933,-0.518967482115244,0.055479566383426056,0.38888530816013256,-1.3313268449287485,0.49948074909804546,0.07910293605481379,0.5248539072395929,-0.33236639798704626,-0.5170974994054942,0.1039241576640746,0.08504977834128305,0
-0.8108422359447207,-1.3644866029891094,3.9970513875270264,-0.8108422359447207,2.6719978838968412,4.149140846783379,1.5011323586934249,0.7291948910547416,-1.3251666443358239,-0.8978604870465134,-0.7449771846820037,-1.4162169041884702,4.3597329486336625,4.148572612628193,-0.18418024015331114,1.9860333900555274,2.4576528650581455,0.12518045432021097,-1.3644866029891072,0.05577031117075219,4.617878566832722,-4.273699086038223,0.29504798420730804,0.1555508006108563,0.5485732121233872,0.9962300060342743,-0.7397688733996479,-1.4863179526265164,-0.5591677800500247,-2.121649085171322,-1.496630747108135,0
-0.9841231667202848,1.146918869876252,0.6118570769156155,-0.9841231667202848,1.695949355327991,-0.3797924069366323,1.8644433930301445,-1.2440719450039723,0.0906459583733123,0.607698256476604,-1.2817309924282496,1.001048593528473,0.22440327061630805,0.6148014230901324,-0.8045064375761511,-0.07368305918442804,1.1409324263137595,-0.9832652401950599,1.1469188698762534,0.3303079206757077,0.0985201467892004,0.21913197139749374,0.5777070838458869,-0.8446443861602816,-0.0891476486067701,-1.046462104374526,-0.6726006599792131,-1.5526151214010098,0.22272217538230718,-1.8747609916020995,-2.0084257010804762,0
-0.9841231667202848,1.0326197585954013,-1.3381707905645215,-0.9841231667202848,-0.11527471830492736,-0.3797924069366323,-0.004013354987270204,0.9122477666620056,-0.10875787017356259,0.607698256476604,-1.2817309924282496,0.6630750342105269,-0.7717765206658919,-0.6099923401689107,-0.8045064375761511,-1.0757072777335956,-1.0644313010850157,-0.995263373143203,1.0326197585954024,0.3303079206757077,-0.6231808599135331,0.9093103266685879,-0.0324530007848801,2.5940044668055453,0.9226253389891416,-1.046462104374526,-1.3516818792635734,-0.6336517402922411,0.286628516062012,0.3031662969324206,-0.26614879708549893,0
0.4103757523783022,-1.3212629291686555,2.4921134553262734,0.4103757523783022,0.8396528254668836,1.8398332966192148,0.30955438638792965,0.6935484936325069,-1.0153611786441814,-0.8978604870465134,0.6929198424212456,-1.240539078945184,2.7338611386431637,2.337132153973109,0.5300284227917955,1.8708391867129663,1.2495995857509483,2.3481436257820856,-1.3212629291686537,-0.5787086854107006,2.400240842318858,-1.864976189161002,-0.2830726483247353,0.01567171303363092,-0.7327539498948978,0.17308575956261024,0.7511907413889714,0.37809432221976497,2.6196516987725267,0.06936362295247316,0.8365565770516018,1
-0.299250916512103,0.3251476732535837,-0.5200057125769459,-0.299250916512103,-0.48064233315846433,-0.3797924069366323,-0.3809261817425073,-0.15540316808770416,0.27363976095143144,0.607698256476604,0.08837274399380389,0.48779330968753004,-0.5598415833235492,-0.5986210966335036,0.3368326498003554,-0.6196134954974228,-0.9558263284942858,-0.3379111194994828,0.3251476732535852,-0.7547692978438781,-0.58423433101951,0.8434228753207403,0.32997291414617697,0.9822263265331723,-1.2433789335482193,-0.12725065469056548,0.04896560060960361,0.3840338725241289,-0.7594722892570377,0.2650256577729103,-0.008386988004208038,0
-0.711824561215827,0.1182268683485947,0.46269903161570614,-0.711824561215827,-0.11527471830492736,-0.3797924069366323,-0.004013354987270204,-0.39563454769122675,-0.16702344133154817,0.607698256476604,-0.526264695246237,-0.016617295696205056,0.0005237755089825237,-0.33939103294063677,-0.006944183746786252,-0.07368305918442804,-0.4646030728135645,-0.7794060540125191,0.11822686834859701,-0.10110832283207938,-0.38889293484061377,-0.09866661653222174,0.5914700932736485,-0.26968631455398806,-1.085882995817942,0.7919607949933949,-0.48053602344031504,-0.8278123084101566,-0.10988206151605713,-0.7478550076642595,-0.935509973824978,0
-0.8108422359447207,-1.4343360598829622,1.5610633206885283,-0.8108422359447207,-0.20583592198657336,1.5072631154467058,-0.6683535320601288,0.2639125043526654,-0.7000252095736169,-0.8978604870465134,-0.7449771846820037,-1.3550331059532013,1.1490000882718903,0.9311812408513931,-0.18418024015331114,1.7410941366323978,0.45479009781098984,-0.7306863626473318,-1.4343360598829615,0.05577031117075219,0.8600852848106921,-1.0600353484411886,-1.9120213216361976,-0.7628775046770182,-1.0758166574082506,0.9962300060342743,-0.9519763729467566,-1.2682373495286554,-0.1591051610553506,-1.7738066222893218,-1.7785065875111514,0
1.0374876923279626,0.4056192380799429,-0.458950103246278,1.0374876923279626,-0.2560029197094995,-0.3797924069366323,-0.1491884116677601,0.331392230631194,-0.374650578627047,0.607698256476604,1.040985453497445,0.16615113338420612,-0.5979960176542134,-0.7768546166997244,0.6012687580223707,-0.528558801561784,-0.2831888176525133,0.39335690470052515,0.40561923807994466,0.4148559966072335,-0.6841909151638641,0.2560246815893623,0.3485000422220099,-0.6649011155107997,-0.11293337830028892,0.09097940170922252,0.6917390264745787,1.1139939060679536,-0.4678966905545728,1.0279440704830323,0.8869656007712026,0
-1.0831408414491785,1.1550830921105981,0.0635017529318071,-1.0831408414491785,1.6442000960813359,-0.3797924069366323,1.811058914515361,-0.04543669761457369,-0.9180185871173533,0.607698256476604,-1.7743529702463066,1.483294077347856,0.3766192595765935,0.8337635524992847,-1.7160061562382816,-0.7607853804752859,-0.3116988373860925,-1.0392565272863945,1.155083092110598,0.4871865546785395,0.5586565891698368,0.480323727326638,0.5382948295754784,0.7906403883779723,-0.2754805933962366,-1.5717257899082204,-1.4152845481047338,-1.5884881731755383,0.28674217466671115,0.6110471456974788,0.43164702349074696,0
5.369510961717064,0.09004352584098753,-1.2558115634525278,5.369510961717064,-1.1052451366330567,-0.3797924069366323,-1.0252657419173365,0.03380581193337126,-0.3801220604191599,0.607698256476604,2.1970864220773403,0.38567019665870717,-1.4042163224149837,-1.2640901638652036,0.7250650081240003,-0.7792179199163077,1.267378791646159,1.2223188174813227,0.09004352584098989,7.278296234231121,-0.9566509903061267,1.0176921133377628,0.2923424073563477,-2.4006833963693284,-1.0270741665395346,-0.08947484168985459,0.8451701381023055,1.6868617048724157,2.17138409938167,0.303256474706269,2.3407662762419403,0
2.060670331193198,-1.8018276054812201,2.412204240365986,2.060670331193198,0.7754690611906644,2.8648164912508385,-0.06676003682367597,0.903007263101618,-0.9555782706420015,-2.403419230569631,1.4429769761030986,-1.7023496060300043,2.54830794079536,2.3543920801609985,0.6596750134837253,2.247423787365286,2.0911300310738055,4.828048632227376,-1.801827605481219,2.0359352146364946,2.5524358722972336,-1.750306334668762,-1.1754741972033864,-1.1289509310191364,-0.8853989673346517,0.0236646579441174,2.880588893979411,0.7517203560652984,6.428416336061868,-0.6433820070688893,1.1608029613059478,1
-1.0006261125084337,-0.24126227197021002,1.4602789545918657,-1.0006261125084337,0.34045262925432296,1.5924849777478887,-0.1305862314658693,-1.3912569971906825,0.6121623017164953,0.607698256476604,-1.349872398250264,-0.2080963122135425,0.8257677430088632,0.16650135968372728,-0.9074176961347789,-0.22237052387236908,0.7808536442064423,-1.1382956610765214,-0.24126227197021183,0.35645435967617983,0.14926382547276879,0.22936866720700622,-1.6064600726506044,-1.4309884751268196,-2.363617049216483,0.8512647594891343,-1.3072347499236183,-1.8241427329587008,0.49494969966541524,-0.8255810338677512,-1.3153830706412415,0
-1.0748893685551042,-1.2533624670216148,2.6900644160803306,-1.0748893685551042,1.2431433369197613,3.3256984370161047,0.27625515721534194,0.2327416912674007,-0.8189197420594578,-0.8978604870465134,-1.7236504558887236,-1.6529986691782803,3.052158863544187,2.21337627779449,-1.602068691405516,1.3291508467844066,0.18723254198232597,-0.775552108277661,-1.253362467021614,0.4741133351783035,2.945307141099927,-1.4048663427444936,-1.35229031513946,0.9953879366299384,1.5324548794874724,2.6303836943613157,-1.5224223941418291,-1.763427605609412,-0.08108035923732829,-1.956810096636141,-1.9843297427250512,1
0.6084111018360897,-0.6434300413370745,-0.590433377834603,0.6084111018360897,-1.06977377657785,-0.3797924069366323,-0.9886735261769786,0.17471162913824465,0.014030045282338265,-0.8978604870465134,0.815280794214153,-0.8447012424567977,-0.6004259635048079,-0.5589933747913827,0.5577016596722325,0.03627358072716208,-0.5089094296913862,0.38121333983785904,-0.6434300413370729,-0.2649514174050372,-0.5624953843936102,-0.6576084930809132,0.7206306432880272,-0.14742153072234343,-0.34618385062282925,0.1411916270755475,0.5907260630435501,1.0200378085058186,-0.5971199648257766,0.22061397126095925,0.5813761508712467,0
-1.2069129348602958,-1.2247876892014022,1.6943793970101508,-1.2069129348602958,-1.2020091624846783,-0.3797924069366323,-1.125087403797719,-0.34207374609103375,-1.480375114016875,-0.1450811152849547,-3.1397487495632737,-0.1698696131294014,2.4419387355590807,1.8096149896348168,-7.982566722040441,1.1287460030745728,1.49299805024951,-1.2763832639160595,-1.2247876892014014,0.6832848471820792,1.2252079918942371,0.3293692754620707,-1.2802991889019373,-2.4152344852392504,-4.583291635335623,9.984075291833005,-1.9122798713051232,-2.6569977296323692,0.7869407721500421,-2.950928163924773,-2.747137661148564,0
2.4484895572146987,-0.4400313744997479,-0.03644762712299817,2.4484895572146987,-0.5497264615794603,-0.10745120905146457,-0.5345884894465583,0.28945514016917,0.25673491096419093,-0.8978604870465134,1.5634888717045436,-0.2553065234425868,0.04619805203931031,-0.386332447814869,0.673381747693409,0.07316146994816707,0.2097658570098418,1.8741810163518016,-0.44003137449974566,2.6503765311475855,-0.34806315243802644,-0.0818734073055453,0.06501110805357395,-1.0500644246724298,-0.8652189055099816,-0.46504550813790163,0.9847531524698102,1.7151595860323565,1.7311046719332441,1.226770666463857,1.6624348056574019,0
0.13807714687384437,0.5960512595907312,0.1718522631408932,0.13807714687384437,0.49561150771327583,-0.3797924069366323,0.626176199077775,-0.06663318638670791,-0.5511936776013382,0.607698256476604,0.4985141808400729,0.8910057959859811,0.04927707536721388,0.2283927249802595,0.47914405379418573,-0.17566422225570427,0.2216402747833626,0.30438893099111236,0.5960512595907332,-1.0101249289184877,-0.05524685795638633,0.7656010987679981,0.48608638885363886,-0.4701256226382979,0.2639261162222861,-0.30674164782412094,0.9663154311055397,0.2813778259596571,-0.7095347295267419,0.18715521917383904,0.29760663914210284,0
1.1365053670568563,-0.5202716153582272,-0.278773037912281,1.1365053670568563,-0.9546833924299764,-0.30951585644787355,-0.8912081625803668,0.017909177701455854,-0.08938845391052741,-0.8978604870465134,1.0870447248810737,-0.41577928543676995,-0.6210766680036509,-0.8280140354577012,0.6091039019696881,0.20135531252768826,-0.15621098221303326,0.1844076015096811,-0.5202716153582271,0.5717346306100654,-0.6961776585665,-0.10495084427398699,0.2314659069199582,-1.4243676208550446,-0.8034554867040045,0.08194919247888818,1.1456336876947701,0.6305144321884385,-0.5055927395538439,-0.2772933840565063,0.41859881124953763,0
-0.8933569648854656,-0.8676029664487432,-0.0015990826947962571,-0.8933569648854656,-0.6586419403948028,-0.3797924069366323,-0.5645503793924946,1.106010508013748,0.03578424368543488,-0.8978604870465134,-0.9681841467177311,-0.6205324554090149,-0.38039365497455585,-0.6940036916638159,-0.40572531066146866,0.42732905009015565,-1.05424617878185,-0.9058227457115906,-0.8676029664487424,0.18650250617311206,-0.5417427472501382,-0.5878818632026203,1.009693542259756,1.3808207365629213,0.2921511660316895,-0.12725065469056548,-1.5228461369578166,-0.751884148232784,0.09226279642829212,1.8080201101908169,1.0755159291927072,0
-0.5137892117580395,1.2688379219091603,-1.4984414726651303,-0.5137892117580395,0.1926333742126687,-0.3797924069366323,0.31362429217569027,1.1206628880187204,-0.1076544400686629,0.607698256476604,-0.18822452883698287,1.462518599015946,-1.088833183992359,-0.0340603981184817,0.20573908394104592,-1.0757072777335956,-0.15863868095605857,-0.6074328150891343,1.268837921909162,-0.4148655908377429,-0.19622277491810086,1.8349268673357184,-0.12061604668445473,-0.3843819401639943,-0.8943150972737348,0.546837741744337,0.2315823971242367,-0.6125602165683635,-0.37320345849321984,-0.5744681714793927,-0.5676422556230045,0
-0.24974207914765614,0.5117156121023434,-0.7275903990072407,-0.24974207914765614,-0.32015088401094605,-0.3797924069366323,-0.21536338058268273,0.31047588332337067,0.09860588551982435,0.607698256476604,0.14333770468729545,0.05317035707990823,-0.7740619847903024,-0.9877947036384386,0.35914996555193773,-0.8588758074901691,-0.75908665603823,-0.5238094642384398,0.5117156121023464,-0.8332086148452941,-0.7840886589799594,0.13418041502057335,0.25851113442510704,-0.22112111760743416,1.000999321202115,0.3700276705482993,-0.37132959502580765,0.09166016068458409,-0.49966391245552005,1.2627123753113036,0.7956900795386245,0
0.07206536372124854,-0.6527596835209952,0.2973485387623413,0.07206536372124854,-0.5337687278648314,-0.3797924069366323,-0.4357313116720393,1.0916648542152554,-0.7324187308438722,-0.8978604870465134,0.4456598322827577,-0.8035434331404614,0.112907741621671,-0.05722744762723794,0.46366708404072626,1.0192079518542911,0.7271657059507344,-0.029559102732204575,-0.6527596835209942,-1.1147106849203754,-0.18324677958235974,-0.9595848909505479,0.9285194570220496,-0.9962742553047319,0.11152097317052374,-0.3156604549363467,-0.3813276377385383,0.04815166565480615,-1.0428102240248718,1.029062655221093,0.7782292469539352,0
-1.1161467330254764,0.19890859395860735,1.5057167848599835,-1.1161467330254764,1.2591247258047575,-0.3797924069366323,1.4138155890965325,0.29051858481993026,-1.1024269251508625,0.607698256476604,-2.0046603387376125,-0.5273297380919629,1.5573531449153273,1.2066856169492917,-2.3058000918431945,0.869398558273612,2.543783587415625,-1.089721401625857,0.19890859395860788,0.5394794326794833,0.7435806367619401,-2.5921460755586008,1.2465893420351037,0.37931246261686835,3.100818767429051,-1.9116022923123728,-1.485529190093742,-1.6898291256906008,0.3752381925836842,-1.7661308937804336,-1.956065501141974,0
-0.4642803743935926,-0.6157877369081192,2.9242362604085477,-0.4642803743935926,1.6619889039473736,0.8939700706721209,1.4440406247262263,0.3661153204820669,-1.1631739523244449,-0.8978604870465134,-0.117883515059114,-0.7788542298807135,3.3884730296047314,2.8718527747389855,0.24229402057489172,1.4731918282008494,1.22382079140526,0.9491613240285977,-0.6157877369081183,-0.49330490783915865,2.9515788258898605,-3.273032898684023,1.128484769393481,0.745890264751073,0.42786351069287365,-0.12725065469056548,0.11621953527122657,-0.4967477261896657,0.5393663889503572,-1.3577522328782814,-0.8492493486699951,0
0.8146979241879517,-0.39953444450529885,-0.6598459626811668,0.8146979241879517,-1.1305704440425832,-0.3797924069366323,-1.0513913009874705,-0.17871669595094453,-0.238496620017642,-0.8978604870465134,0.9296316199024466,-0.37031924028288216,-0.5514657392556952,-0.8268059679048926,0.5809005053306341,-0.048133437675604664,0.2541012043521845,0.1999324583850057,-0.3995344445052977,0.06187907010086223,-0.669527353672966,0.014766253976730963,0.5622236982396551,-0.6881447772280823,0.3887521441165096,-0.006398153337694191,0.9445343323881694,0.8512921434480525,-0.7129776048479652,0.5766219559936454,0.7316141378743349,0
-0.9841231667202848,0.518273757831573,0.48651482980104976,-0.9841231667202848,0.6092149111482399,-0.3797924069366323,0.7433693442196957,-0.44550980818183156,-0.014475860266059721,0.607698256476604,-1.2817309924282496,0.06712628516272283,0.09482554825194728,-0.22363606608315334,-0.8045064375761511,-0.4744927466040951,-0.5841883331639817,-0.9627229822686937,0.5182737578315736,0.3303079206757077,-0.3384980475852949,-0.4925055409720844,0.5965564228447778,1.8453380202834504,1.9621156386156173,-1.046462104374526,-1.090457756714315,-0.6890593206203811,0.20315804608788177,-0.628268930220824,-1.0510701633468194,0
-0.8025907630506462,0.6325728691124238,-1.4684359233781112,-0.8025907630506462,-0.875988829230753,-0.3797924069366323,-0.7887651891545845,-0.5024900609298287,0.8829607524051982,0.607698256476604,-0.7249783213245267,0.4458840843682659,-1.5658519501285177,-1.4031157869596358,-0.1664566345126604,-0.9554643715076955,-1.1922663598299557,-1.0431104730212526,0.6325728691124259,0.04269709167051623,-0.99018023758283,1.0136678508454158,0.03578858762777154,1.3625064350542266,1.493470300306113,0.42427621511980806,-0.6682749282035088,-0.33156020446004564,0.30130754489854655,-0.8140954536690606,-1.1398696881962396,0
-0.728327507003976,-0.14430390287460948,0.1453818401821012,-0.728327507003976,-0.5482704734077969,-0.3797924069366323,-0.4506912963101834,-0.01783190356664918,-0.33010731096070095,0.607698256476604,-0.5598029556315302,-0.18837212923753907,0.15743805567128438,-0.2965842919708882,-0.031868004178954634,0.16429769272099923,-0.22459215204278993,-0.7962034401399194,-0.14430390287460776,-0.07496188383160746,-0.2950609094306107,-0.17378752904508657,0.6037843648669089,-0.32969340093664257,-1.3470531829341328,-0.12725065469056548,-0.5927831559069218,-0.9998567334383018,-0.08065704565172122,-1.2441545113183348,-1.2617230254121972,0
-0.9841231667202848,-0.4532686880556598,0.08306892321894427,-0.9841231667202848,-0.477519533031511,-0.3797924069366323,-0.3777047045907531,0.6901036060467377,0.0009761527694229233,-0.8978604870465134,-1.2817309924282496,-0.3126430154262867,-0.5979901011879931,-0.9525440349602488,-0.8045064375761511,-0.07368305918442804,-0.7382113844121193,-1.1482213892427124,-0.45326868805565873,0.3303079206757077,-0.7145140909567956,-0.304748670445791,0.8254412535455969,-0.26524648388521344,-0.45278683526935576,-1.046462104374526,-1.1751476871523518,-1.5038024879986636,0.4567858700738522,-2.0102044983975262,-1.9447710707734498,0
0.38562133369607876,-0.7872633273009593,-0.6105114376426805,0.38562133369607876,-1.1719737883993084,-0.3797924069366323,-1.0941029451622544,-0.25239373486318306,0.041954395646644486,-0.8978604870465134,0.6766116980543879,-0.4587182480753666,-0.36139437569065286,-0.6756297825811167,0.5260999356467074,0.12067942742862658,-0.6708987074651456,0.15128548297707994,-0.7872633273009586,-0.6179283439114085,-0.557971961989799,-0.0694885926148245,0.76694846347761,-0.029589642483553474,-0.41989256584085083,-1.1942750008061196,0.1209298949475304,0.6656562347522044,-0.939108434887954,0.27381423724561277,0.6316250997464723,0
-0.010449365219496248,0.8006152711279789,-0.2979210661752288,-0.010449365219496248,0.30214645892967895,-0.3797924069366323,0.4265978690591274,-0.5927979543488041,0.38940479105722237,0.607698256476604,0.3757700369187336,0.8364101246127599,-0.240379289704171,-0.16049356690512345,0.4420147008591455,-0.6815335122910754,-0.3379031087186272,0.09558505971479127,0.8006152711279798,-1.2123319803521373,-0.25695915069880465,0.8366089100554875,0.25707768279648346,-0.07355091419045362,0.2796714149364199,0.07363661577016879,0.39007766379518277,0.4186334426666546,-1.028500664113658,0.2693105922586566,0.047588509335923034,0
-0.9511172751439869,-1.8279471885956218,2.4521793548571007,-0.9511172751439869,0.5749485097551847,2.9251048322644575,-0.29185669184400703,0.7724015379246298,-1.0020166334057612,-0.8978604870465134,-1.1570342932555775,-1.7293765577510998,2.616898970347826,2.253282620212427,-0.6320605448562927,2.1416029158783263,1.7290666546942324,-0.681494017559945,-1.8279471885956213,0.2780150426747638,2.576740517084338,-1.5806021704436062,-1.6410729010695218,-0.08387340129460212,0.11817258441211696,-0.9470878935978806,-1.269260644212181,-1.571872319827266,-0.23670900765383804,-2.026799653142443,-1.8362342237270313,1
-0.8851054919913911,1.604115314999655,-0.4237219923375611,-0.8851054919913911,1.8529221083761769,-0.3797924069366323,2.0263763111916533,-1.9746960599457046,2.119894194168936,2.1132569999997215,-0.9436908129401074,1.0458419345944796,-0.5573009507510114,-0.04268457786935793,-0.3791399022004926,-0.9287437256797176,0.40168909071869274,-0.973157722135715,1.604115314999658,0.1734292866728761,-0.30333970356547396,0.46607569856869424,0.1554329309486543,-1.095790807657291,0.35944814511768824,-0.8013390511254713,-0.7253952314733139,-1.2837844068358577,0.21553173117926358,-0.21830113461374032,-0.7818890561298378,0
0.7074287765649835,-2.099079840826566,0.5679759449367372,0.7074287765649835,-0.6746233292797992,0.8190428661069001,-0.9437371900195581,0.683809319097325,-0.38569989415304484,-0.8978604870465134,0.8716678823563512,-1.8588553107957897,0.412133326826017,0.8686288245110808,0.5694453442307386,2.2031854172499834,2.694223044825892,1.2118840776143012,-2.099079840826565,-0.10807278340220552,0.7488186852127996,-1.7581255272404233,-2.0921898971267163,-0.7744115815842217,-0.13295558844735195,0.12765672211254891,-0.10195357843034393,0.49033588436188497,0.6956330614235694,0.5077671360427041,0.6668753643031312,0
1.6480966864894742,1.1844232657652807,-0.7415711671626954,1.6480966864894742,0.7507167919008118,-0.3797924069366323,0.8893425276585563,-0.11176775162818128,0.03655807336824214,0.607698256476604,1.2982145170376906,1.6453922387594047,-0.49599823371495894,0.5438833545320905,0.6410751474895742,-1.0005554613424081,1.139448521374975,1.8401135903748014,1.1844232657652842,1.3822742396246956,0.24798111779909607,1.7768846448588174,0.11020030157502099,-1.289425235111024,-0.6177793551345245,-0.12725065469056548,2.5560791097628117,0.9333959884373938,1.6447926849420336,0.19091735115889155,1.0327759457445354,0
1.1612597857390798,0.730877906801073,-0.24569994394110375,1.1612597857390798,0.1443546710895523,-0.3797924069366323,0.2638200355135195,-0.6512015168793157,0.1707134513091031,0.607698256476604,1.0982617077436059,1.0074624130773406,0.06906201245370809,0.2973894306692136,0.6109624088104322,-0.42114265169157966,0.3074004724652254,1.4569732115640976,0.7308779068010735,0.6109542891107732,0.031646224474225326,1.127938148554143,0.25494329226575835,-0.5610520963180238,-0.7308474413448626,-0.23077958929661044,1.8865351082651904,1.0489125028272877,1.0552799735635459,0.4421508369229607,0.9711335172569053,0
-1.1739070432839978,1.7298443374085921,-0.4563195459938332,-1.1739070432839978,2.3842145033084994,-0.3797924069366323,2.574456957276762,-0.8533857223941805,-0.6382547097237199,2.1132569999997215,-2.582996058841216,0.8969233340491255,-0.46566189771713745,-0.11661918367137801,-4.473292805191233,-1.0757072777335956,-0.8038403915597897,-1.224936724153567,1.7298443374085921,0.6309919691811353,-0.40225883223662173,-0.35103852996703616,0.2990061429337133,1.2934115702714244,-1.42971903258601,5.939544913223577,-1.6458800949982795,-1.796266064699617,0.579524706070396,-1.4519385832063627,-1.82537683054359,0
-1.1574040974958488,-2.010594079257252,1.80755062575668,-1.1574040974958488,-0.20583592198657336,1.318557563208372,-0.61126179809293,1.0802775825101287,-0.7493554708653749,-1.6506398588080722,-2.3842824229537594,-1.6575727883366698,1.6595127772897906,1.6152335184402429,-3.595974325978934,2.2309726434786574,0.10350863622708528,-1.10022885745014,-2.0105940792572508,0.6048455301806631,1.4089059886934872,-1.7555090193510507,-1.1750121667795606,1.059904226035567,1.5782268305123606,-0.12725065469056548,-1.8537624881518104,-1.9816053618796527,0.3869158656487278,-1.3712200457054438,-0.5598464698736246,1
-1.1821585161780723,1.185018573636535,0.2648784363881466,-1.1821585161780723,1.454452812176935,-0.3797924069366323,1.6153158266278222,-1.0188751937243472,0.13679215080164145,0.607698256476604,-2.697829277383539,0.9320588488674586,-0.13725246318575246,0.011512420728950735,-5.0581717913327715,-0.3408895174642061,-0.8711814911590186,-1.2318083821147763,1.1850185736365364,0.6440651886813713,-0.2283420811987632,0.2762563995431905,0.40429316505609014,1.6607150616402453,-2.8194282068971943,-3.497692636865091,-1.6794282471466784,-1.9031849367978844,0.6087643602372641,-1.929770988067762,-2.0777592329412524,0
-1.1491526246017745,-0.3301773374455127,-0.4167174456807572,-1.1491526246017745,-0.742236897639399,-0.3797924069366323,-0.650786844685606,1.336286786689941,-0.26353338987513564,-0.8978604870465134,-2.2970432740371822,1.3566984489820368,-0.2430857788398085,0.3069267994489056,-3.2585441416665053,-0.05826730197597928,4.67535461817699,-1.2819096766679314,-0.33017733744550937,0.5917723106804272,0.055290717510465076,2.057052606037384,0.6499628833416359,-3.2858682031141213,-4.597824245574546,-2.460633565426773,-1.66147185214964,-2.6555597329027445,0.8613606918314765,-3.4677338838178207,-2.9440494356932665,0
-0.8603510733091676,0.3468250909102961,-0.23822990154825577,-0.8603510733091676,0.16772904320021603,-0.3797924069366323,0.28793301189045073,1.2499594697104728,-0.828660212096388,-0.1450811152849547,-0.8733497958925129,0.6172635221402147,-0.6360337560678683,-0.657243787812335,-0.306030028932801,-0.662372287582064,-0.8905522260478248,-0.8855349936356396,0.34682509091029734,0.1342096281721682,-0.5770169144108676,0.7349196177860684,0.5408817342959302,0.7920575664709072,1.5476347852490215,-0.12725065469056548,-1.2813105622391696,-0.7575071210720986,0.050210452843701826,2.0868766675998063,1.2551532339480784,0
-1.107895260131402,0.45159927625107654,-0.2800779154625274,-1.107895260131402,0.1262218248461283,-0.3797924069366323,0.24511421141505163,1.0304043030757526,-0.7285471625408679,0.607698256476604,-1.942362954043748,0.5047190844939543,-0.14259979653124202,-0.27187742178029517,-2.1337768606250966,-0.7082983975989009,-0.9031871499507576,-1.1362596142732,0.4515992762510763,0.5264062131792474,-0.39412700572124065,0.3238768411216639,0.4494161745371086,1.1926829119736035,0.6769449185395975,3.2431913274839603,-1.574979618103107,-1.6038683913119571,0.4380372120498889,0.2257624690126957,-0.08333956938747944,0
0.40212427948422774,-0.009719898010566521,-0.6676361924409512,0.40212427948422774,-0.9641170453508026,-0.27839837886827384,-0.9103543148464639,-0.972010993345098,1.0633718590621635,0.607698256476604,0.687510862025488,-0.276480716137541,-0.7852153552760804,-1.0666247114294078,0.5287319568848777,-0.4834660978149832,-0.785502638296462,-0.14528654871383961,-0.009719898010564294,-0.5917819049109365,-0.7905199346441313,0.12610796792651263,-0.2963019549473413,-0.17059360132535106,0.038611370985732515,-0.27816596732524496,0.7344842624113266,0.8488862288846902,-0.9028030805922664,0.48240063523784543,0.32451845953267305,0
-0.8603510733091676,-1.5391102452237424,2.2303868829858864,-0.8603510733091676,0.5412940083870056,1.743145055744623,0.03102020903805629,0.8250772241642665,-0.9063907861339201,-0.8978604870465134,-0.8733497958925129,-1.7681677254342902,2.4161475269823045,2.220321219877918,-0.306030028932801,1.817637653327126,0.4383486713193297,-0.3651068875152739,-1.539110245223741,0.1342096281721682,2.4108537350734,-2.296180276598318,-0.46631548846003346,0.0690242048255644,-0.4953965901223314,-0.12725065469056548,-1.0843911079543858,-1.3634287445452198,-0.627016580452782,-1.2634777230679315,-1.1335448541326356,1
-0.40652006413507125,2.2022436740324576,-1.1612068673540024,-0.40652006413507125,3.150204024157528,-0.3797924069366323,3.364650898477137,-2.372101594460227,1.6714276062715991,2.1132569999997215,-0.04117496216199085,2.804538971840051,-0.17773510781629995,2.4439327130296555,0.27955876180356787,-1.0114999006226781,4.01071668022499,-0.07206157975153582,2.2022436740324585,-0.5848174443408105,1.9860270895816294,1.3947964331635354,0.07339109552862023,-1.3169098209751038,-0.16601276352948702,0.1672539845285676,1.523059245566131,-1.010517987139659,-0.863750792476482,-1.42069873577062,-0.9065207011652513,0
-0.9511172751439869,0.7715853017512965,-0.24082153814244397,-0.9511172751439869,0.4134069031879245,-0.3797924069366323,0.5413740201097049,-0.3663360248418686,0.49947514266822024,0.607698256476604,-1.1570342932555775,0.7056143771472021,-0.9207697147296308,-0.7311427599023984,-0.6320605448562927,-0.8969678225329333,-1.0050258603681645,-0.9884280731606245,0.7715853017512985,0.2780150426747638,-0.6647766920720686,0.8088574887025196,0.31850373962304246,1.843088106093193,0.9519557906339778,-0.9470878935978806,-1.276844215390581,-0.7241808765708465,0.23453009057393906,1.5062364570141482,0.6395753272078739,0
-0.7778363443684229,1.625792732656369,-0.9821513039700718,-0.7778363443684229,1.5804057506307183,-0.3797924069366323,1.7452487384152402,-0.10658063599294208,-0.6790301240890682,0.607698256476604,-0.6670935259405232,1.2014826615381518,-0.7913695037117798,-0.07594610578336028,-0.11695277048187368,-1.0757072777335956,-0.9537127967789379,-0.5737289688984413,1.6257927326563704,0.003477433169808335,-0.2964381281041279,0.794471819139856,0.010315920985260837,2.398269173356299,-0.5409657572861806,0.9187485811567028,-0.8545269347062707,0.1020992203131957,-0.2946419587842363,1.0158995064169767,0.4132177615689727,0
0.4268786981664512,-0.5776530150377621,0.6016053567319253,0.4268786981664512,-0.4988280515448395,0.31952816900542835,-0.61126179809293,-0.49781110410060125,0.10147777673301576,-0.8978604870465134,0.7036579323460328,-0.2615941470401991,0.9250932672761726,0.24231703385001144,0.5325832232554318,0.35070366867169,1.6377963942510188,0.5138472458827866,-0.5776530150377591,-0.5525622464102287,0.2710935557626774,0.15433473132859582,-0.8445279028954339,-1.40803767824883,0.12471810072415887,-0.7220345338978358,1.0159333789666765,-0.23211512681832108,-0.36699788010788115,-1.1120444201812654,-0.25075039508369046,0
-0.8851054919913911,0.8916508546823523,-1.1584786226137251,-0.8851054919913911,-0.4050705700861943,-0.3797924069366323,-0.3029664346700566,-0.9635588035347248,1.6053258397784917,0.607698256476604,-0.9436908129401074,0.17602055130049757,-0.9617595051035377,-1.2915049289104799,-0.3791399022004926,-0.7817801736258397,-1.3552235864112026,-1.0195505028685352,0.891650854682353,0.1734292866728761,-0.8529178302250637,0.39469295709385227,-0.011455588965602455,2.882889448987138,-0.8098060989029171,-0.8013390511254713,-1.2989210054843476,0.021085123803574156,0.3403672200776664,0.8895468454788467,0.23542859365320576,0
0.27010071317903606,-0.8696881529383271,0.24248865426020452,0.27010071317903606,-0.8466176280367057,-0.3797924069366323,-0.7584658905380858,0.6326368606888862,-0.6240940524021971,-0.8978604870465134,0.5971040491182281,-0.7693269871862032,0.0655403845830725,-0.18366147205085642,0.5060823470948078,0.9976704025940875,0.004312049127833153,0.12568946602104128,-0.8696881529383255,-0.8009534169147121,-0.22506555626944358,-0.7382980006730242,0.9343588626377107,-0.7405153575495856,-1.0657329041305896,-0.2912181024720272,1.277926425294129,0.09854191900073879,-0.9511306551259069,-1.392899138861523,-0.3508835475142604,1
1.1695112586331544,0.6034149325611861,-0.6855556557035367,1.1695112586331544,-0.28715618651703084,-0.3797924069366323,-0.1813260871970861,-0.08940835304734043,0.030620862470565297,0.607698256476604,1.1019751941724816,0.6092019361702252,-0.8063337349890074,-0.6869496132303232,0.6115734824882311,-0.6708076955443402,0.004118730596966297,0.3640523739241513,0.6034149325611887,0.6240275086110092,-0.6490551255911559,0.9335610672914824,0.208095661984673,-1.1491182329799996,-0.13584718221345526,0.07910293605481379,1.2207728313506943,0.8330613831318521,-0.4231150533141995,1.4612974571652797,1.38389565731837,0
-1.1326496788136255,0.09536704609242437,-0.48869758519241197,-1.1326496788136255,-0.8035398662854364,-0.3797924069366323,-0.7140269192338878,-0.0536247777126754,-0.2608020881830676,0.607698256476604,-2.1410765888412966,0.2562365131890349,-0.7025995688413954,-0.7327481005292936,-2.7186558467666293,-0.1939259654103282,-0.2851784854782713,-1.2557682900324316,0.09536704609242655,0.5656258716799553,-0.7492455509329456,0.6663315679025288,0.37421115873541116,-1.2785268382662667,-2.533379882913185,1.8950145346141487,-1.5737967420910601,-2.1345874263617315,0.667830172152314,-2.214223321970041,-2.2267092277031257,0
0.9549729633872178,-1.0371324318746322,0.4781197026097204,0.9549729633872178,-0.8451709867838645,0.38066280357605614,-0.9870447037576264,-0.4318912388665765,-0.13975317554444464,-0.8978604870465134,1.0010576467012013,-0.8955856186074465,0.1417972693693496,-0.2426051607334864,0.5942034851843043,0.849076557001895,-0.19880647207845648,0.8326340025170864,-1.037132431874631,0.2841238016048738,-0.1242160514793907,-0.47225141166876233,-2.464778187778675,-0.3218688206278906,-0.37924468456135363,-0.5799965925946073,0.6537882635189014,1.1487379116926641,0.08926048547763232,0.47216892933081234,0.8600204510142082,0
0.48463900842497254,-0.27586129969320167,0.7279478524825777,0.48463900842497254,-0.3805203290881367,-0.3797924069366323,-0.2776404332514319,-0.13130540351500594,-0.5496082105937045,0.607698256476604,0.7404293772303489,0.0768838704972598,0.49041751514857135,0.04728995669452881,0.5411436210174664,0.4287537290738748,-0.0634006636085746,0.8316886950726872,-0.2758612996931992,-0.4610497099085768,-0.048867536753421724,0.13229739339408012,0.750236237743899,-0.23071154509314598,0.2533616122142883,0.016512273459056905,0.15162548922091815,0.8348286291936858,0.10259188525970239,0.9877567644415807,0.8482669203588837,0
-0.13422145863061344,-0.2725752400749023,2.2019661764237135,-0.13422145863061344,1.3470223646722372,1.2686060934982248,1.0057776080956706,-0.19474440630324158,-0.6855477848063037,0.607698256476604,0.2617385310102772,-0.3464914059530259,2.1587674793178446,1.4887982191700195,0.4035657998418585,0.9666538500739724,0.15212815241804675,0.8539761359733289,-0.2725752400749005,-1.0162336878485976,1.4126019591126884,-1.1266021194336147,0.02950487941091926,0.34618512312319993,-0.7936837989449417,-0.12725065469056548,0.3171843732039781,0.3018448286432418,0.26934197323248144,0.43387912936199213,0.08897372445310738,0
-1.0748893685551042,1.318367536797528,-0.8347101314657287,-1.0748893685551042,0.9714597258748235,-0.3797924069366323,1.1170606938231786,0.375783402575268,-0.8251538896812052,0.607698256476604,-1.7236504558887236,0.8086776130734834,-0.6402013126735678,-0.3685725217330207,-1.602068691405516,-1.0757072777335956,0.4065752555917309,-1.1583289073020573,1.3183675367975267,0.4741133351783035,-0.4998463673353873,0.5544102955571206,0.07339109552862023,-0.04852724936565893,2.354187944488675,2.6303836943613157,-1.2049367188487883,-1.5999143576637795,0.47504175585836755,-1.2772959696753905,-1.6495134897511345,0
-0.6705671967454546,0.6832830382018155,-0.9119404010362043,-0.6705671967454546,-0.19180531296547326,-0.3797924069366323,-0.08296223166406243,0.8877458099122489,-0.5131819858542893,0.607698256476604,-0.4466740559890621,0.47943286210661673,-0.9029749590439085,-0.8819668917477453,0.049222172156690475,-0.982561364460011,-0.9585211342757952,-0.8127099624382739,0.6832830382018161,-0.1664744203332592,-0.7457344588103475,0.6899674409106366,0.18301196601923034,0.4892589652945837,0.34598815717614995,0.29998846981043,-0.48826635424824877,-0.3549683395099903,-0.07045700069824375,0.2922688116844161,-0.3617576053809136,0
-0.7365789798980504,1.394566944318096,-0.36612573706206314,-0.7365789798980504,1.454452812176935,-0.3797924069366323,1.6153158266278222,-0.9626940876866187,0.13985672188151643,0.607698256476604,-0.5769672074240032,0.910873671745085,-0.2898634847360444,-0.02369903155977793,-0.0449233386910395,-0.6558114147225159,-0.5157927983891535,-0.6671689739794348,1.3945669443180972,-0.06188866433137149,-0.24806477501513638,0.33246093366177043,0.19371912081133652,0.4656342123982792,0.6161572614812043,0.35424105704865055,-0.34376840010523435,-0.5036237149378244,-0.28669653183719207,0.0031302013337507926,-0.4968213421070882,0
-1.0748893685551042,-1.0819138001003388,2.622486082644508,-1.0748893685551042,0.6997761148298858,2.39932572602792,-0.004013354987270204,0.029494345398777967,-0.9206295361305114,-0.1450811152849547,-1.7236504558887236,-1.0762702930026233,2.237838060253583,1.413008368611007,-1.602068691405516,1.3291508467844066,-0.1937994939530974,-0.9508339232564427,-1.0819138001003383,0.4741133351783035,1.635617372365666,-0.8840686713108064,-1.3605178724237479,1.3949726968196405,-2.1943627379490813,2.6303836943613157,-1.459380584077646,-1.5732079287133482,0.1805955383391009,-1.9523980421934404,-1.880693486112224,0
-0.43952595571136915,1.0707194623556844,-0.4758708560573597,-0.43952595571136915,0.4884666395727119,-0.3797924069366323,0.6188055610185346,-1.321807823417482,1.399566295925955,0.607698256476604,-0.08434525576372551,1.396037465796605,-0.738400062460072,0.27604860600201697,0.25890990086300397,-0.7416992048838732,-0.006667557585263493,-0.2987535765141794,1.0707194623556857,-0.5325245663398666,-0.10930481755932417,1.7841449285034938,0.1136416673661487,-0.12409686720709139,0.7946662402772812,0.1791531618707569,0.7629167253117626,-0.3089612419673309,-0.8308741991633765,-0.6887978660184464,-0.6050969526406189,0
0.5176449000012704,-0.1648627909865361,-0.6605308668745724,0.5176449000012704,-0.9796076948385898,-0.3797924069366323,-0.8956582961341853,-0.23194427070834525,0.21820636315062658,-0.8978604870465134,0.7608977215090336,-0.26473286618006914,-0.8585389240349686,-1.1490801379682771,0.5457850061163555,-0.3989913868808555,-0.9559790465248448,-0.11732726314680306,-0.16486279098653334,-0.40875683190763296,-0.8234753662457925,0.06826273130807918,0.47448451313767437,0.0754253371455124,-0.27888251200665753,0.01383761433069663,0.9393446050110883,1.1530262637708053,-0.8655391355966704,0.4761720719959549,0.5195708309730649,0
0.12157420108569543,0.9867632289198504,-0.8083276449003214,0.12157420108569543,0.3011983620992884,-0.3797924069366323,0.4256198134191292,0.2588248616223944,-0.3275221972871085,0.607698256476604,0.4855389401058538,1.227915741753727,-0.7053872108283441,0.006100657256845904,0.4754138260542041,-0.9173034491725296,-0.21280834361240109,0.26675842310829984,0.9867632289198521,-1.0362713679189597,-0.23160327874818123,1.5209734405096003,0.11791246488322522,-0.19021135164699599,-0.2500152400467529,-0.6721724122876452,0.7018624370210176,0.3953454269640127,-0.773955943825616,0.7370721306413424,0.5164214405598301,0
-0.8273451817328697,-0.9467331204124094,0.21083227808733299,-0.8273451817328697,-0.5123507652167594,-0.3797924069366323,-0.41363656512954955,1.5600194573525634,-0.2731405188813918,-0.8978604870465134,-0.7861106502456601,-1.1654352864707953,0.47331557991247514,0.5329008855953763,-0.22167248285469532,0.9591726737816371,-0.15114944251992907,-0.6926195590209504,-0.9467331204124079,0.08191675017122435,0.21987130831451893,-1.6010580575591973,1.1229915334566614,-0.12418580612273156,-0.4858167697564672,-0.12725065469056548,-1.079202208863949,-1.1222738065829199,-0.2367184051317115,-0.683136488505788,-0.7572103032896861,0
0.7569376139294304,0.17162891214374631,-1.150176454198674,0.7569376139294304,-1.0060406561571822,-0.3797924069366323,-0.9229265097499331,-0.08181611308694096,0.1520527878545573,0.607698256476604,0.8988039048675597,0.21506800884267832,-1.3562752321270986,-1.3940003812870307,0.5748840178172611,-0.8046679399293126,-0.7643682460114511,-0.32067743762851364,0.17162891214374934,-0.02963346640078952,-0.9839207252082363,0.7503372665875125,0.27223825595344814,-0.6060216837409844,-0.08802703547284746,-0.12725065469056548,1.4063973620377368,0.9885028049113949,-0.45794569065394986,-0.16229272497596461,0.24214798169539423,0
-0.90160843777954,1.0631881255658617,-0.17802884630517696,-0.90160843777954,1.1610064312550126,-0.3797924069366323,1.3125968651273265,0.07499449438912802,-0.7712899622397527,0.607698256476604,-0.9932405947069987,1.3390073196423875,-0.2825203143590316,0.37928346943568503,-0.4335472497485428,-0.7681091455278046,0.29505664976220497,-0.8565940426455732,1.0631881255658628,0.19957572567334803,0.059598147466008326,1.085538621980263,0.37999615995092634,0.4124084849054953,1.1068637141148632,0.5781906904157316,-0.982212496676633,-1.0990407436720442,0.004258354724530489,-0.5777934132805291,-0.5694622268008419,0
0.8972126531286965,-0.06504584456725265,-1.0506740081662336,0.8972126531286965,-0.9730038198414358,-0.3797924069366323,-0.8888457460024137,0.7009120504548287,-0.09641061773812239,-0.8978604870465134,0.9722115368561538,0.05022565482384443,-0.6302738084103865,-0.86098305912997,0.5889356610682546,-0.7209676693276834,0.2775576623812267,0.1204539170982152,-0.06504584456725132,0.19261126510322188,-0.7156223392308022,0.49147415283515533,0.4185551521164916,-0.8390116699526269,0.1119285009950191,-0.24347279200692937,1.978859862366464,0.8560688600656486,-0.6915353238891409,-0.25972090841272033,0.35934295316895576,0
1.078745056798335,-0.15742381521741441,-0.475469013871549,1.078745056798335,-0.7373629867046435,-0.3797924069366323,-0.6457589235642762,0.28948735171930207,0.1549106597019142,-0.8978604870465134,1.0604139042486507,0.04567235957270329,-0.2400816100343151,-0.6696612787830757,0.604614152228379,-0.44475068499344844,0.17352983562328753,0.32598557029777,-0.15742381521741425,0.4802220941084133,-0.5136423507713248,0.33449901558723977,0.5470962525324171,-1.3302900866764713,-0.4473159741107419,-0.02006345384402507,2.3245524737633705,0.654921200623879,-0.4768226625688367,-0.8702354724337559,0.22540865947963357,1
1.3097862978324204,-0.8134395210306878,-0.3997372191031221,1.3097862978324204,-1.0674777280765742,-0.3797924069366323,-0.9863049250864577,0.46646750333810716,-0.37615862006059575,-0.8978604870465134,1.1632423056252512,-0.7871922103860526,-0.7624514709558652,-0.7642367634545567,0.6213604856686313,0.5404192432447402,-0.663871357616676,0.6789488268449622,-0.8134395210306873,0.8462722401150206,-0.6604361167249019,-0.5709998232416906,0.8185144757743877,-0.3312907495810908,-0.694304312683141,-0.02971374845400465,0.5859764863824765,1.5610549369228357,-0.072701571735136,1.0228141009310274,1.2315518176705105,0
-0.6705671967454546,0.6035956296327708,-0.357697858097078,-0.6705671967454546,-0.02343800471227246,-0.3797924069366323,0.09072529702488029,-0.25967792066303547,0.1483160098186292,0.607698256476604,-0.4466740559890621,0.3736212845613142,-0.1678110241716245,-0.4590215692749088,0.049222172156690475,-0.6099777113656727,-0.9078926006615994,-0.6443361633993321,0.603595629632771,-0.1664744203332592,-0.417450595354319,0.3369855774801107,0.2897704392387682,1.006444521983778,-0.26978734892600376,0.29998846981043,-0.4802665883515243,-0.26713966393865957,-0.3129920694594871,-0.5779609578685662,-0.6902095923647528,0
3.0590985513762106,0.6076587224852399,-1.050150034752685,3.0590985513762106,-0.3677378826793819,-0.3797924069366323,-0.2644540756956249,1.1472473675575259,-0.5915760574908828,0.607698256476604,1.7297635325165897,0.8007648556766503,-1.2934912344601555,-0.8506299101045602,0.6899696785859483,-1.0377721352340286,-0.33496874447195335,1.6294554621883126,0.607658722485241,3.617794774165048,-0.7476797485892979,1.277192363269113,0.18202056279773915,-1.4581283880391673,-1.03513226428755,-0.0692506970623237,1.5004607366937193,1.8433413952659496,1.5136751677993387,1.0090667529309836,1.7955771748233782,0
-0.6210583593810077,0.6325728691124238,-0.8762785417009844,-0.6210583593810077,-0.5810180515248206,-0.3797924069366323,-0.4844736616203197,-1.2555146505160242,1.6351857227598856,0.607698256476604,-0.35825472016805404,0.12778158648535576,-0.9375970672316055,-1.1709735543003819,0.10699328108597932,-0.7321561170881667,-0.95521772773362,-0.8788814835462148,0.6325728691124245,-0.2449137373346751,-0.8470243179127374,0.42551684963146597,0.10826878401636429,0.4251471851092165,0.7716742672765333,-0.5211984188408347,-0.3396165231141286,-0.20294769001601431,0.03465658510427484,-0.5091368859097503,-0.8171806303237549,0
0.5506507915775684,0.4329408596835405,0.3287332579984427,0.5506507915775684,0.4082434728410256,-0.3797924069366323,0.5360474310835166,0.016825057364566298,-0.5780575506745128,0.607698256476604,0.7809887474699428,0.18666692418559666,0.26310208858050255,-0.003669886329892014,0.5502568429011289,-0.04897561269965413,0.13846664476301768,0.5837999967683242,0.43294085968354246,-0.35646395390668895,-0.187869087217571,-0.2854263158466618,0.5753845760049524,-0.8313400990535086,0.1993804961461497,0.01126065964537219,0.47699122437772884,0.5142521726067467,-0.29023494308702685,1.2460966980663188,1.0051923743208246,0
-0.07646114837209209,1.0018469209428649,0.35733246488885106,-0.07646114837209209,1.3476370334755066,-0.3797924069366323,1.50512478764218,-0.6932395044553026,-0.2702486746069429,0.607698256476604,0.31644070398633284,0.9701544655807292,0.6482024554424122,0.7497800391936671,0.42251241446902604,-0.28950366010271034,-0.32684421778586825,0.704799349651416,1.001846920942866,-1.1077462243502496,0.3976378137021831,0.1587912200926434,0.530123996373077,0.6933300337749985,-0.4398146348053872,0.08487506446727464,0.24359139708961677,0.6475102025955711,0.016187637970182724,0.9913103761681651,0.6358710732578314,0
-0.90160843777954,0.22986786076244942,0.4018446288996818,-0.90160843777954,-0.09000182425423553,-0.3797924069366323,0.02205813451994949,-0.5919584520125825,0.01895509464339057,0.607698256476604,-0.9932405947069987,-0.20383204041142777,0.18937175991937413,-0.45139296742749013,-0.4335472497485428,-0.15291288111622273,-1.027354448315114,-0.8034750358660667,0.22986786076245108,0.19957572567334803,-0.2819401291692498,-0.38614927096768065,0.5246211903388064,2.6808263880521905,0.32610170320308474,0.5781906904157316,-1.1136831744370892,-0.2522928939460426,0.02676138052406262,-0.03079849440574485,-0.5390383831017882,0
0.3938728065901532,0.4379786321567747,-0.8828917134829846,0.3938728065901532,-0.6341904154007585,-0.3797924069366323,-0.5393262132942596,-0.25909053410601124,0.6092761312850197,0.607698256476604,0.6820749040543927,0.5563564234999466,-0.8576459365804219,-0.7610446689980614,0.5274225263188878,-0.8111728840366154,-0.7134994042606073,0.02832279924792831,0.4379786321567782,-0.6048551244111725,-0.6938383308227873,1.0227559663372223,0.21466018598484782,0.0016123133556439225,-0.5740464541892787,-0.12725065469056548,0.7003498609056518,0.9313695874746196,-1.02586011998207,0.49730755282951283,0.48795393678433513,0
0.12157420108569543,0.13978628155426392,-0.723252463722849,0.12157420108569543,-0.6651493322761187,-0.3797924069366323,-0.5712633976488446,0.4257818497424643,0.1355700726014041,0.607698256476604,0.4855389401058538,0.5156648252185941,-0.35297782043129383,-0.3713727853342084,0.4754138260542041,-0.7192986634711971,0.6791094127157166,-0.20389561026658723,0.13978628155426598,-1.0362713679189597,-0.46649058330931165,0.9118319964155233,0.3890542539594305,-1.0448421998940478,-0.8439959987636518,0.05438993117512552,0.6274608792517233,-0.19539166114625875,-0.8696443328198192,-0.3406398516011507,-0.04471646683423507,0
-0.8933569648854656,-1.0390516333700202,1.9481920541563238,-0.8933569648854656,0.2922506982624792,1.9361393705338281,-0.2842818671898825,-0.13432899248008173,-0.6116290925508822,-0.8978604870465134,-0.9681841467177311,-1.3575627082930892,2.151937584633504,1.5099114766871726,-0.40572531066146866,1.0285435812196562,0.41981696987986017,-0.49894060685501584,-1.0390516333700193,0.18650250617311206,1.786284620152889,-1.165585926042817,-1.567445612872056,1.162714054959376,0.8220774208404189,-0.12725065469056548,-1.1905688257984879,-0.9815744143939918,-0.4554217901219881,-1.241245237701776,-1.30911597618426,0
1.0869965296924096,0.457502047256191,-0.3346528150342319,1.0869965296924096,-0.002392091180622218,-0.3797924069366323,0.11243623811099827,0.46758352434086475,-0.434122011483644,0.607698256476604,1.0642583781585926,0.3541054005729581,-0.3405427062161712,-0.4410836770976851,0.6052690956011065,-0.6099777113656727,-0.7043433072458515,1.1209891310374593,0.45750204725619203,0.4932953136086493,-0.5104782212686965,0.3429849071818632,0.3987273312875062,0.016956344697119034,-0.9121171725752707,-0.12725065469056548,0.9739983899468501,1.71929958645934,0.5355178643385959,1.1414859797742838,1.087005172055119,0
-0.9428658022499125,0.3302817984880681,-1.3485474217135973,-0.9428658022499125,-1.0447186508270827,-0.3797924069366323,-0.9628266862067331,-0.2587109297207606,0.02998927311157596,0.607698256476604,-1.1279683709749313,-0.30841802325289647,-1.3004844144266179,-1.4340820880464722,-0.5946216339368443,-0.9016714924066349,-0.6409389281001601,-1.1971592284796841,0.330281798488071,0.26494182317452786,-0.9959607696611256,0.06067097987087212,0.1709543592713634,0.08129398357755226,0.756800639186874,1.4692744947605232,-1.1317912851707876,-1.0467003398711079,0.5271593072225881,-0.8729280279809443,-1.189337039957434,0
0.8807097073405475,-0.22599439342385144,-0.19735607636190577,0.8807097073405475,-0.5096879914821343,-0.3797924069366323,-0.4108896506945373,0.9684049420446733,-0.5165934414898099,-0.8978604870465134,0.9638275935995245,-0.16507277533004955,-0.38979847853978217,-0.7233390284826592,0.5873782679484549,0.022263661356187216,-0.8410551587419819,0.5915078882380403,-0.2259943934238504,0.16646482610274996,-0.6034276495740849,-0.1052582535697551,0.6691199106564785,-0.056437304825977905,-0.958705827154929,-0.010131049132377603,0.11700475614932046,1.3725964300298281,-0.26530422249668667,1.4318875291835178,1.2912836754349528,0
1.1777627315272288,-0.2519860158170084,-0.7471509947569464,1.1777627315272288,-0.9993976559426909,-0.3797924069366323,-0.9160735980872964,0.5428874931440205,-0.5814967368563,-0.8978604870465134,1.1056760711118252,-0.006824127150355597,-0.5491036932791926,-0.771846277872372,0.6121804132936386,-0.15656235048137615,0.22649189679427112,0.408845403597219,-0.25198601581700847,0.6371007281112451,-0.6807805055260845,0.43113535803130704,0.5188158908734121,-0.8416324501854054,0.07606013629597479,-0.024423611166598556,0.9353883349920629,0.9341080457980283,-0.39658798040401094,0.8729156986302214,1.048351087273931,0
0.2948551318612595,0.303354950183803,-0.542823614429086,0.2948551318612595,-0.47077561360840975,-0.3797924069366323,-0.37074768478430536,0.23721815789020217,-0.23225899025394922,0.607698256476604,0.6146364485511062,0.3976910244814394,-0.39812131585784183,-0.5682325458658443,0.5106228107595016,-0.5128681422081057,-0.6443801928804025,0.12532588623473392,0.30335495018380426,-0.7617337584140043,-0.5296703661958906,0.6650630760837359,0.3468638802620663,-0.0046632574060056385,-0.688693199245707,-0.77265443851122,0.21596024225946883,0.722437228886123,-0.9894808526422327,1.1943957918643227,0.7708277804692918,0
-0.42302300992322023,0.3032556276992793,-0.2972739423733518,-0.42302300992322023,-0.1959728205955029,-0.3797924069366323,-0.08726142791873914,0.5854154981275493,-0.6323307261856215,0.607698256476604,-0.06254638064706915,-0.035651217220560256,-0.39266375862765956,-0.6574559935383966,0.26943877550101253,-0.3554403642022138,-0.9106022569961834,-0.44047697721679113,0.30325562769928094,-0.5586710053403385,-0.6070022084239666,-0.054445665436729254,0.4368820052368257,0.9906816062242385,0.7546384329778101,-0.42758706894374116,-0.4328286147797293,0.39619123364371933,-0.6184520860043327,0.39988804754971186,-0.08453332401869959,0
1.8378805630531871,-0.020303654523796483,-0.33156371952352937,1.8378805630531871,-0.5803970604138609,-0.3797924069366323,-0.48383304787814235,0.3524212710293174,-0.2220723800499304,0.607698256476604,1.3672000261522734,0.2708392816322832,-0.6205458761116696,-0.7117902868165924,0.6502471134086082,-0.28210409664265496,-0.05539714957320679,0.9332365293883349,-0.02030365452379467,1.6829582881301233,-0.6736629658582928,0.596075642221533,0.515220563363594,-1.2440959514299208,-0.3535588911296696,-0.046360047118379065,0.8302757168810115,1.2987798765970733,0.37399673638098174,1.4108271187508439,1.5727112123881795,0
-0.9923746396143593,-2.265981156025403,3.28974491895798,-0.9923746396143593,1.599728076416242,4.715257503498381,0.22370481117735216,1.3619610297852567,-1.1503640329737537,-2.403419230569631,-1.31526925390345,-2.15892860965529,3.224304114176877,3.2600453138955583,-0.8543540784404878,2.850975128705955,1.1058335092340386,-0.48083433349690896,-2.2659811560254015,0.3433811401759436,3.7265944699933886,-2.135021943832274,-1.1770766181937249,0.855585299829192,1.3812507122565176,-0.12725065469056548,-1.5142189544316997,-1.5870952399540368,-0.4540945966799173,0.2443271459148361,0.33862147580705254,1
-0.1507244044187624,1.3554720990416853,-0.04381220234440521,-0.1507244044187624,1.4742771552714249,-0.3797924069366323,1.6357665970041326,-1.8067796850368298,1.2473270447826659,0.607698256476604,0.24559145959982506,1.3919067057063637,0.32001906877357095,0.9178302989389892,0.39778890028602426,-0.5821729611347519,0.10148729549429178,0.5251545772369458,1.3554720990416869,-0.9900872488481257,0.4839165516555251,0.8351410724631547,0.24209423908378008,0.6377869110385253,-0.023232444310230967,0.3254952832134764,0.7110013540785319,0.4674332238040961,-0.26050169937535955,0.6100339470503126,0.2644378169900173,0
-0.6788186696395291,0.5713412023548246,-0.21048351502311938,-0.6788186696395291,0.33494383714096926,-0.3797924069366323,0.4604316080913441,0.6657208233487635,-0.7856041727023748,0.607698256476604,-0.46213399542112954,0.5648589068436366,-0.3337401000461194,-0.341474257733985,0.03863080218632232,-0.6033244318461309,0.4891373253967894,-0.7249054440450446,0.5713412023548254,-0.15340120083302325,-0.4431290643822871,0.41329401796880005,0.44073867271383577,0.249758017154523,0.1253090542800518,0.7394344264400234,0.07687250904185056,-0.6101498332516696,-0.20521772264537672,-1.273211152497457,-1.1632711282752628,1
-0.3817656454528478,0.3527557051748692,-0.767144800817129,-0.3817656454528478,-0.6945246814762097,-0.3797924069366323,-0.601566975343783,-0.14563291556395225,-0.11981249538396134,0.607698256476604,-0.009883604774659847,0.3964906649017914,-0.15628722046477417,-0.35132829509799246,0.2940227044907096,-0.5141955929994395,-0.5409431517638873,-0.4157171937692594,0.35275570517487054,-0.6240371028415184,-0.4003793096102891,0.7345005834964112,0.25016164813467273,0.4865456453128938,0.03334917665520982,0.44508854982963664,0.17712596553633736,0.00045749847909001693,-0.6792554279917382,0.026144812967031975,-0.17705235921828608,0
1.425306918349463,-0.49265792025090654,0.2851015693451738,1.425306918349463,-0.4663735387322315,-0.12895918057675476,-0.4420945986762764,0.36210012207185477,-0.21288594896990998,-0.8978604870465134,1.2112333932719304,-0.5328353253480346,0.052564801541967764,-0.24661590319842097,0.6286515816126146,0.4708014854179811,0.14124763083180156,1.121061846994721,-0.49265792025090416,1.0292973131183245,-0.3022855950546584,-0.5425124295351921,0.2546747651979756,-0.749421971705331,-0.42824409645285005,-0.5939272368378057,0.7820961584507462,1.4429492520562524,0.547354541853985,1.1230355497382674,1.1070577149500584,0
0.2040889300264402,-1.7522102832049895,2.2118768442435037,0.2040889300264402,0.45265147427488595,2.38362449363829,-0.2541965466709579,0.811394116959714,-0.9365501327031882,-0.8978604870465134,0.5489235046391929,-1.8571882446548706,2.4716045443205408,2.3745866634608195,0.4932219754343433,2.1375636061562773,1.4757877063996938,2.0377192042328556,-1.7522102832049882,-0.9055391729166,2.603990062185757,-1.9028590842425452,-1.2841601606953281,0.0872027011323938,-0.22027872847999044,-0.2986290605638448,0.5184755437873008,0.15619104008305393,2.1489951923095325,-0.7157313926325097,-0.1450862108236469,1
1.0704935839042606,-0.5627040073671122,-0.24337453970858972,1.0704935839042606,-0.9264718831979684,-0.3075221954411002,-0.8627083710974012,0.049685776257852574,-0.015585659047814315,-0.8978604870465134,1.056555821549279,-0.35465062988182555,-0.3961552132790642,-0.7250134018796749,0.6039545638671978,0.1672291465518611,-0.42566318256342245,0.5248273554292692,-0.5627040073671105,0.46714887460817733,-0.5921097853293615,-0.03799132326639119,0.29915668199880063,-0.5851032210016042,-0.1321820180262719,0.087883939916316,0.6903936377461283,1.2756504077051893,-0.31640759804126256,1.0920703907019436,1.0695588917290093,0
-0.5632980491224864,0.7285024803659947,0.17253781946722543,-0.5632980491224864,0.5768716241190807,-0.13717098263020314,0.636600387190129,-1.0256402107271239,0.7984894663288746,0.607698256476604,-0.26342037261256,0.515437378737205,0.21118038651869742,-0.008000622116572289,0.16396201350236503,-0.44586348321697605,0.13825683644999895,-0.6405549336217354,0.7285024803659961,-0.33642627383632695,-0.138809511784156,0.32010018464125484,0.1151999856692249,-0.16257539966980353,1.142502063224177,-0.12725065469056548,-0.48399689924925166,-0.4194219004562896,-0.32863284003063686,0.4255813942632242,-0.2074736210650112,0
0.6001596289420152,-0.25667421665259593,-1.1373234929945555,0.6001596289420152,-1.0426214440049815,-0.3797924069366323,-0.9606632099721865,1.1479348709589032,-0.29073474745276406,-0.8978604870465134,0.8104474945566656,0.009232286219670162,-1.0028201039823101,-1.1122866131698037,0.5566664756259632,-0.634816621571962,-0.44393109064789793,-0.29024580951458695,-0.2566742166525935,-0.2780246369052732,-0.8834457084979043,0.4841887024081042,0.5081378992041877,-1.22488628406969,-0.8510263061608249,-0.2620683339775473,0.6503229733132442,0.3094028067392402,-0.5385402510214761,-0.4692256748407013,0.0338084593164706,0
2.9600808766473166,-1.7667019198387435,0.8641663853393091,2.9600808766473166,-0.6405651443565878,0.8166968088211005,-0.9078930186074364,0.5107179033213491,-0.576903941571107,-0.8978604870465134,1.7044647494331868,-1.6396805349559649,0.5787000767209309,0.7183076460285402,0.6876061155762447,1.900951751146319,1.5108048238193283,3.37631090348069,-1.7667019198387424,3.4609161401622157,0.6649637691873002,-1.4802404988455078,-2.060003027135413,-1.303832352588326,-1.051711324251778,-0.06788866283230743,0.795367263168306,1.6223737213455955,4.017723911535053,0.6983389885585524,1.7193904680270207,0
1.1695112586331544,-0.12786611614384974,-0.8660383425290336,1.1695112586331544,-1.0393686334237633,-0.3797924069366323,-0.9573076141798287,-0.04776310108700557,-0.003194592411032795,-0.8978604870465134,1.1019751941724816,0.28194955095892216,-0.8947760610094982,-1.0017596310902093,0.6115734824882311,-0.46835790444971237,-0.4949128218673875,0.21742064610639006,-0.1278661161438481,0.6240275086110092,-0.795481981148635,0.84169747676749,0.4352166260990256,-0.6642252977974173,-0.6246290294915297,0.07910293605481379,0.7222346715417549,1.0561611896733296,-0.5239729783293985,0.860756838843213,1.0845106332779644,0
1.1365053670568563,-0.06504584456725265,-0.9286427225022925,1.1365053670568563,-0.7279681032131662,-0.3797924069366323,-0.636067172161437,1.7633377393251253,-0.2892053628263281,-0.8978604870465134,1.0870447248810737,-0.008011056594035632,-1.0090603328346213,-1.151693513476946,0.6091039019696881,-0.7792463192800833,-0.5490614722214978,0.19378795999641119,-0.0650458445672499,0.5717346306100654,-0.8868306577903019,0.28441367533442086,0.4942011839471085,-0.7618319755870583,-0.07536287387336735,0.08194919247888818,1.1518480939761107,1.2147162015570245,-0.5463908371878242,0.8940722156226986,0.9211150573804722,0
0.06381389082717406,0.020715439037118737,-0.6012160968564356,0.06381389082717406,-1.0152266798912837,-0.252416159175757,-0.9709397220862823,-1.4793684615476888,1.3237878584831806,0.607698256476604,0.43886911026850184,-0.3496484476346613,-0.485659557549109,-0.9106931389255569,0.4616236403779665,-0.414371293491145,-0.23644860636987577,-0.38830327788168395,0.020715439037120996,-1.1277839044206115,-0.6407529708837367,0.051805394624388976,-0.7300895894237108,-0.8331077636568881,0.33559051288693764,-0.12725065469056548,0.6379246147356558,0.060062652203383714,-0.6367313130221142,-0.04988902193105999,0.055740121278958006,0
0.08031683661532303,-2.365662151801006,0.5148431142754949,0.08031683661532303,-0.9806373312628772,0.24922610052448038,-1.0870262478195865,1.0737450275484073,-0.8159954189484221,-2.403419230569631,0.4524085062064113,-2.312579307663147,0.46282841051228135,1.3928431856351127,0.46568530000394676,2.6392047325172077,0.47394189694813577,1.1501482298993102,-2.365662151801004,-1.1016374654201395,1.2939444773664734,-2.335260707422735,-2.805611176059446,0.024298306465210667,-0.22742768358533066,0.24724289888438333,-0.6694648287131736,0.20304296637631433,0.701242357715927,-0.3175575917462462,0.10725136122903653,0
0.6661714120946111,0.6274220507929003,-0.7309211201260587,0.6661714120946111,-0.355475679142941,-0.2923237389463317,-0.2782675214344616,-1.000662531236677,1.7988891245378957,0.607698256476604,0.8485267311831881,0.7250442216091711,-0.44132138545852023,-0.4170803864387744,0.5646991483970085,-0.8202556100004602,-0.41391049268011537,0.47552593640599017,0.6274220507929018,-0.17343888090338536,-0.4214805514985803,1.1576097666456868,-0.013185830238242957,-0.19527389506730108,-0.5810232666786218,-0.2574394007831429,1.3512551323467892,0.9568221726715384,-0.4564644380573166,0.24655853012790863,0.5376203258886821,0
0.27010071317903606,0.9448874677744243,-0.1217789762466502,0.27010071317903606,0.7687984376358971,-0.3797924069366323,0.9079955333693382,-0.4963103517017469,-0.10833050035277546,0.607698256476604,0.5971040491182281,1.1940151976334343,-0.0011266230407209355,0.48400182029391764,0.5060823470948078,-0.5394889121316087,0.10005109289199078,0.8107101414027521,0.9448874677744247,-0.8009534169147121,0.11878418846776267,1.1031355541296461,0.31598792069538695,0.028685305815591353,-0.07636185513477556,-0.2912181024720272,0.7422525808509123,0.6667401975935389,0.09965219114832766,0.7211135140553522,0.6195734825041148,0
-0.8438481275210187,0.5228457222828062,-0.8917237359546211,-0.8438481275210187,-0.36522364046627004,-0.3797924069366323,-0.26186038621367336,0.9911576928630852,-0.4727585419788142,0.607698256476604,-0.8288575987574143,1.1809793591225066,-0.43844659026636684,0.045302155822780965,-0.2621641049721849,-0.9434400808851056,0.9523887004183372,-0.8833171569391646,0.5228457222828091,0.10806318917169627,-0.14625582378235216,1.6568556511176042,0.23779275797884303,-0.3098223837997092,1.192329749185074,1.0861084588922643,-0.8354456053648844,-1.244486151359989,0.05077336701821766,0.14533693370058576,0.014397624082120116,0
0.2618492402849616,1.3342079027630809,-0.7828319361426005,0.2618492402849616,0.9419288985873302,-0.3797924069366323,1.0865967251055033,-0.6418613720150951,0.6029610003356174,0.607698256476604,0.5911966778472257,1.3175128772526978,-0.6129292814518942,0.1809038336874361,0.5045359572959571,-0.9319385855069758,-0.35837937292806443,0.7214876618429241,1.3342079027630833,-0.8140266364149481,-0.1154010564807551,1.3530585723140447,0.04917253111790437,0.35112085079961636,-0.4265135907390418,-0.12725065469056548,1.1322500910410664,0.9984586131318441,-0.03990721316918298,0.580131347504037,0.4889448986508337,0
-0.6293098322750822,1.3973241597218007,-0.5704334080588777,-0.6293098322750822,1.2359937682080524,-0.3797924069366323,1.3899537188625641,-0.9463951850401873,0.36818771395657757,0.607698256476604,-0.37250207924245515,0.9846384993581618,-0.4007902524090894,-0.07591386053274607,0.09799821807286425,-0.7276357070796743,-0.3559677451193462,-0.6758221728935501,1.397324159721803,-0.23184051783443926,-0.2593248826346092,0.6713522447002535,0.10013065670255708,-0.33101877801950913,-0.8467812623937104,-0.12725065469056548,0.28779079965546916,-0.6356950741009724,-0.26885253078449334,-0.9285332239233836,-1.019564523522069,0
0.3113580776494084,-0.6325378204856253,-0.5053125060595942,0.3113580776494084,-1.0132605484955637,-0.3797924069366323,-0.9303745426885359,0.21574862483860355,0.09060981617354481,-0.8978604870465134,0.6261699670392465,-0.5862623069197401,-0.43604286382358004,-0.6401482488688741,0.5135701292786928,0.003314591293560652,-0.35979648133186537,0.16386534358331487,-0.6325378204856231,-0.7355873194135323,-0.5682924247110612,-0.34655287784224154,0.7338873212652693,0.0019641407267325067,0.13230933122890332,0.19205437519965363,0.1801942941644453,0.7766443966179193,-0.9387452857002838,0.09835014146318219,0.3477856432906073,0
-0.33225680808840097,0.5881799107131646,0.4214598469190759,-0.33225680808840097,0.7191820870473815,-0.3797924069366323,0.8568113610636102,-0.1744379035501738,-0.5140720711099287,0.607698256476604,0.05012645456953407,0.7305253005223988,-0.1677752585198906,-0.10146349791357984,0.32062602764741843,-0.13094158595866626,0.26447184452030104,-0.4657457723651532,0.5881799107131672,-0.7024764198429343,-0.273458506128389,0.359735945960872,0.5899308093244909,-1.0375738583575294,-0.15529972619148324,-0.12725065469056548,0.42751720947770694,-0.5742891293551317,-0.553141863038215,-0.13737759834114383,-0.4350700063939596,0
-0.03520378390171969,0.032502534887956645,0.4338594427215262,-0.03520378390171969,-0.19237412143930163,-0.3797924069366323,-0.08354901385557913,-0.2018565787836488,-0.34007994687312093,0.607698256476604,0.35389825206261577,0.05398876614898553,0.546042716714684,0.08869727337203996,0.4349484163478593,0.08609918107070953,-0.1600300947031244,0.18302599832171312,0.03250253488795745,-1.1731123218514294,-0.014275976744641719,-0.03613227842089361,0.6200031615994958,-0.13869256054022175,0.042962109030846816,-0.12725065469056548,0.5720964496829806,0.21142724468053997,-0.8776423193104749,0.10221332116617418,0.18276209214298852,0
-0.90160843777954,0.40530370598421994,0.04173461216509921,-0.90160843777954,0.18800001030337518,-0.3797924069366323,0.3088445190993666,0.15718465210453572,-0.2731982147742075,0.607698256476604,-0.9932405947069987,0.6184121593209446,-0.09256965988768734,-0.13904544031185154,-0.4335472497485428,-0.46051101332201366,-0.7837611780910674,-0.8418690613001247,0.40530370598422255,0.19957572567334803,-0.29395147337594124,0.5484398920301459,0.5063896713565763,1.2135526974137445,0.6809539478841673,0.5781906904157316,-1.4215167429973585,-0.8292739583718438,-0.005680457500987496,2.17711099558899,1.3484679490925797,0
0.7899435055057282,0.12375747050734554,1.2527915976219588,0.7899435055057282,0.774270008180917,-0.3797924069366323,0.9136399994825728,-0.003123012069766933,-0.7794193876451796,0.607698256476604,0.9165263646867102,0.40484338628297034,0.6717958890278316,0.41914332986362934,0.5783635993054089,0.4176320415235508,0.413122093254333,1.2501326711338363,0.12375747050734626,0.02265941160015434,0.1535202540964502,-0.3214268688735668,1.003033820980931,-0.6809882891497904,-0.2558094623196387,-0.12725065469056548,1.1021589068754902,0.9134055150622695,0.7490039457343718,1.043383841677797,1.1731883416402429,0
0.2783521860731105,-0.7279552619402849,0.14629187834869498,0.2783521860731105,-0.8806629558723863,-0.3797924069366323,-0.7935870130204358,0.347726282076706,-0.5312275052049145,-0.8978604870465134,0.6029795745614633,-0.5724953240779267,-0.21378539120752407,-0.5217444111210542,0.5076121090463523,0.7020776261439596,-0.14307579029112805,0.0845322342110473,-0.7279552619402824,-0.7878801974144761,-0.45191768684094913,-0.4030455966764068,0.837405687877685,-0.45708118360800654,0.20255199678207117,-0.45342245941713205,0.18841288242271906,0.4992952666510668,-1.0287221554395864,0.4007731774850677,0.30050019146095497,0
-0.7365789798980504,1.514308870421844,-0.4312941768010988,-0.7365789798980504,1.8339473799857369,-0.3797924069366323,2.0068020024028996,-0.7079254657563568,-0.28461151693031395,2.1132569999997215,-0.5769672074240032,1.8564228199994781,0.047271019723246786,1.1258769211197266,-0.0449233386910395,-0.8657593462280557,0.35079018483905017,-0.4412404947680366,1.5143088704218464,-0.06188866433137149,0.7697613347387195,1.2241097459246906,0.24806080964869237,0.5406356376243628,0.22687479871216898,0.35424105704865055,-0.18603349396345975,-0.7087960717343238,-0.5883098378953426,-0.40911321064659545,-0.6814620419615,0
-0.8851054919913911,0.9335605288186641,-0.7636254304884891,-0.8851054919913911,0.3918680223122897,-0.3797924069366323,0.5191545344576058,0.9770130064593257,-0.9606348271634856,0.607698256476604,-0.9436908129401074,0.7733045747816707,-0.4186357410059181,-0.23684377463441608,-0.3791399022004926,-1.0757072777335956,-0.40652438648258205,-0.9470526934788461,0.9335605288186644,0.1734292866728761,-0.3972268720759276,0.676600838672165,0.18733808916755632,-0.4771744011413817,-0.4139346238112799,-0.8013390511254713,-0.7313710137246037,-1.2769899042527597,0.15220252122202163,-0.8758271190667335,-0.9956375591372452,0
-0.10946703994839001,-1.0054402939915685,-0.8934319069433457,-0.10946703994839001,-1.2020091624846783,-0.3797924069366323,-1.125087403797719,0.6175024405105998,-0.47844530446934064,-0.8978604870465134,0.28551927184560316,-1.401327161781167,-0.8125046925962086,-0.2853353440783518,0.4119194459621628,0.5895272149632224,-0.2878427273412248,-0.14306871201736465,-1.0054402939915665,-1.0554533463493057,-0.34243181266042705,-1.2826494267981556,-1.2802991889019373,-0.3822152602093292,0.11582806165996926,0.09097940170922252,-0.6087207081821132,0.10514976170543087,-1.0768470393937855,0.4703049936398279,0.17221029638971813,0
1.8131261443709636,-1.5999468689700018,-0.1428158690112511,1.8131261443709636,-1.0895379901703761,-0.2702214411208256,-1.0422123061033983,0.5129529236167776,-0.3557716592511181,-0.8978604870465134,1.3584457049876768,-1.6788011660007358,-0.04004751012938986,0.4436811885645364,0.6491150895644655,1.484302983850084,0.37140074254289307,2.3918095581176004,-1.5999468689699998,1.6437386296294152,0.28782569176145056,-1.6907688392189528,-0.2748184296901985,-1.1280640203338126,-0.7617220918545122,-0.45342245941713205,0.7383110170099298,1.0510077536830111,2.505322077038444,0.20702750104795917,1.211676249017006,0
2.0524188582991236,0.24178962331180845,0.0768864548534953,2.0524188582991236,-0.20335169944169024,-0.17649864492426273,-0.15637878057372767,-0.75188317477485,0.5804930034678644,0.607698256476604,1.4402623866679245,0.31897589094864126,-0.07864107432670397,-0.33669591186800957,0.6593484721954534,-0.3665440028601449,0.3670984603739829,1.499730194433844,0.24178962331181025,2.022861995136258,-0.37108049806240473,0.5199864461896148,0.09819954251441611,-0.9867189675610646,-0.8187295675845727,-0.20289648471443125,1.7937929123349776,1.6254667819399333,1.1548097428208228,0.48018156287291713,1.261473139020873,0
-0.24149060625358168,0.6841468583489052,-0.30548359987711265,-0.24149060625358168,0.4501806022438861,-0.3797924069366323,0.5793097273206056,0.5745221391696937,-0.5561177374018046,0.607698256476604,0.15223495735226833,0.6917938584970085,-0.06092618773156636,-0.05663830586155696,0.3626578363204777,-0.860638664971823,0.024732664790180072,-0.22680113680395136,0.6841468583489078,-0.8462818343455301,-0.2293939975398103,0.4097638890734966,0.3995611640618258,0.04126426508957063,0.6737288505762439,0.11936705132220257,0.05554284558915532,0.01909031391696282,-0.9659489578152021,0.7585256107513326,0.3260412829788697,0
0.006053580568652711,0.8645328302412094,-1.1131648385987993,0.006053580568652711,-0.3034999651726621,-0.3797924069366323,-0.1981863111537859,-0.5183324089711137,1.4135389258329945,0.607698256476604,0.390111130231806,0.8807550962536852,-0.8265417954185359,-0.543193906100945,0.44657160764638293,-0.9460335553331151,-0.2920877944807353,-0.21313053683879435,0.8645328302412096,-1.2192964409222633,-0.5228230821629254,1.3287894484700014,0.03173908677691092,-0.05472451300748988,0.2472204584835477,-0.3255119477596544,1.1673635628554324,0.44261262756667136,-0.9782249484004931,-0.4239621114832462,-0.23231104046644974,0
-0.6705671967454546,0.7895329162938738,-0.9461076593966804,-0.6705671967454546,-0.19180531296547326,-0.3797924069366323,-0.08296223166406243,0.24790017048473637,-0.03066796320678157,0.607698256476604,-0.4466740559890621,0.8124027200365925,-0.7197566729512487,-0.5533084320799275,0.049222172156690475,-0.8894154511864265,-0.5117681427960649,-0.8472864001161045,0.7895329162938748,-0.1664744203332592,-0.5173117749792555,1.0709203152266953,0.1116309340718565,0.050231624903057014,0.006841588164270688,0.29998846981043,-0.24005176697503175,-0.601295409217508,-0.015014663597207186,-0.7564209142459005,-0.9657037979529354,0
-0.505537738863965,-1.6151003137126596,2.834473445866274,-0.505537738863965,1.096852161741718,3.203539398204476,0.16229982807801616,0.7055926427710555,-1.0804885524452987,-0.8978604870465134,-0.17618123023542795,-1.2352677783881112,2.9764749009536082,2.4322338939308064,0.21216632554699685,1.9039383655565663,1.3978616290123067,0.3577988015996646,-1.615100313712658,-0.4279388103379788,2.664437003687814,-1.0739742700456787,-1.1298891572985421,-0.23039869207013436,0.23524164432226394,0.2060897611288918,-0.3693355104427701,-0.8712992971088628,-0.4096741567142706,-0.8128140279759146,-0.8384705846256532,1
-1.0418834769788061,-0.1851053885121248,0.15788528307043787,-1.0418834769788061,-0.5123507652167594,-0.3797924069366323,-0.41363656512954955,0.22181162529592516,-0.3471698094760777,-0.1450811152849547,-1.541576955057023,0.16305188201052684,-0.0659144950463769,-0.5532891461700878,-1.2339630357919633,0.1960926919634248,0.6969121912761246,-1.195232255612255,-0.1851053885121242,0.42182045717735966,-0.42766086299776485,0.3213488661246338,0.6423333889849419,-1.5939085021954809,0.775827660793407,-2.460633565426773,-1.2554266503907838,-1.8857879237599788,0.5794879659909477,-2.3427461841232513,-2.0871322957495786,0
0.2123404029205147,0.5728547941173725,-1.10112882914554,0.2123404029205147,-0.698326063356423,-0.26529690333135114,-0.6401284051549968,-1.4460570308821759,3.3734630708680644,0.607698256476604,0.555063843916542,0.3675080259575033,-1.0392941855809108,-1.1291940210525324,0.49489274001101535,-0.9270924498139438,-0.7126606152252322,-0.33903821683703567,0.5728547941173743,-0.8924659534163639,-0.8331346094402451,0.8727996576021215,-0.2683380355784798,0.5872820688434938,-0.09773805699706024,0.21358055699000525,0.6893989673371882,1.025223159106295,-0.6986719839045267,0.7592979747929394,0.5076361012270401,0
0.7404346681412813,1.6768511130874704,-0.5841255881595862,0.7404346681412813,2.03349565995958,-0.3797924069366323,2.212655786978844,-1.3033524569407535,0.5738274681434334,2.1132569999997215,0.8898334240431375,1.6088697792451057,-0.518391287743366,0.6490268773761273,0.5731010917654796,-0.8844117451014819,1.2141912617587374,1.0951022502523748,1.6768511130874701,-0.05577990540126167,0.1989611388341739,1.0423125767649983,0.16146904196304082,-1.1017509439793127,-0.07719833505211855,0.12344337704142311,1.980597178738393,0.5397049084095482,0.5086804915951528,0.3575631854857632,0.5852432962318411,0
-1.0996437872373275,1.2732494665550873,-1.2812237407457057,-1.0996437872373275,0.3708959540912769,-0.3797924069366323,0.497519772112141,0.828322265252444,-0.21106426695299893,0.607698256476604,-1.8834346834156461,1.2403636403494809,-0.7097004476773501,0.01311541845721112,-1.979861337956267,-1.0757072777335956,-0.6209272585505133,-1.1120452005051293,1.2732494665550864,0.5133329936790114,-0.24811149521472062,1.5859296535196463,-0.077018936074775,1.2803987770941938,1.0779578534102363,1.4692744947605232,-1.3761593778938994,-1.485276298667536,0.40412644078992155,-0.4753718332419531,-0.9322321949368558,0
-0.9428658022499125,0.5288013075548088,-0.2164562242642145,-0.9428658022499125,0.21360544243368135,-0.3797924069366323,0.33525905452115495,0.6103962125430216,-0.7111679221515064,0.607698256476604,-1.1279683709749313,0.10654762381786625,-0.02860128596995807,-0.32731168737986355,-0.5946216339368443,-0.5535999217527136,-0.17668443509728032,-1.008243171514376,0.5288013075548096,0.26494182317452786,-0.4039294338560253,-0.2834777817348676,0.4260766868745127,-0.2671597003905075,2.9515175515961447,1.4692744947605232,-0.974586195100408,-1.2772708955717418,0.25359780253203124,-1.0297768246892656,-1.101090970361733,0
-1.0253805311906572,0.16721220175467405,-0.803462603549358,-1.0253805311906572,-0.34814638491487404,-0.3797924069366323,-0.24424350830379501,2.5159006947766374,-0.5481045293504133,-0.8978604870465134,-1.460806120176158,0.20308689703581997,-0.600068805984584,-0.71957471802993,-1.089350099658068,-1.0757072777335956,-1.1058618033832148,-1.0538724346959507,0.16721220175467372,0.39567401817688774,-0.6969453525603048,0.3446707840555816,0.47448451313767437,1.5439250516224985,1.0479338654417232,-0.12725065469056548,-1.445076871544966,-1.1102910560124655,0.3221409820221014,0.9137051222538145,0.17675247877732578,0
1.2602774604679736,0.6353835029963789,-0.0633687808079886,1.2602774604679736,0.40493258940078936,-0.31297208024240264,0.5124158379893462,-0.2718953521982588,0.1541074488504936,0.607698256476604,1.1420096757654048,0.905434257646226,-0.41933316550495586,-0.23883862099417857,0.6180308282703246,-0.6637274842710854,0.34427615542459084,1.1675273436848024,0.63538350299638,0.7678329231136047,-0.3113530938875488,0.9659837483130834,0.3315952572951187,-0.8439875095736311,-0.4246541164899223,-0.22670631973833708,2.2277024008031745,1.2078281613685071,0.6069407763607632,0.6581607482930584,0.9311655043542918,0
1.5738334304428039,0.12322537175737804,-0.46965774020616635,1.5738334304428039,-0.609532949477059,-0.3203749152697517,-0.531866004791607,-0.09448412770965453,0.28031823017503604,0.607698256476604,1.2699851278341918,0.34296632592228304,-0.428150484802517,-0.5619571614431118,0.6371512807159958,-0.45871743820711114,-0.28185924889078173,0.9962812643340324,0.12322537175737923,1.2646152641225719,-0.559467996339671,0.7093342016507119,0.24468902320181865,-0.6016380856931172,-0.7020417391906725,-0.038813401513971474,1.2430762178597288,1.4856925262379674,0.3904629111381466,1.200748724011194,1.379797084103591,0
4.164795919182191,-1.0798261450997757,-0.2670714688446708,4.164795919182191,-1.0564496022292476,-0.34877231615772813,-0.9843132652484617,0.35475618576227985,-0.19083282613443736,-0.8978604870465134,1.9783740786890716,-0.9020279777769881,-0.5584024786779771,-0.5581377578641905,0.7104976610220973,0.7059741410017735,0.8116437759130136,2.040009756886592,-1.0798261450997744,5.369606187196668,-0.5156082546162867,-0.7190419216491645,0.6376780286413195,-1.842194765126257,-1.1197717129829836,-0.17342109280254694,0.659878323718855,1.8868996198245576,2.290641121663205,0.725335262025478,2.1381265449492433,0
-0.1507244044187624,0.2999112765786036,0.5583022220439441,-0.1507244044187624,0.0915292244307714,0.5327538456785939,-0.06676003682367597,-1.7624936017128068,1.4486103283425447,0.607698256476604,0.24559145959982506,0.11580880906025527,0.7044904592536545,-0.11536479173878915,0.39778890028602426,-0.2860523711754457,0.24693019335154226,-0.1645926353667608,0.29991127657860506,-0.9900872488481257,0.10863087955061503,0.5152303738042538,-0.8453202929086697,-0.6007518969599169,0.2783132464988886,0.3254952832134764,0.8844083649382665,-0.24592062064887016,-1.0191108362462404,-0.5683869821593442,-0.4363264296226111,0
-0.010449365219496248,-2.009553276091615,2.5226887104029783,-0.010449365219496248,0.856309056292863,2.994412831762052,-0.022574183609959803,1.149339405347639,-0.9788227908051801,-2.403419230569631,0.3757700369187336,-1.8677925474730546,2.9049045038081647,2.804784066951612,0.4420147008591455,2.428059526199918,3.088178213147301,1.426396151535648,-2.009553276091613,-1.2123319803521373,3.1129801467577414,-2.175112067041492,-0.9929482446868259,-0.5540890769550122,0.6861799231668526,0.07363661577016879,0.08898497839320327,-0.5018743129447674,1.1798037040244786,-0.4343220615545877,0.4525534553649195,1
0.7899435055057282,1.218816697940013,-1.6289656945538318,0.7899435055057282,-0.02106185318450549,-0.3797924069366323,0.09317653230879684,1.3434409922992665,0.16483040734878188,0.607698256476604,0.9165263646867102,1.190024470217157,-1.3829656416601945,-0.436631941244098,0.5783635993054089,-1.0757072777335956,0.3677844353694941,0.291590922513093,1.2188166979400148,0.02265941160015434,-0.5260494683687622,1.7261851071623262,-0.1374852804379491,-1.1030295517392672,0.08514376687772268,-0.12725065469056548,1.459963374504242,0.5822300659548088,-0.6277399506868832,1.0612856044115855,1.2046399972799402,0
-0.7613333985802739,-0.34468453233885143,-0.8774531933012014,-0.7613333985802739,-0.7039225422356258,-0.3797924069366323,-0.61126179809293,1.9750101330585736,1.0495069223278894,-0.8978604870465134,-0.6301439715892172,0.006621952276548123,-0.4693061129541343,-0.9000011451075782,-0.08670040912972625,-0.8552619496527788,-1.084430717647049,-0.8249989592154628,-0.3446845323388501,-0.022669005830663592,-0.6481070994571033,0.22477029192490433,0.672296494094867,0.8602783395907954,-0.4009116267487557,-0.12725065469056548,-1.1227281283979558,-0.6470910023125167,-0.04547755134338173,0.3517818816113993,-0.129338789329777,0
-0.8520996004150931,0.12872372550704014,0.4233000628256346,-0.8520996004150931,-0.22616598811918776,-0.3797924069366323,-0.11840866609037734,-0.4478031174797024,-0.23169875355702757,0.607698256476604,-0.8508766805475935,0.10023796011554303,0.5077277564810723,0.022240210889172076,-0.28364945548350684,0.13899146883417082,-0.4562535120232658,-0.8320160490911951,0.12872372550704192,0.12113640867193223,-0.05307249479495442,0.08387674386567551,0.5429638771197084,-0.21041684034557692,0.07973825207976505,-0.7463114269267033,-0.7707621468767084,-1.175557080381353,-0.03027189732615914,-0.5005932542041387,-0.6429440912121853,0
0.8724582344464731,-1.1809287278959593,2.723494292343876,0.8724582344464731,1.554842363544961,3.0169075333533764,0.6912263652052563,0.4563440988094476,-0.922847172908914,-0.8978604870465134,0.9596113127102901,-0.9397716317399334,2.8892999622592046,2.167026300832569,0.5865905167773917,1.4876104906479959,1.648932618114673,2.8778430164532893,-1.1809287278959584,0.153391606602514,2.4212279429224584,-1.2858778337636698,-0.6223269093063818,-0.4016551185895076,-0.040237412772930074,0.10789646034486687,1.097238165216889,0.6278982893571712,3.406578772136716,0.19292417416384114,0.4755103474157218,0
-0.8603510733091676,0.8575992444465985,-1.176798367994593,-0.8603510733091676,-0.20583592198657336,-0.3797924069366323,-0.09743619238814102,0.9950837178714871,-0.4653586310977761,0.607698256476604,-0.8733497958925129,0.6067339417401287,-0.8304219900525465,-0.782825082578792,-0.306030028932801,-1.0757072777335956,-1.067692372427466,-0.9193842717408555,0.8575992444465997,0.1342096281721682,-0.668820817198006,0.8485179708302524,0.062110343158365625,1.4723575579292951,0.9508228037315348,-0.12725065469056548,-0.707583880268554,-0.5146107693608977,0.11545636023750429,-0.5223085989111381,-0.8317558908604259,0
-0.538543630440263,0.5202444321640015,-0.12666502772822702,-0.538543630440263,0.24072449616774969,-0.3797924069366323,0.3632350403127044,0.28429701834120186,-0.4290538810945954,0.607698256476604,-0.22517408209838416,0.4274343233431461,-0.0553731280593085,-0.22736029556866627,0.18557084303961235,-0.5435978651247273,0.15718286186871228,-0.5730018093258266,0.5202444321640013,-0.37564593233703486,-0.33374649891497843,0.21150550906050428,0.44257935491877237,-0.16320692730803452,1.1285023428278547,0.2214157572585262,-0.004387523102194404,-0.4658335788125158,-0.431583895151021,-0.46939089286310187,-0.4209341301808521,0
1.7141084696420699,-0.847600621974595,-0.6412937929416903,1.7141084696420699,-1.1023918384348679,-0.3797924069366323,-1.0223222826567613,0.6264823861468677,-0.2697646520193024,-0.8978604870465134,1.3227078431859656,-0.6715400033738629,-0.685944165862193,-0.8418930618589097,0.6443983235471954,0.43066913081865293,0.05457864862034237,0.7138524863304695,-0.8476006219745937,1.4868599956265838,-0.6651966233826053,-0.3931741535129956,0.8254412535455969,-1.0424249679833446,-0.36173150772690754,-0.12725065469056548,0.7643326817661275,1.284955402494709,0.09083237010542405,0.9822526840908324,1.3542503594533228,0
-1.0996437872373275,1.074729957488346,-1.2158142527704507,-1.0996437872373275,0.05631493077608584,-0.3797924069366323,0.17299833693016897,0.8661565085339074,-0.21938247116670553,0.607698256476604,-1.8834346834156461,0.5155187005887587,-1.2206450336102967,-1.1295672421363043,-1.979861337956267,-1.0757072777335956,-0.9406752434547474,-1.223955058730537,1.0747299574883464,0.5133329936790114,-0.8671514168660823,0.6968564813374504,-0.016854923433416626,0.5516823591692894,0.04274520716829185,1.4692744947605232,-1.403598272191843,-1.564576241252608,0.564952672772697,-1.2666543338583378,-1.6276581097892657,0
-0.043455256795794164,-0.1791840844740269,0.29449589002698545,-0.043455256795794164,-0.6734274430367042,0.45205247639969626,-0.831472771966411,-1.7762686541003674,1.2881317353440978,0.607698256476604,0.34650902123989474,-0.21163174945576396,0.31810439115275047,-0.3861385819152652,0.43252889489388346,-0.08595274349319339,-0.6876779636657367,-0.08700470896876862,-0.17918408447402526,-1.1600391023511933,-0.18009067140430782,0.45919535872883543,-2.0835509248413095,0.34486779791464206,-0.5933660123252259,0.07910293605481379,0.12784342017181713,0.5278168995077644,-1.1544753405657384,0.2551080643832855,-0.007182436535977245,0
-0.7778363443684229,-0.26014260347767043,2.2287644629756067,-0.7778363443684229,0.9620913254939636,1.0257386028385436,0.6821612783363664,-0.43021419853907844,-0.6625429216245106,0.607698256476604,-0.6670935259405232,-0.33318344052370974,1.972398694310905,1.1820775378569954,-0.11695277048187368,0.7486678512110956,0.3659911818351586,-0.41288127143606196,-0.2601426034776689,0.003477433169808335,1.1944836068047453,-0.6453048781965259,-0.1203803866271054,0.2434968717126336,-0.1984302591874295,0.9187485811567028,-0.5389257092374687,-0.9062477775178222,-0.6122064130721547,-1.0120271828733278,-1.0222407308176198,0
-0.728327507003976,-0.40951355951845864,-0.5318633212027546,-0.728327507003976,-0.7350529560011916,-0.3797924069366323,-0.6433758984494793,1.222058435457187,0.05446749839541222,-0.8978604870465134,-0.5598029556315302,-0.6314063493436982,-0.29550106055108183,-0.4402354151270866,-0.031868004178954634,-0.24903729743053238,-0.9037301756103576,-0.6750950133209354,-0.40951355951845697,-0.07496188383160746,-0.4886058276858293,-0.5493631206757088,0.7005244476376922,1.192969072934677,1.205830607096688,-0.12725065469056548,-0.9145285690451374,-0.1986298802108885,-0.2553802102925376,-0.4572546089525421,-0.6927346439421548,0
-0.22498766046543273,0.25127103387950533,0.4659096229258704,-0.22498766046543273,0.3759292504643201,-0.3797924069366323,0.5027121150750526,0.38707207422133394,-0.8387876004042356,0.607698256476604,0.169814490030673,0.6554268123609992,0.8151968075005586,0.6126992222356736,0.3695052000606732,0.24696469075130562,2.720381801606873,-0.1784450252250715,0.25127103387951005,-0.8724282733460019,0.35174510990565044,0.1882286324739356,0.6995545966601466,-1.066715836551043,-0.030502584768643173,-0.36992247740713147,0.9118975622129958,-0.6399722469472028,-0.9266172901647539,-0.5703188106772463,-0.29464352766736857,0
1.2437745146798247,-0.7361872803349935,-0.6176108132545108,1.2437745146798247,-1.162556756920397,-0.3797924069366323,-1.084388345920112,0.1973197278838255,-0.40538966927597553,-0.8978604870465134,1.1348392077900693,-0.5922061930656215,-0.8891537026038109,-0.9930097167841185,0.616891638555388,0.34300027922215637,-0.7186995029061991,0.4509479428516121,-0.7361872803349918,0.7416864841131329,-0.7791774606598145,-0.24470825883478747,0.741491468464632,-0.44176272200861794,-0.5565251125795097,-0.02713851660617582,0.7422374276923749,1.4113814424592286,-0.34198969603078144,0.8556960793932832,1.059317857110567,0
-0.522040684652114,0.23381023930675882,-1.3029817612528476,-0.522040684652114,-1.0005359228333761,-0.3797924069366323,-0.9172478329508381,0.452466758708902,-0.3349608800922362,0.607698256476604,-0.2004023922306594,-0.1119415959452341,-1.014014968753132,-1.2107762229323797,0.19916740993945214,-0.9270924498139438,-0.8143472343777247,-0.7846416029353451,0.23381023930676095,-0.4017923713375068,-0.8958946666244836,0.28660985316238874,0.23779275797884303,1.0046012088393685,1.012860069672359,-0.4680818663711362,-0.4058642277889021,0.10853344474994558,-0.10015072220138084,-0.2690864165657891,-0.6286910927888971,0
3.1663676989991787,0.29639274050372666,0.4513274731836509,3.1663676989991787,0.258797119290528,-0.26572412535972906,0.34736806329660175,-0.23423014550464308,-0.28242849526208014,0.607698256476604,1.7565236877550583,0.39975821872647443,-0.16051955514887836,-0.27158753024067733,0.6924107776334386,0.010068218783860583,0.5174473751442528,2.285426112644065,0.2963927405037279,3.7877466276681155,-0.3957059246997927,0.33503862795832223,0.4553143570034337,-1.3362624459826067,-1.2141592952701399,-0.12725065469056548,1.7265785562354,1.8503242645111246,2.3969077227846274,1.1892072750084686,2.008873384245579,0
-0.3652626996646989,0.7309971038264892,0.9732323146175096,-0.3652626996646989,1.5651387277878357,-0.3797924069366323,1.72949929456222,-0.35768512378039674,-0.674441051684276,0.607698256476604,0.010489089611953694,0.2913171141772984,0.9609316967120367,0.748025620869872,0.3032189149646308,0.08775417602627118,0.8641119734769193,-0.1348881668254489,0.7309971038264907,-0.6501835418419903,0.338295906304831,-1.3825088303335826,0.9343588626377107,-0.7332015531582998,0.7289583503305574,-0.12725065469056548,0.40260581317668753,-0.44693292674058693,-0.9575850857869833,0.35968931359183237,0.01652741753939335,0
-0.5880524678047098,1.6972479241914598,-0.20726396174397138,-0.5880524678047098,2.4875213578786735,-0.3797924069366323,2.681028194015533,-1.6358560712814978,0.7419797644729839,2.1132569999997215,-0.3030577386600485,2.192297174915313,-0.03633590978299862,1.6884018679848907,0.14075252992532072,-0.8307680243104658,2.1671837405679946,-0.1317250226845748,1.6972479241914615,-0.2972066153356191,1.1392336132652852,1.2963719938394755,0.41787858726542887,-0.34594451724451225,1.1892329715192387,-0.5017442082655142,-0.387535628406726,-0.7364196527278584,-0.8667514023921085,1.9031722468583394,1.251862076370617,0
-0.40652006413507125,0.6825093740409507,0.3307942418839377,-0.40652006413507125,0.5969056213274335,-0.3797924069366323,0.7306710944758879,-0.7548837066447346,0.08860640450926623,0.607698256476604,-0.04117496216199085,1.015614401554988,0.03861803386134317,0.31020639630202346,0.27955876180356787,-0.3694261295135028,0.39972009248971807,-0.13968742000470616,0.6825093740409536,-0.5848174443408105,0.012327417174195379,0.9615019695618645,0.45986131562067767,0.3189307021316068,1.0408137805879816,0.1672539845285676,0.030038406750220785,0.041580307239016,-0.9777547761993013,0.38170555697375097,0.041807976685964345,0
-0.6788186696395291,0.05944446826129996,0.6831891611048562,-0.6788186696395291,-0.006601273886952233,-0.3797924069366323,0.1080940498937747,-0.26593318200466093,-0.3961695168274434,0.607698256476604,-0.46213399542112954,-0.10489618643429316,0.2431016418637668,-0.1739161195527736,0.03863080218632232,0.15248812157381267,0.5182995032164833,-0.7002547345334051,0.05944446826130156,-0.15340120083302325,-0.23963667854598045,-0.3841951337050405,0.6750312219422017,0.2324902471606102,2.0873249641113008,0.7394344264400234,-0.618096101740449,-0.6116295597135984,-0.2326233457868715,-0.4769764495805978,-0.3944269564643329,0
-0.7860878172624973,1.3394226362440012,-0.9711368104918342,-0.7860878172624973,0.8951976596165953,-0.3797924069366323,1.038388830748761,0.4237074974340625,-0.7559405546369267,0.607698256476604,-0.6860489162337158,1.1351020972884898,-0.9222803036710018,-0.18286896315859189,-0.13287506593037388,-1.0757072777335956,-0.7074753426273627,-0.6893109829655534,1.3394226362440016,0.0165506526700443,-0.4018917639980997,1.1475078219581398,0.028674599646530064,0.9735539009397478,1.2299412613042677,-0.6594257045075973,-0.26180820348010536,-0.42005997368680476,-0.2382610121517178,-0.6092118190247845,-0.9360671845002664,0
0.2123404029205147,0.4351179437255601,-0.6641075382033088,0.2123404029205147,-0.29537958405381864,-0.3797924069366323,-0.18980933498675467,0.6246078712837027,-0.2247750763865195,0.607698256476604,0.555063843916542,0.07061866632462412,-0.7397368178021898,-0.9230153957338293,0.49489274001101535,-0.815631328874205,-0.2059313975502664,-0.3892485853260831,0.43511794372556306,-0.8924659534163639,-0.7654247182308616,0.14577607811532592,0.3164377691129147,-1.1517534598079537,0.3712512082426712,0.21358055699000525,0.8970666982900388,0.10924175246207618,-0.5661978516164217,0.2931428267313408,0.12600452826113004,0
-0.6705671967454546,0.15203364774152273,-0.6454489040162315,-0.6705671967454546,-0.6127235835984753,-0.3797924069366323,-0.5171810533864194,0.6913631152896579,-0.4342855427424178,0.607698256476604,-0.4466740559890621,0.1330086787711056,-0.34101417554837227,-0.49745102686453574,0.049222172156690475,-0.5168317980920881,-0.651868535420101,-0.7379579583734791,0.1520336477415229,-0.1664744203332592,-0.5654910272408394,0.3750919831931539,0.3977127261734415,0.5233080892262415,0.10919396755158298,0.29998846981043,-0.6023228257366042,-0.43062041308702553,-0.1849077062341243,-0.1272865682840491,-0.47583956708768926,0
-1.107895260131402,0.975470202954976,0.8895470737449982,-1.107895260131402,1.7865105590096366,-0.3797924069366323,1.957866230431015,-0.9399508052507894,-0.03403311760255682,1.3604776282381628,-1.942362954043748,0.5827609364672106,0.28327268282321943,0.30771660331832423,-2.1337768606250966,-0.3408895174642061,-0.41648096096355286,-1.083504187280001,0.9754702029549757,0.5264062131792474,-0.11272436605382856,-0.7059928688309358,0.8254412535455969,1.7868802498112537,2.0971148778714594,3.2431913274839603,-1.4145916951049,-1.319406600933873,0.38187367960327867,-1.0840795483949277,-1.0525439315987721,0
-0.6540642509573057,-2.4863837017294235,2.3892847002419537,-0.6540642509573057,0.8449221536073181,3.528739031205295,-0.1959780893726211,1.5979950655294808,-0.8314832331641321,-2.403419230569631,-0.41639690200199264,-2.30925096766199,2.682932871527418,2.933540854748731,0.06953438853821782,3.0916153626982847,1.3190538469741022,0.2372357444601416,-2.486383701729422,-0.19262085933373113,3.327146096736173,-2.573997688992314,-1.22326871858565,0.3120911545007493,0.9602175217474782,-0.5427845976983852,-1.2083666024449877,-1.0274827844257928,-0.5034735490027008,0.9014092376453401,1.0233493681788524,1
0.2453462944968126,0.7164131512882125,1.1182799084393644,0.2453462944968126,1.6551470547681284,0.1801031876166658,1.652958728144657,-0.9291799287870993,0.07642201954805139,0.607698256476604,0.5792850037319593,0.973221266692427,0.473969447622762,0.5570898197282995,0.5013921978147877,-0.13094158595866626,0.06781828940890818,1.0147511174784467,0.7164131512882141,-0.8401730754154201,0.27582454946084206,0.4024199627751873,0.43422958392936106,0.4581989190507321,0.17907510653581474,0.2060897611288918,0.799714582091796,1.047363950017347,0.4499787936984083,0.768314719845322,0.5206523923849136,0
2.539255759049518,-0.1437914204463122,-0.30735126369645366,2.539255759049518,-0.5263438341468332,-0.3797924069366323,-0.42807179953730956,0.8998510243030112,-0.43384080574948913,-0.8978604870465134,1.5898685475639907,-0.02971614661783016,-0.5716996620000607,-0.8170437746083856,0.6761852249679312,-0.16996451670589163,-0.12860301023721013,1.2953983545291035,-0.14379142044630946,2.7941819456501813,-0.6926433212058735,0.10365241474161113,0.6112544193260558,-1.356866926531357,-0.643825755404068,-0.12725065469056548,1.403544502749456,1.618219712885503,0.9826954400476294,0.9895502254426307,1.5767952333443789,0
0.9054641260227709,-0.6297343007010949,1.2260131986474112,0.9054641260227709,0.07552598563502885,0.5536518514636755,-0.08959152665218997,0.03124769888360934,-0.4191677590859113,-0.8978604870465134,0.9763794472790602,-0.4365124934985211,1.0785769427078618,0.5915036176331468,0.5897054412553364,0.792188250279433,0.6594174288321929,1.3428091586635842,-0.6297343007010943,0.20568448460345784,0.4199909141666611,-0.5767612291886481,-0.23619071709196027,-0.6495121336757852,-0.3446269358177299,0.1043064280542462,1.1819145430831297,0.780624189141541,0.888341917602825,0.19810853033695683,0.6417393888869636,0
-1.1326496788136255,0.975470202954976,-0.755122090910198,-1.1326496788136255,0.3918680223122897,-0.3797924069366323,0.5191545344576058,0.9117107833282997,-0.8881466252683079,0.607698256476604,-2.1410765888412966,1.303491019391687,-0.3932846968739018,0.014610844355541781,-2.7186558467666293,-1.0757072777335956,-0.551619047429511,-1.1809435700103754,0.975470202954977,0.5656258716799553,-0.05794288081965661,1.3818251874091056,0.1554329309486543,0.417377481438862,0.39014362017995546,1.8950145346141487,-1.4800940860393115,-1.8530929264510447,0.5000030976242859,-2.077754855025045,-1.8568355275987292,0
0.8064464512938773,-1.4913332167083462,1.7675093387194638,0.8064464512938773,-0.4130399560101791,-0.3797924069366323,-0.31118764436133317,1.1806108939481688,-1.1522171431676138,-0.8978604870465134,0.925280686941217,-1.281081612327965,1.7906223664895198,1.5978139065366461,0.5800616350716259,2.1780657647392614,2.0363027307673116,1.709915668898133,-1.4913332167083446,0.04880585060062627,1.4182468192095694,-1.921172563056811,1.5192681735225493,-1.0932349451356325,-0.10160118692538392,0.1154211680260005,0.517720563818747,0.46618480375672194,1.4950668446167346,0.42037365854515074,0.9561601820339288,0
-0.7695848714743484,-1.9972753268834236,2.591056593920256,-0.7695848714743484,0.6214943963932089,3.0744787187820206,-0.2890321809560284,0.9648894735958097,-1.085360033922631,-2.403419230569631,-0.6484621753501468,-2.3415285943716464,2.8634238912132965,2.851143203163292,-0.10157021386213304,2.2870180658720853,1.866663759432112,0.2417077758317222,-1.997275326883423,-0.00959578633042763,3.567146687488888,-2.175759357839714,-1.5856030199885038,1.5617626491572978,1.798793891314478,0.38688456292927587,-1.0208715558212635,-0.7858099880814962,-0.3576314407796924,-1.149221955879878,-1.007490608464146,1
-0.7943392901565718,0.8407605360882585,-1.191612752993431,-0.7943392901565718,-0.34814638491487404,-0.3797924069366323,-0.24424350830379501,0.19750211160332132,0.35363190607935135,0.607698256476604,-0.7053398175446092,0.3999788210322185,-1.192245405268865,-1.2482869032089778,-0.1493660147877476,-0.9576115662617295,-1.2434518246374169,-0.932982155748751,0.8407605360882594,0.029623872170280265,-0.8852572189542411,0.6540474416646991,0.03578858762777154,2.290232838101807,-0.48958298971905073,-0.12725065469056548,-0.8141297685163186,0.03285400626598962,0.1750708368706735,-0.06667892323302714,-0.6418780209143085,0
1.078745056798335,0.3757027815695926,1.025115894401432,1.078745056798335,0.4031321720281695,0.26834115057453534,0.3346856950950384,-1.4416156776893374,0.4698340368991624,0.607698256476604,1.0604139042486507,0.4405631780862968,1.0895990686934802,0.5975755298222393,0.604614152228379,-0.024112956500017,0.8098499703079202,1.854111412147635,0.37570278156959425,0.4802220941084133,0.4951604775529743,0.5887027832472161,-0.23539308898033326,-0.5968120184801967,-0.18127230109371903,-0.02006345384402507,2.019104764808548,0.907447240260319,1.6977267614974276,0.16387016562207674,0.7031921685853632,0
0.855955288658324,-1.7944973219918934,2.648651222307199,0.855955288658324,0.969337197663535,3.3618848710390803,-0.017150941496767682,0.8152016416960048,-1.0275563606288545,-0.8978604870465134,0.9511295014041731,-1.7270770365226205,2.8896248727980236,2.59155127504546,0.5849965515171953,2.075972022171833,2.326274410697648,2.8600276069242283,-1.7944973219918916,0.12724516760204205,2.968772884659368,-1.6563358211664063,-1.3764250801991003,-1.0749280838119262,-0.19525884693529458,-0.12725065469056548,1.827480932690239,-0.1639511281612343,3.3765772056150536,-0.403214886649627,0.5631003918061019,1
-0.8520996004150931,0.5905854404786419,0.4180092498970465,-0.8520996004150931,0.6276967894506167,-0.3797924069366323,0.7624352294035468,-0.41949038612464307,-0.21092592038033142,0.607698256476604,-0.8508766805475935,0.0926290882148485,-0.15424658920370432,-0.43898517459953484,-0.28364945548350684,-0.26590811335508474,-0.36056840054999917,-0.9206568009929312,0.590585440478642,0.12113640867193223,-0.4732893035155597,-0.49557121252825154,0.5467403126334233,0.3674180603165043,1.695608400566856,-0.7463114269267033,-0.760267587149488,-0.788069146200861,0.10106597374685372,-0.5816767173655722,-1.1181560753985975,0
2.159688005922092,-2.7098478814228915,1.7706001522332355,2.159688005922092,0.4438422783382778,4.887553877281207,-1.0208329330750083,0.6415431341460526,-1.0272775761783113,-2.403419230569631,1.4750353780674832,-2.5378291283226964,2.0469418899251965,2.2691909677097524,0.6634704643996358,2.26292124175124,2.126641701720134,5.052486434314915,-2.7098478814228906,2.1928138486393265,2.9700422602194037,-1.1397740060039758,-3.806818291691181,-1.0091031138494693,-0.5766289607562745,0.019290301056153626,0.8516248090183621,0.7717925093684574,6.783598698912968,-0.1970272834708104,0.8112023177567408,0
0.3113580776494084,-0.6226118450322887,-0.7482629409500791,0.3113580776494084,-1.0447186508270827,-0.27252819829589525,-0.9952788297249302,0.05829778670610802,0.7065725366319968,-0.8978604870465134,0.6261699670392465,-0.7718043226994513,-0.3800515098695951,-0.5603528129360847,0.5135701292786928,-0.13591403696800797,-0.5836138284470846,0.3681971834880553,-0.6226118450322876,-0.7355873194135323,-0.4800253782259984,-0.5195875776763191,-0.3640175369180103,0.8843279092035284,-0.627942670767372,0.19205437519965363,0.04967486450763951,1.3778622934989808,-0.5887087017260783,0.8521441601570581,0.6244926153317027,0
1.5243245930783569,-0.7761551982615054,-0.19439562935727023,1.5243245930783569,-1.060120985796521,-0.3193170370798369,-0.9970121786368814,-0.07135738888609007,-0.20484174323073692,-0.8978604870465134,1.2507509728704924,-0.6012451315142382,-0.5847167691813244,-0.7667847669692471,0.6344189343177775,0.43535713730108383,-0.31883261736398033,0.7365398649960492,-0.7761551982615035,1.1861759471211561,-0.6375773812382348,-0.29153760647361476,0.12579459058193077,-0.48842866924289935,-0.6753094329458258,-0.2172624583688166,0.5773416975557577,1.6925248131038397,0.05100123269823023,1.26230567159717,1.2707837679456158,0
-0.9263628564617634,0.26824445190471147,-0.08303193341065498,-0.9263628564617634,-0.30545324603638385,-0.3797924069366323,-0.2002013135290988,-0.5816218173655248,0.5704976013771356,0.607698256476604,-1.0720634252405241,0.6965845144845154,0.18903499027765036,-0.08362406038753656,-0.5253596487358757,-0.5797052895517577,-0.6291715625751427,-0.891824923938757,0.2682444519047134,0.2387953841740559,-0.08982252939647271,0.9766289769650427,0.4228732277835683,0.7357410893316713,-0.11095411311645463,-0.12725065469056548,-1.354172989115861,-1.1612157380121062,0.05855121780713307,1.731008478283012,1.1943003828453136,0
-0.6128068864869333,-0.06421209773430141,0.4244460418241957,-0.6128068864869333,-0.05257850037148016,-0.3797924069366323,0.06066399398256341,0.248164131788816,-0.38285267822660807,-0.8978604870465134,-0.34419120313379753,0.18833425887082791,0.1360955876085569,-0.3013875478976113,0.11575770145773322,-0.05826730197597928,-0.06421277734338376,-0.7744613689187388,-0.06421209773430075,-0.2579869568349111,-0.2780419280418007,0.04648524935986336,0.7418801248770438,-0.9209753211195965,-1.2517294323005574,0.6505436488881682,-0.28525233478827594,-0.979631946086695,-0.09207939931659552,-1.0707367585940322,-0.8996609542419245,0
-0.1507244044187624,0.6658390283658058,0.7086457161799319,-0.1507244044187624,0.8498103477950006,0.2285717614735185,0.8075103967635772,-1.4387737367578761,0.8636658210171417,0.607698256476604,0.24559145959982506,0.3695584397961303,0.7697207749586472,0.26049587676817887,0.39778890028602426,-0.1873455078556769,-0.20890051103500362,0.3014439347220227,0.6658390283658049,-0.9900872488481257,0.21213711580983727,0.22337575912716856,-0.11090578113957171,0.7211579850706429,0.6009802969143058,0.3254952832134764,0.838987708403489,0.6616302361444252,-0.6171108077510244,0.16204776145516103,-0.10990682984910133,0
0.19583745713236575,0.18252011844407343,-1.015354171419454,0.19583745713236575,-1.0322069055815921,-0.3797924069366323,-0.9499195836710864,-0.6747228500686018,0.3074931285090432,0.607698256476604,0.5427483757124095,0.3850149767101911,-0.7232286044077867,-0.8213143727681649,0.49153222489656384,-0.6247963793864703,-0.05567515805256567,-0.23458174423092903,0.18252011844407526,-0.918612392416836,-0.693507516240376,0.9808107259067429,0.25898476025561673,-0.15019243444517452,0.06577710687143568,-0.8166592419535358,0.9364774038439616,0.5712866033466701,-0.8789746032880723,-0.14704133686145035,0.011516746311063069,0
-0.934614329355838,-0.5236066026900288,0.00514924631304422,-0.934614329355838,-0.8954943192544922,0.14277681464644593,-0.9669872174270148,-0.7985385702233144,0.6447618680635605,-0.8978604870465134,-1.0996574937763623,-0.7711675131520059,-0.043725751406058375,-0.3826179848914329,-0.559102667167118,0.4504526859028289,-0.9805627422025548,-0.906040893583375,-0.5236066026900293,0.25186860367429187,-0.30863532771935465,-0.3524219814532891,-2.0628378668385214,1.427481649264561,-0.02080866413266644,0.6505436488881682,-1.2796231675209762,-0.8327180860305728,0.09627100358147267,-0.7455225889842492,-1.0749809324761272,0
0.2535977673908871,-0.6322123786674834,-0.0836925621898341,0.2535977673908871,-1.0387020738784316,-0.3797924069366323,-0.9566199920912308,0.11000211369596344,-0.5886264398054086,-0.8978604870465134,0.5852571136524041,-0.6221910948355287,-0.5658929693485039,-0.7366291611327903,0.5029726670621514,0.6589444842138158,-0.8928418182252095,0.03264939870498598,-0.6322123786674819,-0.827099855915184,-0.6239830271234925,-0.37009866459278223,0.7248862324174844,0.44129615936551725,-0.629218787716575,-0.6245289799294302,-0.13147241646676583,1.0221946699845226,-1.0691916984746164,1.0916173396834568,0.7301025806928451,0
-0.728327507003976,0.41558315004018326,-0.8517702004354945,-0.728327507003976,-0.5482704734077969,-0.3797924069366323,-0.4506912963101834,0.4905138267690392,-0.24791311061033586,0.607698256476604,-0.5598029556315302,0.19323292598910655,-0.8519981681107633,-1.0402529984462499,-0.031868004178954634,-0.765706035119947,-1.0496613549541,-0.925237906300404,0.41558315004018537,-0.07496188383160746,-0.8014190328572881,0.4272052693026526,0.25282762445898677,0.726526706385109,0.17357289509191928,-0.12725065469056548,-0.770186520205883,-0.43007960714130955,0.10530336912714208,0.3007450432058853,-0.21350482810469523,0
-0.41477153702914576,0.16192946972068517,0.43436913618349493,-0.41477153702914576,0.14575463348334614,-0.3797924069366323,0.2652642351681807,0.08191702532577186,-0.45513096567398315,0.607698256476604,-0.05180828963237453,0.3554167035543793,0.13135122448666886,-0.0851888930787615,0.27454837642828506,-0.038317498529751574,-0.4839139262856434,-0.3030438179926063,0.1619294697206859,-0.5717442248405745,-0.23958547471868016,0.24051078673422524,0.6655115996888222,0.24087788944820548,0.8864249250974744,0.46753322451670143,0.0854279694612686,-0.059713236784909175,-0.8332739252254755,-0.3635806380178435,-0.4420363134043045,0
-0.6375613051691567,0.3719708953920839,-0.2017333737527996,-0.6375613051691567,-0.16598899236664907,-0.3797924069366323,-0.05633014393175781,0.0333872590444187,-0.2317787550349741,0.607698256476604,-0.3869381505556423,0.7093353877588332,-0.26990004269997114,-0.24431330171598994,0.08876328671273823,-0.3702822278749816,-0.5684199054418915,-0.6005247991492942,0.3719708953920855,-0.21876729833420328,-0.3442637230031903,0.9699508378919696,0.4008968095037552,0.46426209330112045,0.12893090502590443,0.27720238317038004,-0.60383720289331,-0.45522597764504014,-0.3922001071810971,0.27396227634498366,0.010714963806098847,0
0.38562133369607876,0.13201168578950132,-0.6426797443323464,0.38562133369607876,-0.7514785512041283,-0.2773793434103004,-0.6913049829012137,-0.4435487520568037,0.8150101971246034,0.607698256476604,0.6766116980543879,0.07394508836286211,-0.4884264585033655,-0.7612493517528055,0.5260999356467074,-0.5439798532170524,-0.5967380746656918,0.01781534342364539,0.13201168578950412,-0.6179283439114085,-0.6438881780690289,0.45368746352406636,-0.011895752101565365,-0.2926161435481228,-0.0873509786802723,0.025181394754510807,0.9905222444654475,0.7362708311540952,-1.0281655772081184,0.10273207581638485,0.25725040953480227,0
-1.0666378956610296,0.31949269473444036,-0.14382435386688494,-1.0666378956610296,-0.6822666022247974,-0.3797924069366323,-0.5889215543666348,-1.5602219740167425,1.0775824100475186,0.607698256476604,-1.6752021461245543,-0.08556419154896136,-0.13171902684471454,-0.8716389894137969,-1.498038832210382,-0.21309512437387748,-0.9201989506754308,-1.1602558801694862,0.3194926947344398,0.4610401156780675,-0.49293871561641966,0.1972461027409907,0.2739378043331475,0.24750569932922936,0.9412619972728977,1.1916179470298998,-1.371292278114181,-1.5258133365107316,0.46842053604856904,-1.3666016531836132,-1.4618419299767569,0
1.5490790117605804,-0.47780937959537134,0.3097816694199266,1.5490790117605804,-0.5515666348653274,-0.19996711598010244,-0.5084966769519722,0.03388472573889773,-0.13218413916245725,-0.8978604870465134,1.260410479200336,-0.2675480550787951,-0.062239171878879965,-0.505232008101996,0.6357971619862905,0.20806257403116143,0.2865572512626879,0.9113126682740007,-0.47780937959536945,1.225395605621864,-0.41355965056420124,-0.11822667438421391,0.3325804096438637,-1.0285725330676996,-0.13184907950053876,-0.12725065469056548,1.0793414376792994,1.1726116864702187,0.2781936269739925,0.5012461482858093,0.9117959787571994,0
0.48463900842497254,1.449188557528928,-0.12428893720618453,0.48463900842497254,1.9423101653434636,-0.3797924069366323,2.1185889317415176,-1.1106188612794525,0.25865726893805807,2.1132569999997215,0.7404293772303489,1.2782457069578943,-0.007031245606687627,0.5744112423800131,0.5411436210174664,-0.7936208389571949,0.5302328658196627,0.953124343699348,1.4491885575289316,-0.4610497099085768,0.1820204753963526,0.36640657397244175,0.3832357606316148,-0.6605334459038387,0.5126267798752014,0.016512273459056905,0.8637885324536462,0.600048199898259,0.3013665149458317,1.407749407527373,1.1511801629632887,0
1.1860142044213033,-3.8413105879819605,-0.631049780021281,1.1860142044213033,-1.0404675559174181,0.10217177378019326,-1.1042566359988764,3.697851122745825,1.5580482322591265,-3.9089779740927484,1.109364423905295,-4.0457334990517095,0.10737131948169809,4.014338569924395,0.6127832432152189,4.956749335288758,1.9875413430035034,6.004629178696648,-3.8413105879819587,0.6501739476114811,4.109142541514016,-4.67623766790476,-2.168658438059491,-0.23354331801599543,-0.8737096304257352,-0.537169274144223,-0.9506938051749592,0.8587227185436713,8.526006688386921,-0.11873103243935244,1.0079281989337823,0
1.5820849033368782,0.8877522803440903,-0.4248843137297273,1.5820849033368782,0.39650138622158304,-0.3797924069366323,0.5239343075339293,-0.384232538942925,0.1863094367609438,0.607698256476604,1.273158076677775,0.872625582370835,-0.7323755756953314,-0.4044254047782256,0.6375974051036885,-0.7488842622649426,-0.08778835747840616,1.2296267711861009,0.8877522803440927,1.2776884836228077,-0.4836551747936815,0.9864893668231537,0.22380112713201547,-0.6760147128961161,-0.531691206014865,-0.12725065469056548,2.25056085757462,1.5213628318669041,0.7182739386219936,0.7960376421457263,1.0899400340112293,0
-0.9841231667202848,1.8898630932017817,-1.0588640176739113,-0.9841231667202848,2.2393165774178665,-0.3797924069366323,2.424980417435369,-0.7637824406420661,-0.3296721965226606,2.1132569999997215,-1.2817309924282496,1.1776432303055913,-0.7594099871016855,-0.12022653751193302,-0.8045064375761511,-1.0757072777335956,-0.5015376168868131,-0.9921729449595904,1.8898630932017826,0.3303079206757077,-0.30690850214577625,0.4041740906813777,-0.0018139202730771496,0.7187309880819289,1.6991404954856564,-1.046462104374526,-0.9124578532499856,-1.0349598511739022,0.2143613140171505,-0.45641870820213254,-0.9799072717542835,0
-0.9511172751439869,-1.8789184138965422,2.5633389620576255,-0.9511172751439869,1.0595733294569656,4.026737245331487,-0.12521054945326465,0.7426771393507071,-0.9105163501446552,-0.8978604870465134,-1.1570342932555775,-1.7478254706110072,2.7832812444829482,2.4837719897653234,-0.6320605448562927,2.1416029158783263,0.29320265797644024,-0.44156771657571325,-1.878918413896541,0.2780150426747638,2.782824253580378,-1.2944981441116645,-1.8623206155411627,1.2040674777763054,0.5865542835519628,-0.9470878935978806,-1.4419955389782004,-1.3740464699915687,-0.49312273166900383,0.17396197036036776,0.08923144025827445,1
-0.6210583593810077,1.2693822033914488,3.108376997396088,-0.6210583593810077,4.775030280503952,3.061020519590909,3.9998225336214754,-2.2697224243906593,0.5463415259478102,2.1132569999997215,-0.35825472016805404,1.0100810960389752,3.4510124175234993,3.2000335504871495,0.10699328108597932,0.040833994364048234,0.9735532754784946,0.6457176343764688,1.2693822033914515,-0.2449137373346751,3.27292638378369,0.38470483174698367,-1.2802991889019373,1.2609453085060114,0.6421838885969663,-0.5211984188408347,0.33372691424216505,-0.24537737105341564,0.13104487534535342,-0.3063402466184295,-0.7353225328167854,0
-1.0913923143432531,-1.0990586667924667,1.2216452276053393,-1.0913923143432531,-0.30545324603638385,-0.3797924069366323,-0.2002013135290988,1.0056260926833336,-0.7638446661640478,-0.8978604870465134,-1.827529736591332,-0.919801009458465,0.7893641866732418,0.3158267383424004,-1.84133736755433,1.2389686671149813,-0.7467698640692167,-1.0614712522297747,-1.099058666792466,0.5002597741787754,0.27524015675530933,-1.4206799850828637,1.3209095929450168,1.32729302806251,-1.0816176568572164,-0.12725065469056548,-1.7000557961734548,-1.5376278498597824,0.33214982885229954,0.6132580066051643,0.626630858487506,0
-0.45602890149951814,0.7227159826483522,-0.9922546856084122,-0.45602890149951814,-0.4009626391975423,-0.3797924069366323,-0.2987286977157903,-0.16470990063137647,0.3137482986984046,0.607698256476604,-0.10658903650239755,0.5721663478956713,-0.9840778000788099,-0.904534525574886,0.2479468458275483,-0.8029914079428944,-1.0064197265621602,-0.575001498150517,0.7227159826483542,-0.5063781273393946,-0.7425015674252601,0.9612113423008426,0.09845943412918604,1.6082476297121295,0.10045118980043607,-0.43997207571706665,-0.334538611289956,0.587179403623945,-0.3871479777879114,0.39571665484318463,-0.02956427965903883,0
-0.90160843777954,-0.6034524040409637,1.7729090635860882,-0.90160843777954,0.18800001030337518,0.5681238554698818,0.02205813451994949,-0.07754992879230295,-0.7211164236015883,0.607698256476604,-0.9932405947069987,-0.5193342635422146,1.0616636473377015,0.6601538977980002,-0.4335472497485428,1.0774796477069413,0.2430142519582036,-0.8627748990127984,-0.6034524040409613,0.19957572567334803,0.39033874436491,-0.5611594040308144,-0.13171349302146423,-0.6604688523131548,-0.012589278733850918,0.5781906904157316,-0.8019635624323698,-1.3781251332130553,0.032102094086676816,-2.1682604227811004,-2.0918286851353596,0
-0.8438481275210187,1.0509076164003375,-0.4948444339063047,-0.8438481275210187,0.7106434592716834,-0.3797924069366323,0.8480029221086709,-0.00466087028745703,-0.421234398870639,0.607698256476604,-0.8288575987574143,1.436291779175353,-0.6817683471014429,0.3394975119504312,-0.2621641049721849,-0.8111728840366154,-0.3891566957544775,-0.7353038259334354,1.0509076164003388,0.10806318917169627,-0.05278182447156484,1.8386878382019212,0.20610582929632196,0.09822025381400903,-0.2664093730923173,1.0861084588922643,-0.9623927241469931,-0.9902750399277008,-0.1777571122573441,1.6292847806147668,1.4205532661079814,0
-0.4312744828172947,-1.1367773735151474,-0.033306944171534465,-0.4312744828172947,-0.9629275847651331,0.43541557873296977,-1.125087403797719,-0.9488674191159849,0.6133025508746682,-0.8978604870465134,-0.07339132010383004,-1.3153928508170405,-0.04914077740980279,-0.09772006100624157,0.2642269825551969,0.7098998797210211,-0.6406202310190255,-0.18175360128046855,-1.136777373515146,-0.5455977858401025,-0.010894314434958004,-0.894496969926837,-4.4389098525732384,1.0906722525701742,0.7040863382822778,-0.12725065469056548,-0.8561904443700286,0.22010431483289514,-0.8849392436441597,-0.022388478646993518,-0.25208779458992175,0
1.3675466080909418,-1.4916653311071628,0.04075110246364902,1.3675466080909418,-1.0328476688151889,0.13291701801280298,-1.1056977582994252,0.0058466338751811025,-0.25004026800369483,-0.8978604870465134,1.1875019727634073,-1.480676609607443,-0.45213941354766546,-0.10702157448128286,0.6250862815519556,1.4614936681022213,1.140280818509559,0.7546461383541561,-1.4916653311071606,0.9377847766166727,-0.10816281572377537,-1.2672770142174001,-3.595023580330241,-1.1190081202826734,-0.21121420778841352,0.0635290801495019,0.324309684930365,1.2298970623075671,0.04458760973679149,0.8568339920661021,0.9889055804041187,0
-0.7530819256861994,0.7281344211669051,-0.12740298187502405,-0.7530819256861994,0.3657388881352903,-0.3797924069366323,0.49219974858456783,-0.3726859540176168,0.005741961031085152,0.607698256476604,-0.6121285619773095,0.16821469604919476,-0.03801915803832316,-0.3816204699001557,-0.07231813897870312,-0.5336286021250296,-0.469840341565423,-0.8220539629463732,0.728134421166907,-0.03574222533089956,-0.3913221845167301,-0.18691207197296753,0.3341018169745054,-0.08661608357636456,0.46393987487032623,-0.6245289799294302,-0.6885406983337947,-0.7941892080576113,-0.05158529257703197,0.25394099923622376,-0.2425595859280299,0
0.6414169934123877,-1.1236578233507362,-0.07249175057182683,0.6414169934123877,-0.9681250103677319,-0.3797924069366323,-0.8838127715537312,0.8335898380418336,-0.3947570022444491,-0.8978604870465134,0.8344024650936797,-1.0480555240220284,-0.2586247264510544,-0.2581792949551153,0.5617523798532837,1.0520693672203756,0.43283715423035857,0.5358438229543824,-1.1236578233507346,-0.21265853940409324,-0.28902891378923057,-1.0254043063281935,1.0350624740607361,-0.8041333442591654,-0.30725962531986156,0.1365230656535262,1.4113476422007087,0.49091427052401104,-0.36223302014130304,-1.077905694546848,0.014013632226698141,1
-0.18373029599506033,0.16306728892800584,-0.549923119287645,-0.18373029599506033,-0.6502824446703432,-0.3797924069366323,-0.5559267328631835,0.12851320106745465,-0.17241004902370724,0.607698256476604,0.21256143527270568,0.06685645878795542,-0.6170435561342914,-0.8286280731607596,0.3857018489076714,-0.414371293491145,-0.8222168427958483,-0.34980017851173373,0.1630672889280076,-0.9377943708471818,-0.7096738120293835,0.34501505399546695,0.3793098038745089,0.4570115082935756,0.11920555941637019,0.3394259274566747,-0.10478489873213777,0.45261201026225645,-0.7786197238629923,0.619220338968621,0.32527517697881025,0
0.22059187581458917,-0.21509232767712633,-0.4439589953529074,0.22059187581458917,-0.701139935418592,-0.3797924069366323,-0.6083912639828474,0.7105889688429402,-0.17641090367892578,-0.8978604870465134,0.5611697833475173,-0.01596618197764062,-0.48901972541185856,-0.7633649708990747,0.49654483682705575,-0.2628921015696899,-0.9974828382313828,0.10362017299218408,-0.21509232767712597,-0.879392733916128,-0.6526572887709211,0.22150955151787852,0.5943234001062332,0.5407347040775001,-0.8906082468572475,0.04221290865899312,0.22652084749291945,0.9716625890009938,-0.994229491469898,0.7813908746369993,0.5827224695037042,0
2.332968936697656,0.35983154150432445,-0.6849288710497166,2.332968936697656,-0.5424737756721398,-0.3329413732774598,-0.4588859288149581,-0.1581211453600549,0.45951071509488284,0.607698256476604,1.5289640422939963,0.35657202413376304,-0.6627132144505606,-0.7653694317304445,0.6696086246739831,-0.66522287372104,-0.19076166594142888,1.2332989270278052,0.3598315415043263,2.467351458144282,-0.6717404680747352,0.7296722179422813,0.16620710501773087,-1.0555554801282274,-0.7710566341791598,-0.05751737230074984,1.6838792740181423,1.7547366845588845,0.8531083208073373,0.7182232112871862,1.5580631905586106,0
-0.5715495220165608,1.4753566775929134,-1.2661169654237492,-0.5715495220165608,0.8143414929813654,-0.3797924069366323,0.9549776988144388,-0.030219820190986835,0.5234979411421719,0.607698256476604,-0.2764733123538397,1.2940747672050983,-1.1989524654469204,-0.17283753682775188,0.15641194053151478,-0.9960282434875172,-0.5372076325922632,-0.5119204052261889,1.4753566775929157,-0.323353054336091,-0.3834709074168625,1.5155084586760155,-0.1125703980901231,0.746961357183685,0.5298712801425592,0.23821895783438077,0.0747725250113459,-0.050873760123993264,-0.5186532167905575,0.036886209939976385,-0.3280576257906741,0
-0.6540642509573057,0.4846103209474862,-0.11443565170061243,-0.6540642509573057,0.27178138510155914,-0.3797924069366323,0.39527329253425936,0.2603276945062801,-0.09532966600173882,0.607698256476604,-0.41639690200199264,0.3827995798468111,0.11779374544742069,-0.05620410484964113,0.06953438853821782,-0.8039253664010817,-0.7418431355868199,-0.5351531535712296,0.48461032094748674,-0.19262085933373113,-0.2440768969159474,0.08049491130952048,0.48086554478145505,0.7471185355428945,-0.810339259657436,-0.5427845976983852,-0.6478422406133347,-0.36848553995970934,-0.4746906263330744,-0.16101494472736808,-0.6327084550122484,0
-0.8190937088387953,-0.23437510701780326,0.019721841301524663,-0.8190937088387953,-0.4125888586937272,-0.3797924069366323,-0.31072229286937414,0.85897690571224,-0.5414352984273364,-0.8978604870465134,-0.7653498801585239,-0.7053518364540997,0.084368718578932,-0.20852667504025285,-0.20257266110115943,0.17209646612008483,0.6971123555762204,-0.9800657380755551,-0.23437510701780107,0.06884353067098815,-0.24868110193798856,-0.9266416242087221,0.7109988381951874,-1.562755582938311,-0.2002923576817193,-0.6995898592107676,-0.9848323346525367,-1.3621104130622324,0.2517112469273079,-0.6618024770081314,-0.9054353843318337,0
-0.8025907630506462,-0.053221798572681396,-0.7226742799304482,-0.8025907630506462,-0.6586419403948028,-0.3797924069366323,-0.5645503793924946,0.9641940887148887,0.48102053868128364,-0.8978604870465134,-0.7249783213245267,-0.19922736391116233,-0.6530032043718026,-0.9338346318275397,-0.1664566345126604,-0.8352214652817955,-0.6829195601554545,-0.9645045232215997,-0.05322179857267928,0.04269709167051623,-0.7419273515497651,-0.007198749237839355,0.509580187178467,-0.4752504745182454,0.5480838927926488,0.42427621511980806,-0.588861046766875,-1.023847912411082,0.1773548728169847,-1.611146392555143,-1.520126542154077,0
1.8626349817354106,0.10235199178181024,-0.054463780078967225,1.8626349817354106,-0.3955832058909743,-0.27196066280044157,-0.32580312825693614,-0.2775253192111026,0.12899502872163562,0.607698256476604,1.3758845910025708,0.29107656604106463,-0.3439580408738737,-0.5761347181434606,0.651361168620307,-0.20092422979384622,-0.29296648461582153,1.0729602412662562,0.10235199178181248,1.7221779466308311,-0.5280543341400736,0.5640481101892265,0.26159979850275544,-1.0054693238675851,-0.7841428234644722,0.03324658255584212,1.3753359268861283,1.2855095199567328,0.5477818587839797,0.8873438563476884,1.4451653602152847,0
-0.7695848714743484,0.4959951174971691,-0.3216059264573154,-0.7695848714743484,-0.39156313631672846,-0.03436529436476703,-0.3935390838112397,-2.2732254301012396,3.288631029535551,0.607698256476604,-0.6484621753501468,0.04757107702655272,-0.185836799074262,-0.7086457578474489,-0.10157021386213304,-0.7394347433730275,-0.8456871785202842,-0.9040775627373153,0.4959951174971706,-0.00959578633042763,-0.4934769764859715,0.36427423477316634,-0.5138716013934598,0.8863063765654401,0.3508399575816733,0.38688456292927587,-0.8931423727058493,-0.42624584051089526,0.0746705479016653,0.5815106581746128,-0.05833127830465507,0
-0.5880524678047098,-1.5158270929257913,0.3995901227504937,-0.5880524678047098,-0.8330561104483432,0.878244607985593,-1.125087403797719,-0.8039167512920938,0.006358066265013714,-0.8978604870465134,-0.3030577386600485,-1.9241170271640864,0.5063743068211287,0.6917442591198085,0.14075252992532072,0.883806749651443,-0.06259955754764354,-0.2963539499245507,-1.5158270929257907,-0.2972066153356191,0.8712440491834431,-1.5296430868775772,-4.286520741606641,0.8424501584307881,0.5990256293165143,-0.5017442082655142,-1.2595108191453384,-0.05107933598595955,-0.7706484620489774,0.5436173174389863,0.010921511992389396,0
0.17933451134421677,0.032502534887956645,-0.47422266536228413,0.17933451134421677,-0.721097942933869,-0.262664822788701,-0.6644161710968737,-0.4027998424640078,0.666773310006811,0.607698256476604,0.5302921562286327,-0.028172464512007854,-0.5143432413857467,-0.829648130526174,0.48809445656109257,-0.4295744195656841,-0.6875417177622912,-0.1619021449480863,0.03250253488795745,-0.944758831417308,-0.6662536176029806,0.3209396281379494,0.02826808604760227,0.03825038928760708,-0.30662411351512275,0.2214157572585262,0.19050908209327805,0.7396033023330811,-1.0022141895075083,1.196720576089808,0.78546500546185,0
-0.9676202209321358,1.891495937648652,-0.6690860164538005,-0.9676202209321358,2.7257596143364213,-0.3797924069366323,2.9267945154743313,-1.078726640523909,-0.44333654116040433,2.1132569999997215,-1.2176002904233238,1.7711699191250014,-0.24883368726901256,1.027317389100295,-0.7133564657099398,-1.0757072777335956,0.1278840553650012,-0.8774998803582468,1.891495937648651,0.30416148167523577,0.49304179779236557,0.2965291701371432,0.2990061429337133,-0.07048062636893912,-0.08956252562979788,0.7394344264400234,-0.8566049607157308,-1.387104150864236,0.04216883582994799,-0.28706277321430623,-0.6165202409117265,0
0.4103757523783022,-1.6573702167965036,2.1097818110996416,0.4103757523783022,0.425402567041929,2.2434016063566418,-0.23988289495976572,0.7251621645263464,-0.8810902856496907,-0.8978604870465134,0.6929198424212456,-1.3734137235404493,2.03408215770802,1.633730616177833,0.5300284227917955,2.001796807355036,1.576536656438401,1.7221319497180605,-1.6573702167965019,-0.5787086854107006,1.723267696409964,-1.3001482574668832,-1.2334181400904896,-0.6278674558213936,0.35663643042555376,0.17308575956261024,-0.3061587465702647,0.036786063617630246,1.5780085252720775,0.5404060882440866,0.5188751391274226,0
1.730611415430219,-0.40511781935309116,-0.7884152116083807,1.730611415430219,-1.036897575661788,-0.3797924069366323,-0.9547584737298332,0.4912890873111256,-0.1698701861430412,-0.8978604870465134,1.3287461253283481,-0.24942510020461806,-0.9026838580750024,-1.0856153743881045,0.6452061674507028,-0.21706663520886693,-0.5060024287995822,0.4199709450582244,-0.4051178193530889,1.5130064346270555,-0.842616367737762,0.12263044169674853,0.5951258926528978,-0.7904220342634531,-0.4644228832173552,0.040340383097121,0.7864643790100866,1.6282156540819543,-0.13882044741980332,1.1191177590607928,1.2785903505320062,0
-0.6210583593810077,0.31416820197291045,-0.36468289220481986,-0.6210583593810077,-0.1928986071749096,-0.3797924069366323,-0.08409007275944515,0.29086552880286815,0.2136447944293178,0.607698256476604,-0.35825472016805404,0.7290022202772143,0.14289043498849494,0.043584776013046604,0.10699328108597932,-0.8180439072495239,1.6685361848401095,-0.6727681026885681,0.3141682019729095,-0.2449137373346751,-0.0911995365315308,0.8640409453511159,0.4306149205866842,-0.05934933662079727,1.9164303385158368,-0.5211984188408347,-0.7587106730289827,-0.7787115905635511,-0.2745011172118407,1.0027752298408013,0.48711178349750506,0
-0.3570112267706244,-0.6336305884254423,-0.6739101312874981,-0.3570112267706244,-1.1471739382370763,-0.3797924069366323,-1.0685194472063662,0.2356808618638362,-0.39018799801838516,-0.8978604870465134,0.020534390344368065,-0.903807721432568,-0.4703272931305772,-0.5237942300749957,0.3076904668464519,0.1984262698894744,-0.7774925663790135,-0.2932271637623074,-0.6336305884254407,-0.6632567613422263,-0.47537908788214495,-0.6665989416267167,0.6889580767202936,0.67131339287746,0.03602017672545476,-0.4055440293655245,-0.26357440896718737,0.16560931748178756,-0.8449343417218084,-0.3473269014908173,-0.525557593238609,0
-0.8520996004150931,-0.6410457994456287,-1.02512252078161,-0.8520996004150931,-1.2020091624846783,-0.3797924069366323,-1.125087403797719,-0.14671748779066487,0.36217716805988026,-0.8978604870465134,-0.8508766805475935,-0.33516944981723595,-1.1020178156639409,-1.3164331737244268,-0.28364945548350684,-0.26590811335508474,-1.1523653654493704,-1.0847767165320767,-0.6410457994456275,0.12113640867193223,-0.9208853415983351,0.11298631649358216,-1.2802991889019373,0.5004770671960004,-0.635158532970683,-0.7463114269267033,-0.9688401045891913,-0.9224597005098456,0.3518492418659532,-1.460990125819837,-1.4395178264603175,0
-1.1161467330254764,-2.0198388603167325,3.9217296687155314,-1.1161467330254764,2.313896392214516,6.813219231324563,0.3257143064275676,0.8428509675778803,-1.3503195361266394,-0.8978604870465134,-2.0046603387376125,-2.768434759403104,4.235246514665136,4.013982139255286,-2.3058000918431945,2.0364620598779366,0.10797797301820364,-0.6536801639074313,-2.0198388603167308,0.5394794326794833,5.751424026181881,-1.8262436041801229,-2.3331694101257043,3.6381808193110703,-0.32881963316352525,-1.9116022923123728,-1.7300088842251131,-1.5085077506992237,-0.010576527036321138,-1.168007250442749,-1.2758739233115803,1
-0.3817656454528478,0.9398865173675408,-1.1784897117307342,-0.3817656454528478,-0.1306530359112447,-0.3797924069366323,-0.01987761039496534,0.5305110593902291,-0.058390393269873345,0.607698256476604,-0.009883604774659847,0.7592983071519986,-0.9441935377768914,-0.6835234539920214,0.2940227044907096,-1.0133170905409117,-0.9011101791596687,-0.46003756972012755,0.9398865173675435,-0.6240371028415184,-0.6403298478280424,1.0526399902363897,0.02671212020342853,0.8175852839040171,0.03668105507917538,0.44508854982963664,0.30143705268637355,0.3296452013813385,-0.6020327267058516,-0.04956065547687111,-0.3404136668939621,0
0.31960955054348295,-2.016353916671274,2.4384996299082355,0.31960955054348295,0.6443014507945319,3.0346913026742666,-0.2534670045916894,0.9906067327916931,-1.0090618438229513,-0.8978604870465134,0.6318912784698558,-1.8014424716199904,2.826294289022253,2.5414189459329677,0.5150206420577743,2.213660183158175,3.8610944594759093,1.8626918951044888,-2.016353916671272,-0.7225140999132963,2.9586628404918525,-1.5880875673202048,-1.471459755518579,-1.0263200488337918,0.6091500761784358,0.031565983212944626,0.8983004438444792,-0.527188445999124,1.8294555550715368,-0.9019587735950918,0.15761719760059473,1
3.290139792410296,-1.80722567413572,1.1107026098761006,3.290139792410296,-0.2582660925391052,1.3956151843583267,-0.6886620254495498,0.6632501292118304,-0.46204953443473423,-0.8978604870465134,1.786605825650067,-1.708114400499125,0.4742741991678198,0.7591225173437718,0.6950842973915833,1.9729195824766121,2.261294324549864,3.357004816827769,-1.8072256741357189,3.9838449201716553,0.6512354242417929,-1.6033354093843375,-1.6342814184513075,-1.853174887213793,-0.6454510483617821,-0.07219806333018612,1.5494200455865015,1.4406977118121678,3.9885491763528353,0.27981934511661716,1.4646221993638544,0
0.02255652635680167,-0.448106792707492,-0.99091361771191,0.02255652635680167,-1.1248860728977281,-0.11682208897869617,-1.125087403797719,-1.655958214909446,3.0909834235598774,-0.8978604870465134,0.40426597028131683,-0.24986167345452276,-0.6479468413800406,-0.960334797864854,0.45101091683910594,-0.6490389008029823,-0.9910783107144457,-0.27446644678884724,-0.4481067927074898,-1.1931500019217915,-0.7302864423124376,0.323564283321522,-4.741696059983995,0.19059522748818683,-0.5943305790822659,0.06845242814537178,0.1538399340035434,0.425731114700347,-0.8704087848528392,0.07455452087723562,0.15103253530719124,0
-0.018700838113570727,-1.0739128623106788,0.640804623640193,-0.018700838113570727,-0.7636929366655121,-0.3797924069366323,-0.6729208707775046,0.8933328474575308,-0.8425654700952128,-0.8978604870465134,0.36852810085025917,-1.188657254263052,0.6065525140338798,0.5537500240361563,0.4396906783976555,1.6137257248523702,1.9763681584365762,0.34427363354903057,-1.073912862310677,-1.1992587608519012,0.3446498315449255,-1.3741116522010344,1.0905524603285601,-0.6917366179276885,-0.1359476708912024,0.27720238317038004,-0.002019009288486384,-0.2572588755940909,-0.6044890357699675,-0.6213001424055526,-0.34974588949272595,0
-0.8025907630506462,-1.836287934553954,0.9696543940845925,-0.8025907630506462,-0.6586419403948028,1.472953015039736,-1.125087403797719,-0.04071574286574592,-0.639245091329628,-0.8978604870465134,-0.7249783213245267,-1.9621503368292692,1.422380244929669,1.3580063484507352,-0.1664566345126604,1.8101224716880067,0.14007734836482305,-0.40015597891530413,-1.8362879345539536,0.04269709167051623,1.6314302794354367,-1.3272217459705877,-4.186220999479534,-0.25614483101422575,-0.19324011269295066,0.42427621511980806,-1.309846301753003,-1.4115611534161139,-0.6099486610435754,-0.19395773761123908,-0.5404572283132953,0
0.11332272819162094,0.7596101343613207,-0.6405517585254465,0.11332272819162094,-0.19383383475165644,-0.3797924069366323,-0.0850548524916401,-0.9678622074268535,0.954963765621479,0.607698256476604,0.47899293033280466,0.4611836537567342,-0.5198589727935924,-0.5827674166850726,0.4735150053070496,-0.6374725893801645,-0.4818213593461066,-0.1649925731316989,0.7596101343613239,-1.0493445874191956,-0.5721146162367193,0.665505040967806,0.1311572670864463,-0.8879761973786443,-0.6821800734752589,0.23821895783438077,0.6116604250095454,0.10349125835888219,-0.9453444246830264,0.7000434220694846,0.4641628717175367,0
-0.538543630440263,0.1950831673133049,-0.8093494165682563,-0.538543630440263,-0.8585011485198146,-0.3797924069366323,-0.7707249171047611,-0.09119237709167011,-0.22805329949438172,0.607698256476604,-0.22517408209838416,-0.032817324789866334,-0.9827821372638753,-1.183267907336508,0.18557084303961235,-0.46758223475203187,-1.3292178870916576,-0.6892382670082919,0.1950831673133054,-0.37564593233703486,-0.881003076024446,0.3153377048308243,0.2990061429337133,2.328590623938162,-0.9534942215007373,0.2214157572585262,-0.7038237996201495,0.6908906750582416,-0.16577160826730267,0.8224272652704127,0.31239455042511394,0
-0.4725318472876671,-0.3347585568855139,1.2342653984864076,-0.4725318472876671,0.18214734010216233,-0.3797924069366323,0.30280691100295787,0.36931387007643895,-0.8828636953479962,-0.8978604870465134,-0.12929626256851112,-0.7080106954913824,1.22085196075347,0.7911745745805663,0.23652218847480713,0.8734935179283638,0.12155535194669785,-0.023778184129917435,-0.3347585568855125,-0.4802316883389227,0.5975905934574739,-1.6405351274418378,1.0417844496874669,0.3650692659017472,0.6320263267544768,0.19205437519965363,-0.10829992509999285,-0.25368994687498747,-0.914040720674463,-0.6861867762208194,-0.7865676072631668,1
-1.0996437872373275,-0.9104651331790626,0.609052558256484,-1.0996437872373275,0.05631493077608584,-0.3797924069366323,0.17299833693016897,2.6192029221620268,-0.49534552056511044,-0.8978604870465134,-1.8834346834156461,-0.5390796597099697,0.4097975768122988,0.12779692817678284,-1.979861337956267,1.7088652874977752,-0.027829695059456313,-1.1729448147116135,-0.9104651331790622,0.5133329936790114,-0.12450557396027662,-1.283803389484479,1.3869720381982726,-1.5313284597933012,-4.046189749689952,1.4692744947605232,-1.6028112830039587,-2.136942679089568,0.5716050092045526,-2.0561221773931777,-1.7625514442617507,0
-1.1326496788136255,-0.40754904354331917,-0.6084331387957858,-1.1326496788136255,-1.2020091624846783,-0.3797924069366323,-1.125087403797719,-0.06698969252528086,-0.9214386397308293,-0.8978604870465134,-2.1410765888412966,-0.8243477163149014,-0.1757156542524351,-0.526159157239422,-2.7186558467666293,0.24696469075130562,-0.4402428446548609,-1.2258820315979662,-0.4075490435433171,0.5656258716799553,-0.3963600656673477,-0.5273642300573864,-1.2802991889019373,-0.1332725172558916,1.6674416423607483,1.8950145346141487,-1.6538319173696612,-1.869194095352853,0.5769787059181583,-2.260456705696321,-2.263014648363727,0
-0.16722735020691135,1.146918869876252,-0.0545664066155087,-0.16722735020691135,1.560107549805522,-0.3797924069366323,1.7243091369288381,-0.0609338301885333,-0.6917235623779673,0.607698256476604,0.22920156596883096,1.356355311696209,0.286605781547528,0.7661337830688253,0.3918369431678962,-0.8753024340237621,0.3719642380871891,0.3645250276463509,1.146918869876252,-0.9639408098476537,0.43071095009453797,0.48542951399726897,0.4991997765466831,-0.004267687386314124,0.5045878697560967,-0.12725065469056548,-0.4340200240987202,0.1321349199944943,-0.5347051261482986,1.4921515994548682,1.192936225960404,0
0.10507125529754646,1.181208603260508,-0.5645402597515012,0.10507125529754646,0.9714597258748235,-0.3797924069366323,1.1170606938231786,0.06510124419538896,-0.5992825044180261,0.607698256476604,0.4724073673840736,1.4156938689629923,-0.7379198049043154,0.1589579097722197,0.47159316855083033,-0.9153834027657288,0.18211603054015563,0.3441282016345076,1.1812086032605082,-1.0624178069194317,-0.08965989415007108,1.4591919552016064,0.19371912081133652,-0.3993293700822023,0.3463293830132851,-0.31109294462735887,1.5752148510969657,0.38224579734213743,-0.6404464916381827,-0.06026373218330711,-0.07481945670299428,0
-0.05170672968986865,-0.31626632864368076,0.29159021497260457,-0.05170672968986865,-0.46511388869155956,-0.24020199843156348,-0.407139297196507,0.05552595223753098,-0.18585012333006518,-0.8978604870465134,0.3390693515837243,-0.43321633090516104,0.34280725420126207,-0.11843383942336194,0.43007622931039824,0.1926083084848027,-0.44781171927371605,0.09267642142433233,-0.31626632864367976,-1.1469658828509575,-0.13861701266069182,-0.45750649080183164,0.40959407415600146,0.19831669238851624,-0.6805473014224546,0.28828328831725425,-0.08395384235157032,0.4259865341640799,-1.0115258641802936,-0.10454873369857816,-0.14366102833824212,0
0.12157420108569543,0.36564680085175366,-0.7054136281468679,0.12157420108569543,-0.8083119536650678,-0.3797924069366323,-0.7189497992885444,-1.081788564804692,0.6525616866805266,0.607698256476604,0.4855389401058538,0.2503562576022249,-0.7850948910935439,-0.9096190414319669,0.4754138260542041,-0.44209196348933155,-0.6479459251800505,-0.28951864994197224,0.3656468008517552,-1.0362713679189597,-0.75617468870333,0.6886675004317758,0.21126695783173258,0.2559118731276754,0.18250180465919794,0.05438993117512552,0.7843532681761596,0.8326682428672594,-0.81972166185769,0.2806205410358475,0.10584777241765302,0
-1.0253805311906572,0.09985736832131493,-0.3266904174886564,-1.0253805311906572,-0.9885434680922274,-0.3797924069366323,-0.9048764299242381,-1.4533893156255602,0.6995995287679595,0.607698256476604,-1.460806120176158,0.39879839388906657,-0.8303202863683615,-0.798702260257124,-1.089350099658068,-0.13094158595866626,-0.6478862736357576,-1.1575290317721811,0.09985736832131488,0.39567401817688774,-0.7512758131451903,0.9738989013958174,0.31850373962304246,0.07354827335301062,0.7875806176135884,-0.12725065469056548,-1.1886575906416952,-1.4430909116568953,0.46512643479847426,-2.1627393749543926,-2.1772067862216464,0
-0.5137892117580395,1.0383347141594437,-0.703695728777071,-0.5137892117580395,0.5246911210453702,-0.3797924069366323,0.6561746959788828,0.2794033954302799,-0.4960487879918745,0.607698256476604,-0.18822452883698287,1.0984320986826348,-0.6743790423710679,-0.1226859161363351,0.20573908394104592,-0.9287437256797176,-0.2763173332654341,-0.538279939733473,1.0383347141594461,-0.4148655908377429,-0.3162861002891426,1.2360156093520567,0.15094626807412106,-0.40432417958457323,-0.21924288603508532,0.546837741744337,0.5892647549887433,-0.5484083788551086,-0.4800316674459968,-0.9108723427175612,-0.9248222787536824,1
-0.1919817688891348,0.5953592049744723,-1.2734635568329318,-0.1919817688891348,-0.692339132462392,-0.3797924069366323,-0.599312365402121,0.3619779010016039,0.03916259420814065,0.607698256476604,0.20414512015937694,0.3605160342815659,-0.9455091549955614,-0.9552349101889313,0.3825629634722048,-0.9731745669983319,-0.6982248454074916,-0.4006649906161344,0.5953592049744721,-0.9247211513469458,-0.7982130874057475,0.8039631140299653,0.10270830507843476,0.9195300739679553,-0.08573481312060899,-0.3623977697259978,0.1113334042361759,0.7264267756984543,-0.6788410000258542,0.6953744212686088,0.19387156799924338,0
1.3592951351968674,-0.1905970711215908,0.5020386814664711,1.3592951351968674,-0.14612837760340605,-0.25121070572691595,-0.07474357888698312,0.27251207353919904,-0.47984568659315785,-0.8978604870465134,1.184069191385954,-0.2314294117659445,0.3978974269148635,-0.06495863427337807,0.6245640992537528,0.38465609441061693,-0.22980252833633372,1.6492342025634334,-0.1905970711215884,0.9247115571164364,-0.12058425105418427,-0.4097126233488845,0.5607829891246796,-0.48287346769568157,-0.8155379212268131,-0.6057045638320598,1.2603743325393877,1.250914116491751,1.3515482521205158,0.30290182532856985,0.9998704725299702,0
0.08031683661532303,0.1372767202287362,0.21526270231222028,0.08031683661532303,0.015535909235227744,-0.3797924069366323,0.1309307434806541,0.3214454666291253,-0.4975990305040831,0.607698256476604,0.4524085062064113,0.35891477632775937,-0.055438624716094155,-0.2678209728738371,0.46568530000394676,-0.09595026404107629,0.15359353793559394,-0.040684644193210016,0.1372767202287393,-1.1016374654201395,-0.34973476836506523,0.26675718971487605,0.6295584216900124,-0.5579155995210712,0.330451085180971,0.24724289888438333,-0.13833540823850538,0.2593136938702741,-1.1308099642546885,1.2129896718925004,1.2984912682811007,0
0.13807714687384437,-0.7988713263072263,-0.33868652488183654,0.13807714687384437,-0.9190723841183527,-0.3797924069366323,-0.8332101366518034,0.9901937910534137,-0.30785906532505813,-0.8978604870465134,0.4985141808400729,-0.7878131795056003,-0.23838603812863812,-0.35523520689342636,0.47914405379418573,0.5678496061825538,-0.2825951523198272,0.08336877889486373,-0.7988713263072239,-1.0101249289184877,-0.39753079488399906,-0.698514672688474,0.8646786530943086,-0.43880708337194957,-0.17379273545727458,-0.30674164782412094,0.9094473229326764,0.16310086952606928,-1.0532318832227505,-0.9984084400200373,-0.3296543840990089,1
0.1710830384501423,0.1687695389438845,-0.207211361200854,0.1710830384501423,-0.23462705610501564,-0.3797924069366323,-0.12713709445200158,0.7331590972563566,-0.712001594457608,0.607698256476604,0.5240102521332685,0.2724429754974476,0.08084527752075911,-0.1548781895526055,0.48634576515345374,-0.19647446631299664,-0.08332593800513478,0.19037031000512195,0.16876953894388563,-0.9578320509175439,-0.28847782704227887,0.2812453158588461,0.5132107741482039,-0.3596923326708989,0.4221240849528133,-0.30259156705802787,0.7549998881747576,0.40076968251210215,-0.897928835539459,0.24802839185205827,0.17853489573947398,0
-0.711824561215827,0.975470202954976,0.05341398785928793,-0.711824561215827,0.9714597258748235,-0.3797924069366323,1.1170606938231786,-0.807089160883278,0.30892911579748444,0.607698256476604,-0.526264695246237,0.9993494431305694,0.8315758888295393,0.7354395359855695,-0.006944183746786252,-0.6748975903139286,0.30666494337406963,-0.47105403724524075,0.975470202954977,-0.10110832283207938,0.5431627293350845,0.291732572157107,0.37421115873541116,0.9623666960309282,1.1921561063452333,0.7919607949933949,-0.41121976972463353,-0.5196141242021772,-0.5387864168444696,-0.09239586516144171,-0.4563371934525964,0
0.492890481319047,-1.1862386964816818,-0.5899357769366511,0.492890481319047,-1.17381558020643,-0.3797924069366323,-1.096002935550278,0.6119658351521767,-0.4356642973532136,-0.8978604870465134,0.7455826128441179,-1.3252383257087799,-0.839578890996481,-0.4185389520571535,0.5423203872866412,1.0143639932213189,-0.44227783094656925,0.42586093759640375,-1.1862386964816805,-0.4479764904083408,-0.4073018127768335,-1.2026269805547263,0.9901081601824894,-0.13087092488824253,-0.07937223088279798,-0.6995898592107676,-0.02385206631237233,0.9411618586132768,-0.5418105465171181,0.5647370078371223,0.40440472600211186,0
0.6331655205183131,-1.412832187782453,1.8487410126084811,0.6331655205183131,0.23352432818944685,1.8451202177074781,-0.31732662627053976,0.461643956306284,-0.763846769459895,-0.8978604870465134,0.829653406241023,-1.1724634129219709,1.417050388963999,1.039869637160566,0.5607529663588308,1.7544641832166297,1.045469104260275,1.5366335427440418,-1.4128321877824517,-0.2257317589043292,0.998582172350932,-1.0050772597385744,-1.2891006118588761,-0.30645063291933056,0.18934530062774954,-0.2597134400162021,0.5929880239190704,0.8451666769888352,1.2356261425238106,0.33162928770216715,0.3504064581180167,0
-0.3570112267706244,-0.028055021776897653,-0.48771193945034585,-0.3570112267706244,-0.5439864715134529,-0.3797924069366323,-0.4462719247014839,0.9222237858624494,-0.260701821857424,-0.8978604870465134,0.020534390344368065,-0.2351126597660957,-0.5074597465936326,-0.7435758090791157,0.3076904668464519,-0.46897701696070515,-0.5610136773694879,-0.5710021205011361,-0.028055021776896606,-0.6632567613422263,-0.664438083981961,-0.15740230632183128,0.5323742847513525,-0.41309488177497605,0.6328039230159853,-1.5187175280653675,-0.24892674210531465,-0.22158104785889973,-0.4280180311863793,0.18329726597631646,-0.0467260868013029,0
-0.728327507003976,-0.5273845180268361,1.1866141735346951,-0.728327507003976,-0.17470550822100753,0.8939700706721209,-0.4506912963101834,-0.6689604161950725,-0.08465240131435905,0.607698256476604,-0.5598029556315302,-0.741104641269591,1.2891451882496074,0.5380991039593117,-0.031868004178954634,0.6809664304104137,-0.26734734495820983,-0.5011584435514908,-0.527384518026835,-0.07496188383160746,0.658219284915504,-0.45274514768142116,-1.3073884741821375,0.46125549547010936,0.7224184770639067,-0.12725065469056548,-0.5926334814615847,-0.7511437659607653,-0.5164375785507129,-0.6187838605309397,-0.7026559982995428,0
-0.505537738863965,-0.5166984146455817,0.5599124610268218,-0.505537738863965,-0.28246463279411976,-0.3797924069366323,-0.17648628557349308,0.896375424502835,-0.7569286357656857,-0.8978604870465134,-0.17618123023542795,-0.5755208941447658,0.4395739498176054,0.05276390142517428,0.21216632554699685,0.8864983897989501,-0.6954064230697591,-0.20571350919812406,-0.5166984146455794,-0.4279388103379788,-0.04625095175899923,-0.8892386009274794,0.9485040066756477,1.056432558991336,0.36433923622379,0.2060897611288918,-0.24890255621376867,0.10759009994168399,-0.8505775588987068,-0.6672328295273366,-0.8158981538579689,1
1.268528933362048,-0.2386777095234736,0.1419277995669812,1.268528933362048,-0.6355577120053637,0.08642131035807472,-0.6817868812288814,-1.0889954092388154,0.878009823690172,-0.1450811152849547,1.1455772966249504,0.0933204773469729,0.17992784636474435,-0.3386674672826944,0.6185948388644807,-0.2544403691972191,0.7153801555487541,0.7462838032690866,-0.2386777095234727,0.7809061426138407,-0.2552424986606262,0.6093958471445509,-0.7721480812603906,-0.9502699165192504,-0.348722346249498,0.07101063837852349,1.3504346578345647,0.9738459178964228,0.010076066302484157,0.33190727414614374,0.8779094016577542,0
0.11332272819162094,-0.31969020860695435,-0.5262861142997789,0.11332272819162094,-0.9499653305514228,-0.3797924069366323,-0.8650792659711993,-0.10007862750959777,0.25772981082460183,-0.8978604870465134,0.47899293033280466,-0.10883658132363538,-0.2274837468223178,-0.5991437766501896,0.4735150053070496,-0.318756452395851,-0.18914337542114246,-0.27206682019921863,-0.31969020860695396,-1.0493445874191956,-0.5170553203313343,0.24773290332316328,0.5738118924984074,-0.9311141003298467,-0.15847673322936381,0.23821895783438077,1.3560314471384436,-0.09629129199268684,-0.7944762486849983,-1.381190100467084,-0.6189420183959833,1
-0.8273451817328697,-0.7653931842456748,0.7148792578457034,-0.8273451817328697,-0.5123507652167594,-0.3797924069366323,-0.41363656512954955,0.640441389640871,-0.6951827029941875,-0.8978604870465134,-0.7861106502456601,-0.3502029281925308,0.23818126327813643,-0.18981684534947993,-0.22167248285469532,0.9591726737816371,-0.46707501489697534,-0.8301617921810275,-0.7653931842456734,0.08191675017122435,-0.23390872136774504,-0.39828611893415966,1.008549118106252,0.674247300035169,-0.481359230451962,-0.12725065469056548,-1.078678387957841,-0.8752750520888004,-0.038054980240531854,-0.362529321574232,-0.3091328829356506,0
-0.299250916512103,1.5119862899586245,0.5868184299626984,-0.299250916512103,2.6109297925253103,-0.02840965449283832,2.702027452486227,-2.275221875300026,1.5649661919181945,2.1132569999997215,0.08837274399380389,1.5077200999068925,0.5443874771973585,1.3294763250620725,0.3368326498003554,-0.44857832715885804,0.17697835739388604,0.4464759114800315,1.5119862899586254,-0.7547692978438781,0.7434738689568401,0.3068970531951803,0.40740976931453887,0.4133778063967327,-0.17762746021220593,-0.12725065469056548,0.7790385205416575,0.22458702495060345,-0.3471145692109873,0.606465777044915,0.23465779337618514,0
-0.6623157238513802,1.4993411296588754,-0.5742751176134534,-0.6623157238513802,1.6204816855932858,-0.3797924069366323,1.7865910285294186,-0.6459558880768127,-0.18009527174478124,0.607698256476604,-0.43143034660083496,1.4779170139552262,-0.30633100171262334,0.5129464783741957,0.059519337405662766,-0.8920028376662483,-0.0981108989045059,-0.36336170454099853,1.4993411296588763,-0.17954763983349517,0.17661094251352494,1.0220655095184559,0.16047058750953325,1.072113760374697,0.6994133661869751,-0.12725065469056548,-0.050645933769097415,-0.16051220559872179,-0.6675988892946592,0.10280305070452513,-0.4316826161387946,0
0.17933451134421677,-0.5202716153582272,-0.08685604653386682,0.17933451134421677,-0.5836947373479234,-0.3797924069366323,-0.48723492775039473,0.7354221188510018,0.0051913096404471075,-0.8978604870465134,0.5302921562286327,-0.631379570133786,-0.4292512833521284,-0.6351183288253558,0.48809445656109257,-0.08750408288855444,-0.3518000548132526,-0.10703795519430456,-0.5202716153582256,-0.944758831417308,-0.552577426883514,-0.6874615520746691,0.8254412535455969,-0.5085472908139385,0.3186411944953987,0.2214157572585262,-0.5096128221659234,0.32693174957659393,-1.0474249077592155,1.2841987893608058,1.180458368369974,0
-1.0913923143432531,1.7298443374085921,0.06177833433063897,-1.0913923143432531,2.6830664754579314,-0.3797924069366323,2.8827523206996357,-2.0063218853719533,0.842124115823063,2.1132569999997215,-1.827529736591332,1.195137346383296,0.25121981021986367,0.7935132605929286,-1.84133736755433,-0.414371293491145,0.790407314213547,-1.0652524820073712,1.7298443374085892,0.5002597741787754,0.23188596964382524,-0.42482661141279077,0.5246211903388064,0.0846676706975748,1.3105576592941852,-0.12725065469056548,-1.1610350172242094,-1.6885918880433,0.32803800460188914,-1.4549263369627325,-1.6137893379352475,0
-0.6210583593810077,-0.34713379900915503,-0.4540405141254378,-0.6210583593810077,-0.8138897181347673,-0.3797924069366323,-0.7247038149368444,1.0085232540624458,-0.6217346135726879,-0.8978604870465134,-0.35825472016805404,-0.8639688557144808,-0.16481593965905528,-0.2537077490189249,0.10699328108597932,0.12672178452540547,-0.8433056571208721,-0.48766963347948744,-0.34713379900915586,-0.2449137373346751,-0.33098729670010807,-0.8739167032695069,0.6353396858246392,0.9760033187993065,0.16429294414980025,-0.5211984188408347,-0.9129819430381417,-0.07669543172066699,-0.537181539472022,0.12176480616451854,-0.3326178811445822,0
-0.20848471467728374,1.0200198565644414,-0.7384899498005475,-0.20848471467728374,0.1628266158355601,-0.2193183940095453,0.23432522231888814,-2.065707303570332,4.017910842947556,0.607698256476604,0.18711497066059454,0.8220400827285479,-0.5888602669043972,-0.4616476430836078,0.3761368988011768,-0.9194861790936467,-0.4571049483880616,-0.3670702183613337,1.0200198565644463,-0.8985747123464739,-0.44716891406190834,1.0280332556623772,-0.18334326875993368,0.06354133076825336,0.14532414427352255,0.11159956451865236,0.5073648183840215,0.22285196492319495,-0.7562159808145129,0.2527022868539579,-0.019649966717092467,0
-0.8851054919913911,1.6460249891359668,-1.0168431443392354,-0.8851054919913911,1.5872759109100159,-0.3797924069366323,1.7523359881490996,-0.11678157797726534,-0.6423426855425547,0.607698256476604,-0.9436908129401074,1.232125687621592,-0.5234104720871275,0.01177974094896774,-0.3791399022004926,-1.0757072777335956,-0.8691923440110878,-0.7571549710905081,1.6460249891359682,0.1734292866728761,-0.15080847417389948,0.7341394002088885,-0.008081004923218598,2.1991555259958697,0.050655769385638594,-0.8013390511254713,-0.5548093149644346,-0.3141721359691447,-0.07364021419423267,-0.6188246787460716,-0.9023127512972775,0
-0.8851054919913911,1.9393927080901512,-0.6492147010149865,-0.8851054919913911,2.6498607007746613,-0.3797924069366323,2.8484972803193163,-2.2558611675763323,1.6266630035931153,2.1132569999997215,-0.9436908129401074,2.4859436601215754,-0.257518140693895,1.8571080543619989,-0.3791399022004926,-0.7817801736258397,1.2913130679685738,-0.703854174417848,1.939392708090153,0.1734292866728761,1.4227242113509342,1.6470111955973448,0.16739736528074242,-0.09949280558429935,0.7505042939399965,-0.8013390511254713,-0.6464851684000387,-1.2919131620093578,-0.2146579563148835,1.1123578890710986,0.8790294561406844,0
2.2587056806509858,-0.05161195193492276,-0.6775142936295125,2.2587056806509858,-0.8091521098938763,-0.3797924069366323,-0.7198165035235192,0.5915494759080036,-0.408508663113094,-0.1450811152849547,1.5061776988412363,0.15222613316258896,-0.5480486057775199,-0.7163429351167611,0.6670520870949287,-0.3615886093027804,0.2767338018233806,1.012096985038403,-0.05161195193492084,2.3496924826421584,-0.6612698177126507,0.5304810477386737,0.46037569945293383,-1.377080135868454,-0.39134961235892257,0.015162386809768596,1.395435426415826,1.3776036722424743,0.584152036867661,0.5958114219922959,1.31118787917792,0
-0.15897587731283688,1.840448063888632,-0.7279408904895377,-0.15897587731283688,2.213441947794539,-0.3797924069366323,2.398288178177977,-2.3092928069792147,2.3707954788756114,2.1132569999997215,0.23742732114944262,2.1374026399217594,-0.03710369267257688,1.538315381632384,0.3948352975055973,-0.827084727266509,4.687324565324454,0.35772608564240316,1.8404480638886338,-0.9770140293478897,1.070477840881256,1.429290477808126,0.04964214317018946,-0.6558222267686338,0.7383420425292884,-0.3553256760407229,1.3391043141764967,-0.26072588535561514,-0.5391210188580521,-0.42604018585676634,-0.26624526447705055,0
0.2453462944968126,0.011777970754615634,0.15903239363904625,0.2453462944968126,-0.28246463279411976,-0.26781328802597265,-0.21036489693864405,-0.19470932417402348,0.05906676801840734,0.607698256476604,0.5792850037319593,0.10624418424307311,0.5033573844146512,0.006073512998306783,0.5013921978147877,-0.20361586994135306,-0.4106141940759316,0.5149379852417088,0.01177797075461681,-0.8401730754154201,-0.03691404211450193,0.1791397811531237,0.3776295685445788,-0.16358167997247897,-0.753457071351223,0.2060897611288918,0.5258850636563224,0.5246767836056078,-0.3842076543017675,0.24842076608234798,0.4041934835388602,0
-0.37351417255877334,-0.6637072387316187,0.7306455292980352,-0.37351417255877334,-0.47582680025241486,0.001145904123929375,-0.49120908647966155,0.09517484480383807,-0.4078635764318606,-0.8978604870465134,0.00035034286993209003,-1.1504440929691313,0.535190632149104,0.20154861466338064,0.298663782673811,0.7785057621985086,-0.028336646058637133,-0.21680269268049876,-0.6637072387316154,-0.6371103223417544,0.26673464073602554,-1.3312647326681784,0.03794257744205934,-0.5608686670598269,0.7099682595335937,0.15624446530541922,-0.47670484730752094,-0.4328345056240943,-0.9157260415545128,-0.09926994060233353,-0.381678708520941,0
-0.18373029599506033,-0.14158380383210867,0.18935519647915455,-0.18373029599506033,-0.5123507652167594,-0.06625087398678535,-0.5084966769519722,-0.6532602575339078,0.4241619043145296,0.607698256476604,0.21256143527270568,-0.26193404533692577,-0.12064589658557667,-0.5785406460307767,0.3857018489076714,-0.05826730197597928,-0.9671493761062525,-0.07533379782830213,-0.14158380383210703,-0.9377943708471818,-0.45237160021473743,-0.07027873863870907,-0.17860020379532932,1.971040726093128,-1.6010193151362104,0.3394259274566747,-0.34858889356551914,1.166830269202542,-0.8087065349579753,1.2079412807934022,0.9134309954227676,0
-1.058386422766955,2.3113410660499194,-0.9797955426443062,-1.058386422766955,3.778857040005847,-0.3797924069366323,4.013168653250172,-2.857837196136808,1.5995193115498008,2.1132569999997215,-1.6288161028836914,1.6451886824893245,-0.8810519279522712,0.7207611123205598,-1.4026781279481748,-1.0757072777335956,0.0482897305873764,-1.0449283719527893,2.311341066049919,0.4479668961778316,0.05084372177429429,-0.6364403198735098,0.5622236982396551,-0.2923017020230572,-1.5417040905934052,-0.12725065469056548,-0.986507689121416,-1.5580953499637615,0.30648113975687047,-1.3425968281716065,-1.497917683137034,0
-0.522040684652114,0.5304742247660457,-0.11947293414539124,-0.522040684652114,0.27546126162487067,-0.3797924069366323,0.39906944907940795,0.4553657446473894,-0.7379798872490502,0.607698256476604,-0.2004023922306594,0.603051642442495,-0.34641049532366425,-0.4795516911709193,0.19916740993945214,-0.40694055209516244,-0.7063053695775664,-0.5122112690552347,0.530474224766048,-0.4017923713375068,-0.4320623588830663,0.5532176666636219,0.44829371161469506,0.8626139274798251,0.8160139830946795,-0.4680818663711362,-0.30643079944239415,0.14946487447641507,-0.5168328850852266,0.09792968285185252,-0.22382097115451594,0
0.2948551318612595,-0.39885501539802,0.4788285086022598,0.2948551318612595,-0.2482262726460671,0.3790448137664547,-0.37074768478430536,-0.3108096593665967,0.3491071511540448,-0.8978604870465134,0.6146364485511062,-0.5600733685021443,0.038762451980871665,-0.42309972530179046,0.5106228107595016,0.2610356691394427,-0.7178555141116557,0.43465956842504205,-0.39885501539801804,-0.7617337584140043,-0.30630778814244725,-0.38018330574817544,-0.5761644628936372,0.3542191189665018,-0.07763491566614317,-0.12725065469056548,0.2610790571081973,1.0405483074114823,-0.5123985142175158,0.7670618757835422,0.3541003846587447,0
0.476387535530898,0.23905735741692288,-0.9750215098496537,0.476387535530898,-0.8320019588710964,-0.3797924069366323,-0.7433883824170185,-0.025205645782826566,0.4635263874442992,0.607698256476604,0.7352516605902557,0.015673938319834966,-1.230080555729038,-1.3157555233693456,0.5399556474504932,-0.8237697599269478,-1.0746326115334628,-0.2160391751292533,0.23905735741692513,-0.4741229294088128,-0.968920797130439,0.41012478830190474,0.2803003268206007,0.2954565599666937,-0.17379393314615116,0.16164437235296417,0.17962278682763996,1.330779735200175,-0.7681246967433386,1.1147800706418474,0.6588181073270153,0
-0.8686025462032421,0.6143336492271815,0.47618107775769014,-0.8686025462032421,0.45121451323558115,0.4874501310097529,0.3179972760540289,-2.195031879270261,2.357654134825127,0.607698256476604,-0.8962960640698678,0.069851048437447,0.16730436570561988,-0.5526899186090208,-0.3293629672097236,-0.5128681422081057,-0.7097641469112956,-0.8954243638231999,0.6143336492271833,0.14728284767240415,-0.28432788144124604,0.2978922265479607,-0.6657278833007337,1.1330640155729592,1.454144483192157,0.5181531291300857,-0.8608234739382045,-0.46919438048492423,0.07164890621777817,-0.6138635391921924,-1.1402454650669795,0
-0.7200760341099015,-0.7363787944589973,-0.3341903725184275,-0.7200760341099015,-0.834191350608455,-0.3797924069366323,-0.7456469565080286,0.8386792656221329,0.1620413251516989,-0.8978604870465134,-0.5429048270322697,-0.2730816565222356,-0.6441778167173575,-0.9742810428750743,-0.019214372267235862,0.14522069317554398,-0.6331990519736369,-0.9385812844578845,-0.7363787944589962,-0.08803510333184342,-0.731636569551039,-0.08420495962107999,0.8599615886676877,-0.3589610635399603,0.6993294746215566,-0.5939272368378057,-1.2234650269901168,-0.9832365994033622,0.13514707762661637,1.6773768759529877,1.0101490613641018,0
-0.0021978923254217684,-1.07176223429579,0.3719386092889008,-0.0021978923254217684,-0.8481055112550885,-0.3797924069366323,-0.7600007892180005,0.7148500788619537,-0.6215445478743044,-0.8978604870465134,0.3829641710735396,-0.721080291854928,0.2165242838680139,-0.01795457676906647,0.44430814407772434,1.143248985185153,0.7730180052747513,-0.20018709644625207,-1.071762234295789,-1.2254051998523732,-0.14748401034800052,-0.6595293952837271,1.0536858469577421,-1.2133584487311613,-0.2208783329331466,-0.12725065469056548,0.1948636318228177,-0.3412949577158739,-0.8802978122409811,-0.7540137216621013,-0.04257681539534343,0
-0.10121556705431552,-0.748813532939002,-0.6041817657274707,-0.10121556705431552,-1.1593160236061881,-0.23421955235277483,-1.125087403797719,-0.2691328313444972,0.11054060608698281,-0.8978604870465134,0.29333226143431224,-0.872109062366819,-0.8524085842569527,-0.7163533525341464,0.4146244361344505,0.3414412599287984,-0.5933615852397897,-0.30577066638991157,-0.7488135329390011,-1.0685265658495418,-0.6676243984585484,-0.5497745954618686,-4.552528941194509,0.49216087926603164,-0.011976135719461111,-0.12725065469056548,-0.4246185537393687,0.5981479766661031,-0.8383822473104134,0.3744809301347604,-0.029705577395569407,0
-1.1821585161780723,1.604115314999655,2.3318797135133558,-1.1821585161780723,4.110914786838548,1.8846742199233733,3.670618249446979,-4.020419563501537,4.604388892473331,2.1132569999997215,-2.697829277383539,1.695230230682178,2.4392920349813685,2.7243812229938267,-5.0581717913327715,-0.3408895174642061,1.8787188414003329,-1.186142760954571,1.6041153149996568,0.6440651886813713,2.3468041857530126,1.9439111245783711,-0.8854728559430247,-1.2593985678016304,-2.7806213106595763,-3.497692636865091,-1.612559554702741,-2.394928215733566,0.5664757581644956,-1.8335738610678898,-2.091914825117597,0
0.2535977673908871,-1.07535565437111,2.2640391166378233,0.2535977673908871,1.0189672425602772,2.4043878719896044,0.3237323368780796,0.29297225654088477,-0.7550384163706956,-0.8978604870465134,0.5852571136524041,-1.250841072639437,2.236143204664342,1.6779451034275157,0.5029726670621514,1.4178546300658081,0.4071344334733343,1.6880281657624296,-1.0753556543711076,-0.827099855915184,1.8493773504753777,-1.3943376668727105,-0.8627863300765025,-0.09041905328855337,-0.49700188611356333,0.03850878705572279,0.39781873986523686,0.19526271926022307,1.5553509673434611,-0.16901627524501506,-0.08526328408615823,0
-0.7200760341099015,-0.5622924557389328,-0.20504825740335836,-0.7200760341099015,-1.1100547095156224,-0.06625087398678535,-1.125087403797719,-1.531944849157347,1.0105639298233895,-0.8978604870465134,-0.5429048270322697,-0.1547680553719884,0.23212760056383985,-0.2607127529320777,-0.019214372267235862,-0.1600112995517409,-0.5700331418029385,-0.7044722600545706,-0.562292455738931,-0.08803510333184342,-0.2478543446254838,0.43881991485948807,-4.68567631067256,0.5156172731213985,1.244755510924032,-0.5939272368378057,-0.668868323914864,-0.7400320685652052,-0.23006271710618814,-1.2419066989313527,-1.1397837829278505,0
-0.9511172751439869,-0.5536665560726233,0.3396344208557161,-0.9511172751439869,-0.7173843427828974,-0.3797924069366323,-0.6251489766254918,0.45820530725839675,-0.69755019292596,-0.8978604870465134,-1.1570342932555775,-0.4752431899789046,0.3945190715098065,-0.11853066512395195,-0.6320605448562927,0.8904267294736901,-0.04842054384599779,-1.0082068135357454,-0.5536665560726226,0.2780150426747638,-0.1188421926276727,-0.3916454623598297,0.7944744823331332,-0.5922190134413442,0.9610219181200945,-0.9470878935978806,-1.0923093497531335,-1.5343100234022629,0.2504480346784921,-1.8353650195769429,-1.37304686469045,1
3.5541869250206792,-1.1951346178785403,-0.5670049372105734,3.5541869250206792,-1.048225986421506,-0.3797924069366323,-0.9664448497207687,1.170152323809018,-0.07903904567027502,-0.8978604870465134,1.8481336619021536,-0.8391073875653247,-0.7421250124188752,-0.7360124279448649,0.7003280036113281,1.0001844052229816,1.680455430806412,1.549031613457123,-1.195134617878539,4.4021879441792064,-0.6299461000517625,-0.6448920221183505,1.0441713347153232,-1.8426533984485503,-0.7667086205052176,-0.0752198179160041,1.0437627115954276,1.7462269302020321,1.5703819055598727,0.6813879995541666,1.794669301659092,0
-0.7200760341099015,-1.2876522004058708,1.311873244266748,-0.7200760341099015,-0.742236897639399,-0.06625087398678535,-0.7456469565080286,0.48856064976171865,-1.0041742773837872,-0.8978604870465134,-0.5429048270322697,-1.558363083505855,1.1335280161222006,0.8732091636770383,-0.019214372267235862,1.5696366592362068,0.4252865616453556,-0.43669574743919454,-1.287652200405869,-0.08803510333184342,1.008438987068541,-1.6637614850558013,0.08843209868895971,0.8957094690480005,0.9795997835866728,-0.5939272368378057,-1.0677854003223552,-0.34945401412165017,-0.5820352612582018,-0.3291100528624134,-0.9981269342097424,0
-0.3900171183469223,0.5084766911503569,1.2284392573929912,-0.3900171183469223,1.1318824295394534,0.5906932902890845,0.9889379453876987,-1.268958633742454,0.41960175780127273,0.607698256476604,-0.020214558118430776,0.276996825794667,1.3815079825637995,0.7359737192349796,0.28929322481840775,0.058011552396319686,0.2978380892691626,-0.1237989833430742,0.5084766911503577,-0.6109638833412825,0.6892756647749968,-0.08325889558941539,-0.17847692233163803,-0.4158360262471814,-0.9506128627952564,-0.4161456817340951,0.6380992016510885,-0.43491425420981195,-0.9778769344772404,-1.1033510030082057,-0.8636746270577574,0
